id,yq,arb1,lewspread_avg,lewtspread_avg,lBP_Ratio,ni_at,lcash_at,capx_at,llev_dif,llnsize,latgr_p4
001078,20131,0,.72026628,1.21,.54090065,.81008619,22.568598,.40821779,3.7280858,11.115949,10.924428
001078,20132,0,.99034619,1.9,.40716812,1.1158979,19.953125,.6803515,-10.328451,10.66164,-37.993313
001078,20133,0,.99070156,2.25,.4107917,2.2515726,21.894777,.64437163,-6.6284342,10.666705,-36.592056
001078,20134,0,.99825925,2.6750002,.45939493,1.3346181,19.49921,.68806243,-7.6210723,10.694951,-36.002151
001078,20141,0,.795416,2.665,.43258017,.87304729,18.853165,.59367216,-10.135844,10.667862,-44.808662
001078,20142,0,.72178441,2.5799997,.39361453,1.116125,16.914694,.61926937,-7.7608185,10.637344,-2.4295914
001078,20143,0,.71715903,2.4425001,.38421401,1.2947558,17.027124,.66787225,-9.2723446,10.632846,-3.3858981
001078,20144,0,.7366311,2.4325001,.36598057,2.133415,11.471515,.67507172,-6.7637963,10.657589,-3.7362521
001078,20151,1,.97316539,2.135,.31753612,5.5529981,10.805573,.56935191,-7.0477886,10.628013,-3.9849505
001078,20152,0,.82755965,1.85,.31288373,1.8192365,22.85416,.50121826,-5.258399,10.671163,3.3817537
001078,20153,0,.94972664,2.0914285,.31488392,1.3144476,25.330311,.93144476,-6.6100001,10.694782,6.1935678
001078,20154,0,1.1361529,1.89,.35216966,1.8382264,14.713001,.59436786,-6.5239639,10.638856,-1.8732963
001078,20161,0,1.0044919,1.7042856,.31661448,.76611632,14.849565,.58913374,-4.9959478,10.627334,-.0678607
001078,20162,0,1.0823354,1.3485715,.33625573,1.5515807,9.9830961,.62315518,-5.8805556,10.587519,-8.3643961
001078,20163,0,1.0447435,1.0466667,.35799399,-.82598978,11.142075,.78330952,-6.7430301,10.592401,-10.238101
001078,20164,0,1.0838315,1.0771428,.33420148,2.0204065,11.410994,.80765623,-6.4946947,10.58398,-5.4875751
001078,20171,0,1.368886,1.5892308,.36317384,.79557967,35.649185,.51646221,11.745748,10.871725,24.439171
001078,20172,0,1.21244,1.4094445,.40867656,.39922693,12.498765,.35972744,7.5176983,11.168842,58.132404
001078,20173,0,1.0940475,.95166665,.37464625,.84749341,13.822715,.36963642,7.9871268,11.17256,58.015888
001078,20174,0,.98294783,.92166662,.34550765,-1.1460525,15.500775,.47752187,7.9785051,11.18786,60.387993
001078,20181,0,.92354816,.92117649,.31103498,.54819673,12.603278,.36065573,11.318618,11.241773,37.004734
001078,20182,0,.94387305,.95294118,.30006596,1.0337338,5.7003441,.4202629,4.6885877,11.169139,.029620226
001078,20183,0,.99771506,.864375,.28596163,.82291895,4.7708836,.51743037,3.8091481,11.133348,-3.9212279
001078,20184,0,.78332239,.75937498,.23858395,.91293603,10.539247,.65189779,6.1257181,11.179367,-.84929448
001078,20191,0,1.1889503,.45750001,.24027915,1.000402,6.0828013,.4987123,1.3256371,11.115026,-12.674603
001078,20192,0,.99617457,.20727271,.22024438,1.4879456,4.8232512,.69220531,.65354109,11.121511,-4.7627358
001078,20193,0,.95114923,-.083636403,.21356411,1.4029549,4.9337249,.58602595,.17118454,11.133523,.017538475
001078,20194,0,.89535964,-.1063636,.21515682,1.5305156,6.3248663,.63321614,.013890862,11.135159,-4.4208775
001078,20201,0,.60096753,.35818183,.20238517,.83079237,6.0983696,.53029299,-1.2140363,11.1256,1.0573176
001078,20202,0,1.509234,.64099997,.21715742,.80416912,5.4929094,.96140885,-1.5997767,11.109114,-1.2397192
001078,20203,0,.79137337,.62583333,.18907346,1.7913226,7.3237753,.72118181,-3.1050115,11.13861,.50873631
001078,20204,0,.69817656,.57999998,.1628861,3.1313818,6.8522511,.98344505,-6.2674613,11.142485,.73265725
001078,20211,0,.46998119,.76666665,.16894099,2.471467,9.852787,.54722393,-6.4505486,11.192003,6.6403852
001078,20212,0,.5494504,1.3383332,.15808758,1.6335783,11.50237,.5674246,-6.9798288,11.195265,8.615118
001078,20213,0,.41461182,1.3781818,.16408823,2.8661509,12.207072,.62918836,-6.8433342,11.201893,6.3282752
001078,20214,1,.47690299,1.2190909,.16436601,2.6953046,13.13368,.83203465,-6.8754091,11.209046,6.6561484
001078,20221,0,.53529954,1.3572727,.14385898,3.2541625,13.629714,.42688441,-4.5558424,11.227854,3.5849626
001078,20222,0,.77529681,1.7827272,.16959576,2.726769,11.023281,.51211369,-8.525506,11.211915,1.6649793
001078,20223,0,.81741971,1.7127273,.19181049,1.9339101,12.519878,.62936306,-7.5265112,11.214546,1.2653505
001078,20224,0,.62167519,.62727273,.21053651,1.4189365,13.608329,.83790058,-6.8388925,11.195485,-1.3561287
001300,20131,0,.66092175,1.2628571,.2684755,2.3080783,11.072085,.35361862,-14.575588,10.641919,5.0095582
001300,20132,1,.75666916,1.7871429,.23934723,2.4425838,10.858851,.46889955,-3.9137528,10.640652,3.4809403
001300,20133,1,.78061831,2.1557143,.23390044,2.3478632,10.788313,.48143053,-13.805289,10.649369,4.8394189
001300,20134,1,1.056628,2.2728572,.24165151,2.1325948,12.383462,.90077919,-12.598409,10.70113,7.7999277
001300,20141,0,.81939214,2.3212502,.25534189,2.2383626,14.134479,.4225817,-11.816199,10.724038,8.2119255
001300,20142,1,.68526679,2.2449999,.25897881,2.400769,14.575005,.50025123,-1.0864258,10.731537,9.0885448
001300,20143,1,.62695581,2.1862502,.27006805,2.5045068,14.125676,.55584174,-11.738131,10.74927,9.9900494
001300,20144,1,.81496483,2.04125,.27497849,2.0701156,13.919145,.89647257,-11.493674,10.740324,3.9193861
001300,20151,0,.82394481,1.8075,.23487888,2.4553916,15.310994,.36302832,-11.365056,10.72439,.035208944
001300,20152,0,.74545938,1.6962501,.22692201,2.6324492,14.496109,.53574973,-.15424341,10.72232,-.92172623
001300,20153,0,.7904582,1.96875,.24304812,2.7234337,12.82858,.5968284,-11.147676,10.745314,-.39566541
001300,20154,0,1.0121294,1.6850001,.25361946,2.5608578,14.076139,.83217156,-8.9722347,10.749892,.95684201
001300,20161,1,.87680167,1.6125,.24040346,2.4657314,11.061319,.39338145,-7.3661523,10.806004,8.161375
001300,20162,0,.91089475,1.27625,.22409283,2.6188822,8.8811674,.55792713,5.3190217,10.827052,10.473197
001300,20163,1,1.0028776,1.1385715,.2234465,2.4227741,9.857173,.53535491,-5.330348,10.843123,9.7810316
001300,20164,1,.90513211,1.1071429,.22624516,1.9306895,12.007992,.64605272,-3.1033845,10.888483,13.859097
001300,20171,1,.71035063,1.506,.22773765,2.4489343,14.484911,.31027225,-2.8050156,10.89944,9.3435535
001300,20172,0,.60720795,1.4399999,.22244868,2.5411198,17.515837,.42534551,6.9808497,10.911062,8.401042
001300,20173,0,.60559672,.99777776,.20891748,2.4179063,17.642094,.38082922,-1.3035327,10.927161,8.4037104
001300,20174,1,.62695605,.91777778,.20382987,-4.4373589,17.915022,.73633033,-1.340577,10.946728,5.8244953
001300,20181,0,.32257938,.83999997,.17635894,2.4214053,18.214424,.23574182,-.93771815,10.991831,9.2391243
001300,20182,0,.32923636,.92500001,.16995145,2.0788214,16.866837,.32650784,3.1437426,11.017776,10.671413
001300,20183,0,.51685828,.80272722,.1710868,3.9074507,16.455061,.30571336,-2.4448216,10.999763,7.2603025
001300,20184,0,.25288084,.70833331,.1487579,2.7790787,18.817318,.49413019,-2.1469712,11.033711,8.698349
001300,20191,1,.86952466,.49375004,.18481323,2.4509718,18.884254,.24405864,-3.0715704,10.964277,-2.7553809
001300,20192,0,.68756878,.24249998,.16282146,2.631489,18.244535,.29200822,5.9748888,10.977807,-3.9969172
001300,20193,1,.80053145,-.053750053,.14036278,2.8121212,17.217316,.33246753,-3.534019,10.963879,-3.588515
001300,20194,0,.46784967,-.12083331,.14594127,2.5988286,20.571011,.55736721,-1.3143927,11.003832,-2.9879878
001300,20201,1,.35039887,.29833332,.15000117,2.69432,17.750813,.23688202,-4.6384425,10.979837,1.5560373
001300,20202,1,1.485041,.54909092,.18584366,1.8825537,15.309464,.39531887,4.5574098,10.958182,-1.9624363
001300,20203,0,.72638869,.55571425,.17666499,1.191749,23.783094,.3914848,.93144476,11.060431,9.6553011
001300,20204,0,.5088042,.43733335,.15635319,2.1415401,23.649916,.4585638,-.060752034,11.058149,5.4317636
001300,20211,0,.42681396,.67533326,.11834616,2.2094572,23.565479,.34217942,-1.660499,11.075753,9.5915756
001300,20212,0,.43578628,1.0157143,.11955165,2.2498074,19.917873,.29105899,3.6722898,11.059755,10.157257
001300,20213,0,.39295247,.98799998,.11870124,1.9657519,19.26343,.32527953,-2.2476764,11.065779,.53469777
001300,20214,0,.4020263,1.1925001,.12269189,2.224611,18.906078,.43775606,-1.0254234,11.069618,1.1468986
001300,20221,0,.57687557,1.3153846,.12977612,1.7589576,17.873428,.28385296,-3.3317029,11.073956,-.17976697
001300,20222,0,.76486373,1.7361538,.13880728,1.990466,15.428084,.24940017,5.7058425,11.056461,-.32935977
001300,20223,0,.83725256,1.6453848,.15064767,2.4928522,13.908252,.29554436,-2.2705169,11.039042,-2.6736298
001300,20224,1,.69754124,.54153848,.15851933,1.6902484,13.211803,.39975452,-4.1840196,11.006872,-6.2746525
001380,20131,0,1.4823065,1.585,1.1431681,2.9373174,1.4778665,3.4736772,-14.934742,10.679159,10.436094
001380,20132,0,1.9910643,2.29,.91811347,3.3766725,1.0476887,3.4734185,-15.927588,10.654408,4.1727924
001380,20133,0,1.7624129,2.6166666,1.0505179,1.0138071,1.7500242,3.3962536,-17.229042,10.631712,1.9844147
001380,20134,1,1.6999364,3.04,.90181601,4.5947108,.7661829,3.4657247,-15.112337,10.642945,-.75141841
001380,20141,0,1.3632166,3.0500002,.85139489,.90283948,4.242878,3.3774619,-18.485188,10.663218,-1.5940938
001380,20142,1,1.2412143,2.9099996,.92915684,2.2474895,3.1093087,2.1823096,-17.687775,10.631616,-2.2792532
001380,20143,0,1.0113902,2.7400002,.77928609,2.4542863,5.3687515,3.3162084,-16.181065,10.623057,-.86547041
001380,20144,0,1.1445614,2.6849999,.84076887,-.019524099,10.054912,3.8169615,-14.829027,10.620717,-2.2228231
001380,20151,0,1.9694462,2.3474998,1.0077983,-1.0083468,6.3352165,3.2064908,-14.858198,10.560437,-10.27806
001380,20152,0,1.9552644,2.1199999,1.0989906,-1.5705936,4.1716294,3.2852278,-16.32658,10.494076,-13.753986
001380,20153,1,1.8737386,2.4799998,1.0882354,-.78463358,2.6182575,2.7082512,-17.990723,10.47892,-14.413712
001380,20154,0,2.6253679,2.0925,1.4645662,-4.9950624,8.2647581,2.5647354,-17.808256,10.503861,-11.685607
001380,20161,0,3.0240579,1.97,1.3616456,-1.4885217,7.9426818,1.8131306,-15.803708,10.439835,-12.060273
001380,20162,0,4.0372753,1.5425,1.3142722,-1.1261779,10.218915,1.7668352,-20.922846,10.457603,-3.647332
001380,20163,0,3.1644344,1.3325,1.1213665,-.99024361,9.04072,1.5452474,-18.039627,10.440974,-3.7945862
001380,20164,0,2.7971961,1.4466667,1.2397482,-14.196582,10.241156,1.4132737,-16.114162,10.447525,-5.6335845
001380,20171,0,2.2645009,1.9849999,.79488611,-1.1320359,9.5454388,1.3626359,-13.300278,10.261896,-17.793871
001380,20172,0,2.3065152,1.6833333,1.0008143,-1.5978647,9.5587187,1.7081851,-31.497747,10.243525,-21.407766
001380,20173,0,2.4526942,1.2166667,1.0679018,-2.2447658,8.964673,1.8454565,-12.87953,10.232719,-20.825523
001380,20174,1,2.4323869,1.1566666,.920241,-10.06391,9.4962406,2.0827067,-11.870852,10.188666,-25.8859
001380,20181,0,1.9727538,1.0549999,.76101601,-.45863622,20.97179,1.7307026,-7.6951475,10.048107,-21.378876
001380,20182,0,2.2077117,1.2,.69155866,-.58898151,16.881115,2.2335992,-17.353327,10.002065,-24.145975
001380,20183,0,2.272953,1.04,.50446963,-.19567649,13.548267,2.5158405,-6.5337033,9.9741325,-25.858698
001380,20184,0,2.1695578,.91000003,.46961385,-.018633252,13.993571,3.0931196,-6.4945965,9.9742718,-21.439434
001380,20191,0,3.0103714,.54399997,.83753908,.14930248,12.569402,3.1306863,-6.4163866,9.9726868,-7.542017
001380,20192,0,2.4740973,.30399996,.53485316,-.027629398,10.591269,2.8734574,-1.6331077,9.9858046,-1.6260521
001380,20193,0,2.5816512,.067999944,.5034833,-.9771837,10.177461,3.268034,-2.9136271,9.9848375,1.0704707
001380,20194,0,2.3490491,-.015999954,.50605458,-1.0263048,8.6126394,3.8139708,-3.5111964,9.981883,.76105988
001380,20201,0,1.9502667,.45599997,.4493205,-11.169773,7.0930123,3.7553945,-2.7018218,9.9888391,1.6152151
001380,20202,0,6.9147868,.74200004,.74067813,-1.5446252,10.040064,2.7948062,4.2395411,9.9387102,-4.7094693
001380,20203,0,3.6051414,.78200001,.42191568,-1.2432212,8.4211607,2.1794741,-4.6927748,9.8805256,-10.431116
001380,20204,0,3.1409972,.76599997,.49572822,-.51136065,6.77421,1.971638,4.3578444,9.8505611,-13.13214
001380,20211,0,2.3700678,.98799998,.35211539,1.33893,9.2396784,2.0455875,5.9466271,9.8427286,-14.611067
001380,20212,0,1.9632711,1.528,.27345043,-.38520396,9.846446,1.873252,4.987711,9.8496122,-8.9097919
001380,20213,0,1.521714,1.436,.21558541,.60002089,12.678702,2.5983512,6.191051,9.8608932,-1.9632787
001380,20214,0,1.5508914,1.3160001,.24619077,1.3596716,12.411493,2.6115959,5.4272442,9.8776569,2.7095447
001380,20221,0,1.5910904,1.452,.29146382,2.0326591,13.22447,2.6614671,4.5358925,9.9289112,8.6183052
001380,20222,1,1.7829382,1.85,.2028037,3.3690269,6.9198904,3.3488233,5.3262415,9.8933363,4.3724222
001380,20223,1,1.9198092,1.836,.23290227,2.4315393,10.193579,3.4135978,3.965497,9.9608126,9.9919462
001380,20224,0,1.8467083,.67399997,.24190295,2.2963545,11.015109,3.6640022,4.0441036,9.9824371,10.478056
001440,20131,0,.83914131,.82333332,.73784089,.66768444,1.1091287,1.6370224,6.9405675,10.903513,4.0234342
001440,20132,0,.90851349,1.3000001,.66318238,.61961502,.8065995,1.4775436,6.3874393,10.906873,3.0676565
001440,20133,0,.96242821,1.6999999,.71940875,.7875734,.75483364,1.6278943,7.5962725,10.914706,2.8747368
001440,20134,0,.98772877,2.1850002,.75714606,.6295144,.79144156,2.1596346,6.2569976,10.914415,2.0587828
001440,20141,0,.66245764,2.1700001,.71180391,.99266142,.83489913,1.6946148,6.6690893,10.940473,3.6960001
001440,20142,0,.4535135,2.1299999,.67636573,.68375468,1.0554367,1.7269188,5.7111115,10.951473,4.46
001440,20143,0,.30631009,2.0999999,.61321682,.85560566,.98403329,1.8517876,5.675313,10.961625,4.6918435
001440,20144,0,.91978759,1.53,.66008294,.32939145,.8839016,2.1441519,4.805377,10.966905,5.2488837
001440,20151,0,1.0145907,1.395,.58286607,1.0551205,.92063117,1.8932471,5.9466095,10.995964,5.5491757
001440,20152,0,.83690101,1.3100001,.63483113,.71587998,.80449051,1.8405011,3.8845003,11.002733,5.1259985
001440,20153,0,.94743806,1.505,.67986459,.85168529,.90419769,1.8083954,4.5888572,11.017612,5.5987225
001440,20154,0,1.5011805,1.08,.63725114,.76777035,.80688715,2.0687737,3.685102,11.02025,5.3346429
001440,20161,0,1.1762047,1.11,.63534826,.81254017,.91305393,2.0248659,4.0119529,11.029765,3.3800874
001440,20162,0,1.2843487,.83999997,.56602824,.80353355,.72799724,1.7859857,3.5378842,11.042706,3.9972837
001440,20163,0,.97325927,.67999995,.54037148,-1.2094679,.87448728,1.8156233,4.4662952,11.055911,3.8298481
001440,20164,0,.86626548,.59499997,.52965486,.60772759,.79977864,2.2704339,4.7192097,11.025849,.5598141
001440,20171,0,.75711548,.90500003,.5618546,.9330731,.85429281,2.1577907,3.8057299,11.058287,2.8521128
001440,20172,0,.79450595,1.27,.53995889,.60750091,.7290011,1.911279,4.3416114,11.030498,-1.2208037
001440,20173,0,.68891603,.78999996,.53022265,.86819863,.78101212,2.0754204,5.2973776,11.046741,-.91705769
001440,20174,0,.64252156,.76999992,.53220206,.62643731,1.0233737,3.0452638,5.3323956,11.06609,4.0240855
001440,20181,0,.54786682,.82000011,.50977147,.70200264,.88723618,2.9810393,7.6500864,11.077966,1.9679753
001440,20182,0,.70977634,.88333338,.549972,.80537117,.73830771,2.0088553,9.5067472,11.091475,6.0978007
001440,20183,0,.84000367,.83999997,.55075437,.86376423,.82308835,2.193656,9.0022888,11.110507,6.3767076
001440,20184,0,.67512482,.75666672,.54122937,.53743559,1.6291665,2.4291086,8.7548141,11.12162,5.5530849
001440,20191,0,1.0358496,.37,.51796818,.83252424,.87670851,2.3222895,8.6044607,11.139,6.1033573
001440,20192,0,.80340922,.065999985,.4650633,.65227222,.75224113,2.0116794,9.6726532,11.166512,7.5036197
001440,20193,0,.79535711,-.21400002,.44228628,1.0110269,.77918673,1.9399036,10.992816,11.192031,8.1524048
001440,20194,0,.67345184,-.19,.42728576,.20771115,.93124968,2.3217642,11.08005,11.210478,8.8856955
001440,20201,0,.67485499,.19500002,.4198173,.65250361,.8371073,2.3638763,11.836926,11.23707,9.8070784
001440,20202,0,2.6749437,.5383333,.49918962,.67006332,2.3879368,1.9152384,14.123732,11.26092,9.4407396
001440,20203,0,1.1104954,.44999999,.50773746,.96215141,.89583164,1.8973122,10.212967,11.261958,6.9927149
001440,20204,0,.9620018,.44166663,.50426692,.55344242,.85500824,1.9789221,9.7061996,11.273262,6.2784886
001440,20211,0,.67288262,.50124997,.49826837,.7120108,.79138458,1.9175999,10.398727,11.299202,6.2131891
001440,20212,0,.72129834,.92624992,.49702105,.69675159,.63035417,1.5655822,10.663906,11.326416,6.5496979
001440,20213,0,.65660673,.81,.50624818,.94359529,.68920392,1.5438926,12.632481,11.342827,8.0868893
001440,20214,0,.67068642,.76625001,.5475207,.62418127,1.9054381,1.8693007,14.350862,11.366014,9.2752218
001440,20221,0,.82985026,1.1088889,.49821281,.81522828,.766294,1.959308,13.76546,11.38132,8.2117815
001440,20222,0,.93898588,1.6722223,.4639993,.58387154,1.0397255,1.6565478,13.443506,11.40569,7.9273505
001440,20223,0,1.083186,1.5455556,.48891076,.75246555,.89499044,1.7990056,13.501745,11.417089,7.4262152
001440,20224,1,.6608572,.62,.54650635,.42115349,.85425216,2.117274,12.857973,11.421351,5.5337014
001602,20131,0,1.2568108,1.7505,.30616757,2.6409812,44.312866,.29098678,24.842241,10.902243,10.530322
001602,20132,0,1.2001808,1.936,.25365201,2.436096,41.190937,.30790085,22.637623,10.852052,4.7387199
001602,20133,0,1.2237647,2.1036842,.27724406,2.600266,41.85136,.33263639,21.48732,10.870662,.73257607
001602,20134,0,1.3779978,2.5730002,.2574327,1.788937,39.524822,.35218054,22.709837,10.952086,2.8885505
001602,20141,0,1.2660884,2.7183335,.29733485,1.6226842,29.339886,.26011342,22.872314,11.099302,19.70595
001602,20142,0,1.1096212,2.4552939,.24359429,2.3088174,29.553457,.25819355,21.97043,11.112508,26.045576
001602,20143,0,.99350959,2.0959091,.27124208,1.7890527,37.662151,.24448471,21.189138,11.149571,27.890963
001602,20144,0,1.0863357,2.1578262,.23705028,1.8283293,39.667961,.28682443,21.318827,11.167261,21.517467
001602,20151,0,1.3611664,1.8465217,.24139702,2.3518672,39.16301,.17099218,18.62981,11.141993,4.2690043
001602,20152,1,1.1519456,1.6872728,.24546288,2.3973198,39.328808,.1928878,17.305969,11.141166,2.8658292
001602,20153,0,1.2598131,1.9769231,.26352996,2.6162424,42.119675,.19379573,17.954767,11.173374,2.3803375
001602,20154,0,1.5164334,1.838889,.26664042,2.5045569,43.301006,.28524119,17.916319,11.1826,1.5339186
001602,20161,1,1.5082549,1.6648147,.22653367,2.654521,43.844307,.21795017,18.267902,11.178515,3.6522892
001602,20162,0,1.4036517,1.3692592,.25402513,2.4894829,46.24847,.25027958,18.812418,11.226789,8.5622978
001602,20163,1,1.3445101,1.3081818,.26719877,2.6725497,46.420479,.22127706,17.378336,11.231503,5.8129263
001602,20164,0,1.233116,1.2304,.24636172,2.4760077,48.59885,.29046705,18.61862,11.266385,8.3785038
001602,20171,0,1.2574764,1.6826922,.27774838,2.6679206,49.062168,.21642232,18.846434,11.259658,8.1142597
001602,20172,0,1.1334553,1.5185184,.25303894,2.7625799,49.315456,.23759985,18.703648,11.262693,3.5904446
001602,20173,0,1.0108587,1.0193751,.25124663,2.5393593,49.2882,.19852489,18.375666,11.284606,5.3102283
001602,20174,1,.9051854,.94838709,.23642814,-5.3080378,51.475769,.19046196,19.260708,11.293911,2.7525542
001602,20181,0,.75452554,.91125,.19340622,2.8904119,52.127476,.19386147,19.116932,11.289207,2.9549048
001602,20182,0,.91301024,.94156247,.1368567,3.2263503,45.208252,.26277331,18.932121,11.172742,-8.9950953
001602,20183,0,1.0855166,.90481478,.12409963,2.746587,43.429764,.25264466,25.932259,11.122605,-16.200096
001602,20184,0,.96210313,.81,.10671899,2.8633804,44.437347,.33416009,25.525755,11.117406,-17.650513
001602,20191,0,1.218778,.4537037,.10142437,2.9992771,44.121899,.1746567,25.009007,11.103693,-18.551348
001602,20192,0,1.0963906,.20074074,.092371978,3.4048471,41.09724,.22501054,25.789047,11.066591,-10.615087
001602,20193,0,1.3506818,-.027916726,.097102441,3.3146381,36.646286,.28632545,25.698221,10.991595,-13.101024
001602,20194,0,1.19884,-.053333312,.093828015,2.8605022,35.026455,.31578064,24.64028,10.99432,-12.308608
001602,20201,1,1.0215325,.40434784,.067027286,3.0565929,14.924548,.23782805,23.772467,10.997205,-10.648872
001602,20202,1,2.0150967,.64714283,.078863986,2.9236732,12.991941,.25620651,23.53467,11.029536,-3.7054832
001602,20203,0,1.2972838,.69555557,.075787202,3.1087046,17.567795,.20765716,22.910917,11.082312,9.0716906
001602,20204,0,1.0753082,.65884614,.073370375,2.498569,19.122175,.26764855,22.150648,11.076542,8.2222624
001602,20211,0,1.0187939,.9011538,.07115528,2.6148567,16.913961,.26370972,22.166752,11.050064,5.2859726
001602,20212,0,.92378139,1.4938462,.064572968,.74193704,16.895058,.29581541,21.511837,11.043546,1.4008988
001602,20213,1,.85693085,1.5581819,.059067994,3.1519248,13.521155,.40486506,24.568726,10.998309,-8.4002438
001602,20214,0,.92084771,1.4218519,.067334041,2.9218533,19.880604,.44158605,29.886562,11.082035,.54925692
001602,20221,1,1.0452062,1.5132143,.051838864,2.4131446,13.139868,.31063518,28.977537,11.021331,-2.8733859
001602,20222,0,1.3537065,1.8380646,.0051478455,2.2248125,11.054801,.41556862,35.478111,10.988609,-5.493639
001602,20223,0,1.4351376,1.7631249,.016566625,3.6141937,12.11421,.26984179,32.413483,10.990263,-.80459332
001602,20224,0,1.3437951,.55181813,.027608942,2.5368917,18.018839,.53375196,31.763735,11.06194,-2.009501
001632,20131,0,.250927,.17999999,.35572159,2.3347669,69.397461,.3250511,-15.09125,8.6341486,6.2915325
001632,20132,0,.62165475,.080000006,.32387602,2.8769901,69.741348,.45793039,-15.198846,8.651166,7.9894819
001632,20133,0,.47353101,.059999999,.33133212,3.0172558,71.428101,.5147717,-16.378433,8.6726637,7.6198936
001632,20134,0,1.0610247,2.54,.30508244,3.2833734,72.496567,.79102385,-14.790431,8.7223558,11.777102
001632,20141,0,1.0748047,2.5699999,.30900094,2.3909743,73.379745,.75407219,-15.572037,8.761198,12.704895
001632,20142,0,.96751314,2.8199999,.3176938,2.928884,73.460938,.68846345,-15.12367,8.7639704,11.280426
001632,20143,1,.93793571,2.6800001,.30771837,2.7385495,72.892502,.64162719,-15.956579,8.7940598,12.139618
001632,20144,0,.65856105,2.51,.32074991,1.2112935,54.964931,.48383763,3.2460749,9.1020269,37.967094
001632,20151,0,.90846157,2.28,.30361959,2.6059051,41.787136,.34637135,-15.000362,8.8334179,7.2219892
001632,20152,0,1.1240997,1.85,.29581812,3.0103109,42.123077,.7217105,-16.97928,8.8277845,6.3814096
001632,20153,0,.97631997,1.9200001,.25726342,3.0712743,43.623306,.49888808,-17.324814,8.8605661,6.650692
001632,20154,0,1.058858,2.29,.27589694,1.3498113,43.449066,.64203113,-19.08247,8.8727255,-22.930155
001632,20161,1,1.2197241,2.05,.26903045,2.3293664,42.889431,.32749104,-18.388775,8.8625088,2.9091251
001632,20162,0,1.8119749,1.8966665,.29867393,2.2449484,49.874012,.3358348,-10.49279,8.9356508,10.786675
001632,20163,1,1.3308123,1.6666665,.28158599,3.0438719,49.589645,.49572721,-8.7575073,8.9319868,7.1420355
001632,20164,0,1.3528385,1.3000001,.25453818,3.8536754,49.491318,.53641784,-9.1344223,8.9470329,7.4306927
001632,20171,0,1.5379683,1.5133333,.261655,2.7242336,50.886471,.35553339,-10.191313,8.9834747,12.096587
001632,20172,0,1.2520077,1.8314285,.22869766,.91699111,61.91156,.45993626,7.6678782,9.2304735,29.482246
001632,20173,0,1.2344636,1.4385715,.35351971,.25886196,23.244734,.23895788,18.085051,10.189519,125.7532
001632,20174,0,.98503697,1.1842858,.34497762,1.6464602,4.3029561,.30885631,11.359572,9.9577389,101.07062
001632,20181,0,.95368111,1.2428571,.27704027,1.3870485,4.956357,.29904509,8.6104984,9.9589834,97.55088
001632,20182,0,.86386555,1.1485715,.28197297,1.9197332,3.9684336,.25847208,7.5375528,9.9452686,71.479477
001632,20183,0,.95419639,.97666669,.3263734,1.9664423,3.8818798,.24908003,5.4478827,9.941576,-24.794327
001632,20184,0,1.0664493,.81888884,.30439696,1.9702301,3.7597423,.41853911,3.7761569,9.9305487,-2.718986
001632,20191,0,1.0261028,.76444441,.35317042,1.7359893,3.9931531,.4449583,2.7070255,9.9257269,-3.3256114
001632,20192,0,1.3009387,.28777778,.31766251,1.6855979,2.7755923,.34454846,.78582764,9.990962,4.5693355
001632,20193,0,.94986278,.10749996,.2733939,1.6640732,3.276958,.26678056,-2.1133482,9.9885788,4.7003045
001632,20194,0,1.0345389,-.093749993,.27068985,1.2876084,2.838475,.23682399,-3.7432461,9.9789038,4.8354549
001632,20201,0,.98184615,.03374999,.29635566,.95301002,3.0305841,.25634515,-5.2322388,9.9708023,4.5074911
001632,20202,1,.89634329,.19571425,.28891155,1.2522719,3.0612962,.28143093,-3.7744701,9.9700632,-2.08988
001632,20203,0,1.7534182,.40125,.28667828,1.6985904,3.6763582,.097438343,-3.1121402,9.9688511,-1.9727697
001632,20204,0,.88452911,.33124998,.27760628,1.789508,5.0476193,.13837314,-6.0600133,9.9804287,.15251745
001632,20211,0,.77359194,.44499999,.2723321,1.8097079,4.918159,.31389093,-7.8847466,9.9743471,.35445577
001632,20212,0,.68520194,.61571425,.22190723,1.9724945,4.8883286,.27597806,-9.3164997,9.9730186,.29559821
001632,20213,0,.58142447,1.0228572,.21501479,2.3314154,6.0459647,.39994502,-11.170265,9.9799032,1.1051984
001632,20214,1,.51610887,.87285709,.19854654,.34973586,6.8420501,.60429668,-9.0972843,9.9823542,.19251287
001632,20221,0,.62579781,1.1683333,.41319215,.53529418,3.7803628,.21240176,-19.05945,10.865173,89.08268
001632,20222,0,.83033508,1.45125,.43577147,1.5293636,3.4958069,.23191951,-17.158825,10.8438,87.078102
001632,20223,0,.68290561,1.9814285,.46121523,1.4743611,3.4206905,.32457066,-16.593321,10.835665,85.576157
001632,20224,1,.82624441,.85749996,.41331831,1.8595774,3.0289493,.60483646,-15.701398,10.826678,84.432411
001704,20131,0,1.0831895,1.6866667,.57462835,.2809453,16.005619,.40489173,-10.899693,9.4011259,-13.570841
001704,20132,0,1.1311519,1.8633333,.47158098,-1.1012464,14.964999,.4353765,-14.625387,9.3685398,-14.906446
001704,20133,0,1.2024518,1.74,.40435371,1.4365113,15.134673,.3420265,-10.891682,9.3669167,-17.10714
001704,20134,0,1.1773167,2.4899998,.3617999,1.5573143,16.807081,.4850651,-12.604889,9.3716936,-12.532832
001704,20141,0,1.222772,2.5066667,.33301672,2.1008053,15.702067,.39857179,-11.333982,9.3962393,-.48871502
001704,20142,0,1.230593,2.3166666,.35866183,2.147717,18.763832,.53283054,-12.184935,9.4091091,4.0569272
001704,20143,0,.88126248,2.2766666,.32495484,2.3974512,20.700916,.51772201,-11.315157,9.4378738,7.0957594
001704,20144,0,1.2298595,1.8166667,.30339652,1.9920628,22.340673,.49023423,-12.360682,9.4611769,8.948328
001704,20151,0,1.3330581,1.66,.29289752,2.6415668,24.001822,.37194476,-13.034431,9.4860001,8.976162
001704,20152,0,1.4785869,1.4299999,.28845924,2.7843647,23.613554,.48955864,-13.593231,9.4783039,6.9195056
001704,20153,0,1.4006702,1.4733334,.34328511,2.4214323,23.772724,.37535882,-14.15354,9.5168686,7.899446
001704,20154,1,1.4158438,1.76,.38512197,2.5545502,20.854559,.38774425,-12.609336,9.4844055,2.322824
001704,20161,0,1.6322643,1.7933333,.39422819,1.8683043,32.434021,.4442122,3.0708938,9.6361313,15.013038
001704,20162,0,1.5915068,1.6366667,.3599185,2.4013207,23.38286,.35269397,-1.3170213,9.4974728,1.916798
001704,20163,0,1.2413726,1.425,.29347679,3.8623326,20.191204,.38240919,-1.3706416,9.4784575,-3.8411443
001704,20164,0,1.3159716,.99833339,.24070348,4.4528799,23.841156,.64238262,-3.0227036,9.5250778,4.067297
001704,20171,0,1.0705985,1.22,.23044357,4.8190293,25.699203,.43871677,-5.4118619,9.5879545,-4.8176298
001704,20172,1,.91232008,1.8439999,.2085214,5.4054055,27.204147,.50511676,-6.2100916,9.6319408,13.446898
001704,20173,0,.97838771,1.4771429,.18780589,5.0712719,36.973686,.43859649,1.8935949,9.8113718,33.291496
001704,20174,0,.78364545,1.2242857,.18437853,5.1472902,37.902294,.64996332,-.26965737,9.8562908,33.1213
001704,20181,0,.70677328,1.2771429,.1560123,.84968328,37.46846,1.045368,-.21491945,9.8740072,28.60527
001704,20182,0,.69550693,1.0985714,.15168133,5.5942631,37.908764,.61536896,-2.5894225,9.8864937,25.455273
001704,20183,0,.83433491,1,.14154257,5.4924855,28.932858,.71899664,-4.2135181,9.8254175,1.4045633
001704,20184,0,.89525151,.86571425,.1433178,4.2330704,22.278141,.92266399,.5911231,9.7916059,-6.4685302
001704,20191,0,.86472744,.85714281,.21453086,4.3380408,22.674843,.74832612,.6043762,9.7854357,-8.857152
001704,20192,0,1.078966,.36571431,.2223583,3.5197124,19.617376,.6236127,.61371624,9.8480806,-3.8413432
001704,20193,0,.80261517,.20285712,.19898605,3.0412784,19.296936,.49533957,-.36268234,9.8402815,1.4863579
001704,20194,0,.7497381,.039999966,.17813548,3.7117786,18.936453,.51582026,-1.1320084,9.8418779,5.027225
001704,20201,0,.81639141,.15000001,.1651035,4.6888142,19.018082,.53616482,-2.764523,9.8534565,6.8020887
001704,20202,1,.69332123,.31499997,.16318481,3.8194973,20.03339,.3591845,-3.1746686,9.8917694,4.3688612
001704,20203,0,1.2353137,.58499998,.19795445,3.8551457,26.147144,.39880815,2.9531479,9.9903526,15.00716
001704,20204,0,.79151297,.72428572,.16421708,5.3422136,22.464693,.76519769,-4.188961,9.9603872,11.850953
001704,20211,0,.89749777,.86285716,.19506349,5.0552497,25.669933,.54131436,-7.4013176,10.014716,16.125921
001704,20212,0,.6346786,1.11,.12963334,5.7069297,28.418795,.87534857,-6.4043226,10.056423,16.465405
001704,20213,0,.63346851,1.6657144,.098842137,7.1247668,28.08802,.56881875,-12.04324,10.089345,9.8991432
001704,20214,0,.60133505,1.3657143,.095609821,6.9937496,26.594225,.84153765,-14.665042,10.105571,14.518328
001704,20221,0,.57143998,1.5971428,.10076971,6.9390125,21.138432,.55759919,-14.662173,10.159099,14.438248
001704,20222,0,.68746126,1.6999999,.097413301,6.040585,22.561743,.82586128,-13.212712,10.143606,8.7182999
001704,20223,0,.95399189,2.0414286,.11793915,6.3081818,15.405162,.82485563,-12.839895,10.144825,5.5480075
001704,20224,0,.93979949,.85571426,.13289747,6.0815716,13.562173,.85241395,-10.311329,10.172025,6.6454144
001773,20131,1,3.1191936,.97000003,.98136544,.7220217,3.7984042,.24802315,-16.468372,9.2859755,9.2874746
001773,20132,0,2.6268866,1.186,.9112336,.86808765,3.5149271,.25878054,-11.23195,9.2457199,2.160017
001773,20133,0,2.3565714,1.5899999,.91579431,.92102748,3.2917793,.30362433,-13.759724,9.2598658,4.6041107
001773,20134,1,2.174191,2.0640001,.8277908,1.300698,2.4289873,.29613018,-14.53291,9.2462912,2.844281
001773,20141,0,1.8683649,2.0379999,.76212275,.88816053,3.2385855,.27231005,-14.274396,9.3977222,11.174743
001773,20142,0,1.6227463,2.0220001,.71318847,1.1591134,2.3410223,.26430005,-12.834631,9.3086386,6.2918477
001773,20143,1,1.3966755,2.0079999,.71583843,1.2704945,2.6725509,.22386602,-14.688282,9.3552713,9.5405331
001773,20144,0,1.6232612,1.8139999,.77533007,1.0270674,2.2829192,.30609486,-12.615042,9.3335772,8.7286253
001773,20151,1,1.9630018,1.4380001,.73384225,.85236061,3.2175493,.25034446,-14.997941,9.4289017,3.1179237
001773,20152,1,1.9718055,1.4614285,.6883232,1.1120474,2.739408,.3380146,-10.365743,9.3186998,1.0061858
001773,20153,1,1.990881,1.6685714,.7750625,.90196234,3.300257,.36523017,-11.014488,9.4019365,4.6665683
001773,20154,0,2.238631,1.4414287,.79674017,1.3200848,2.8047514,.34768707,-8.9293737,9.393178,5.9600811
001773,20161,1,2.2570128,1.4185715,.81330663,.8158161,2.0971546,.37829265,-14.814663,9.47439,4.5488214
001773,20162,1,2.2967429,1.0928571,.73570174,1.0869612,3.1948659,.3163254,-10.904546,9.4216366,10.293668
001773,20163,1,2.1117282,.90857136,.7756359,.90931308,3.8292918,.2935473,-12.748671,9.4686041,6.6667781
001773,20164,1,1.8340343,.87571424,.75844622,1.2522261,2.9259686,.29193082,-12.365473,9.4832678,9.0089054
001773,20171,1,1.8274486,1.1814286,.69062847,.80764496,3.7611306,.4372547,-13.601748,9.5614452,8.7055321
001773,20172,1,1.6227335,1.1433333,.69198239,.74311954,3.8866341,.29649666,-10.881294,9.5044546,8.281785
001773,20173,1,1.4360127,.9283334,.67525709,.94411105,2.9571638,.33585155,-10.772358,9.5609989,9.2394609
001773,20174,1,1.4786937,.88142854,.68767911,.3563334,3.8808546,.3609758,-10.952542,9.6195965,13.632867
001773,20181,1,1.2776417,.87428576,.70352739,.84489834,4.4347415,.21099073,-11.086191,9.7088594,14.741365
001773,20182,1,1.3063397,.94000006,.75512803,1.0537492,3.4024847,.19731091,-9.1365519,9.6881142,18.365921
001773,20183,0,1.4267293,.88142854,.77840316,1.0540034,1.9733882,.22894764,-8.3906603,9.7260828,16.508337
001773,20184,0,1.387882,.77428573,.81602466,1.3585385,2.7929692,.17928468,-10.277722,9.7396755,12.007913
001773,20191,1,1.9162742,.35000002,.88319594,.79133761,2.8638904,.19013806,-11.317268,9.7860794,7.7220364
001773,20192,0,1.5194499,.049999945,.83115107,-3.2616842,2.0908096,.2841287,-7.3285537,9.7309628,4.2848921
001773,20193,0,1.5946068,-.26333335,.77672416,.57494313,1.6848651,.19622612,-8.3176479,9.6818657,-4.4216466
001773,20194,0,1.5012349,-.27166665,.75753886,.71392643,1.6715031,.19191559,-13.260768,9.6607609,-7.8914719
001773,20201,0,1.2678838,.14666665,.69938046,.30183291,1.8298075,.17054661,-13.377504,9.7050848,-8.0994329
001773,20202,0,3.6414232,.29999998,1.1063466,.86284214,1.3059061,.20512024,-15.67536,9.6415682,-8.9394884
001773,20203,0,2.0935843,.19500001,.87135643,1.0641828,1.3190331,.19233602,-20.041838,9.6553125,-2.6553791
001773,20204,0,1.4981539,.11333334,.78178602,1.5233697,1.4649569,.21959609,-20.726439,9.6483784,-1.2382373
001773,20211,1,1.1168764,.20999999,.69111443,1.2098163,2.1907878,.11833064,-20.13587,9.7441349,3.9049692
001773,20212,0,1.1383306,.4433333,.62526995,1.4878666,1.4078594,.12940256,-21.118773,9.6911335,4.9565001
001773,20213,1,.86343235,.54399997,.61158442,1.721967,1.4491082,.12572752,-20.670914,9.7316771,7.6364832
001773,20214,1,.93988639,.54000002,.64179152,2.1296513,1.2388198,.11913627,-18.502607,9.765975,11.759647
001773,20221,1,1.0321714,.76400006,.56665325,1.8671046,1.1373835,.09864074,-16.631081,9.8799906,13.585581
001773,20222,1,1.2781618,1.5699999,.66886985,1.8978977,1.244262,.086988822,-15.371017,9.878829,18.769556
001773,20223,1,1.4726238,1.605,.72039545,1.7210779,1.1339645,.093171708,-13.521942,9.8981962,16.651913
001773,20224,0,1.3614279,.64999998,.88808048,1.7039237,1.62874,.11731356,-13.150178,9.9284592,16.248507
001913,20131,0,3.0052979,1.515,.45457062,1.1321568,4.9575934,.41329598,-7.6632099,8.5380344,2.6316264
001913,20132,1,2.891988,1.7099999,.36517742,1.3391467,4.3872623,.56057304,-4.3998213,8.5443411,1.3067728
001913,20133,0,2.1423626,1.6999999,.35568923,.89578116,4.4134078,.56251204,-3.6061645,8.5546818,2.5974979
001913,20134,0,2.2009575,2.6266665,.3687219,.90221435,6.9007778,1.0585699,-7.4627218,8.4622726,-7.5194025
001913,20141,0,2.2082694,2.1700001,.30772358,1.5442675,8.0032969,.83937019,-7.7172322,8.4361134,-10.192122
001913,20142,0,2.0152206,2.1299999,.30742005,.93873197,4.8461223,.62727332,-6.285213,8.4319181,-11.242284
001913,20143,0,1.583416,2.0999999,.29289299,1.3039899,5.1834683,.72131002,-4.8942089,8.4374142,-11.726786
001913,20144,0,1.865299,1.75,.31225473,1.5711583,4.7424054,1.0481807,-5.8103161,8.410387,-5.1885085
001913,20151,0,1.5936732,1.895,.22565125,1.649007,5.5983672,.58024859,-3.3741026,8.3802729,-5.5840073
001913,20152,0,1.6019099,1.75,.21435034,1.4770672,4.945972,.72114271,-2.080688,8.3692961,-6.2622232
001913,20153,0,1.4387647,2,.19771472,1.8766079,6.0524626,.76258731,-3.4669936,8.3787584,-5.8655415
001913,20154,0,1.3994228,1.8100001,.20401545,1.3415236,4.4529176,1.0873402,-5.8077798,8.3544149,-5.5971785
001913,20161,0,1.9338187,1.7733333,.17034394,2.1675496,4.2673631,.60962337,-5.2081823,8.3269281,-5.3345041
001913,20162,0,1.9429915,1.39,.15033022,1.8826187,4.4971056,.84953171,-3.1505466,8.3545332,-1.4763174
001913,20163,0,1.5237751,.89999998,.14349137,2.0746019,5.4461207,1.0151811,-5.2328734,8.36516,-1.35981
001913,20164,0,1.6939776,.88999999,.15080613,1.3477089,4.5191722,1.5650812,-4.4088335,8.4338989,7.9483128
001913,20171,1,1.9983792,1.0700001,.14978354,2.5520883,5.1633153,.68920022,-2.6352854,8.3885412,6.1613135
001913,20172,0,1.8113335,1.3100001,.14177214,2.5367715,6.563293,.75956273,.96050799,8.4692421,11.47086
001913,20173,0,1.1954824,.57499999,.13670045,2.1269493,4.5386701,.88181001,2.5197685,8.535387,17.02264
001913,20174,0,1.4667544,.87333333,.13056721,-1.1309298,4.8159394,1.5009487,1.0464966,8.5697861,13.58871
001913,20181,0,1.0026736,.69000006,.10741889,2.4372675,5.1607003,.69302493,-.27258992,8.5442047,15.566376
001913,20182,0,1.0358038,.755,.1155559,1.8104347,4.3348169,.83136064,-2.3671298,8.5717764,10.253439
001913,20183,0,.96402216,.755,.11379661,2.8955472,5.0066819,1.0303887,1.2144387,8.5492926,1.3905772
001913,20184,1,.82476193,.70000005,.11047601,1.8738302,5.0136051,1.8140064,3.984046,8.552927,-1.6858578
001913,20191,0,1.5268173,.35333335,.12738217,-2.8372767,5.4292612,.80733943,5.6977868,8.5520773,.7872529
001913,20192,0,1.1493483,.076666608,.10453213,2.6785214,5.074995,.70978945,9.8901033,8.5855436,1.3767121
001913,20193,0,1.2692453,-.22,.10880426,2.6828952,5.4659815,.9852125,3.9759307,8.5922451,4.2952547
001913,20194,0,1.1381224,-.25499994,.11058588,3.043812,5.0574107,1.6202446,7.5111032,8.5827379,2.9810393
001913,20201,1,1.0444585,.19500002,.11374182,2.4449787,5.5604138,.60486811,5.370894,8.610465,5.8387337
001913,20202,0,2.2592127,.44,.13828517,1.27298,12.613203,.49034482,12.578877,8.7420788,15.653603
001913,20203,0,1.674469,.435,.12766795,2.6629155,5.6584744,.49188739,.65909326,8.6397114,4.746666
001913,20204,0,.93665135,.38666666,.12508222,3.347434,5.8785481,1.9175639,-4.420197,8.6518641,6.9126477
001913,20211,0,1.4529123,.64249998,.11869574,3.4435148,4.8932428,.41420799,-4.0655317,8.7134008,10.293629
001913,20212,0,1.1616746,1.215,.10375538,2.929924,5.2285914,.93413246,-.48893988,8.7440414,.19626465
001913,20213,1,.9871875,.98000002,.097618535,2.5550797,5.3686256,.72868818,-9.081933,8.7675629,12.785107
001913,20214,0,.76448929,.77600002,.10476187,2.2930081,3.1916361,1.5613039,-1.1253417,8.9831514,33.128719
001913,20221,0,1.0000911,1.0433334,.1170311,2.4863265,2.6368608,.62346333,2.0894141,8.9836407,27.02393
001913,20222,0,1.2793717,1.4840001,.13488236,2.6355238,2.3750429,.7015776,8.0660849,9.0043983,26.035616
001913,20223,0,1.5560197,1.6275002,.14643483,2.7371359,2.5134695,.94409573,2.5580497,8.9986811,23.11179
001913,20224,0,1.4950082,.51999998,.1518341,1.5281698,2.0566256,1.1800108,1.5546381,8.9924707,.93192428
001988,20131,1,1.7612127,1.242,.1616877,.95909208,2.3191381,1.1815481,9.3045082,8.923605,3.0086708
001988,20132,1,1.4785726,1.3019999,.15309361,1.2229939,2.6748972,1.4454733,19.727978,8.9587975,2.8250246
001988,20133,0,2.136656,1.5549999,.16585176,1.4739751,2.1687393,1.3882492,14.50735,8.9638767,4.9318094
001988,20134,1,1.6638991,2.306,.17272851,1.6149535,2.1818089,.89114296,11.778736,8.9501696,2.4316511
001988,20141,0,1.476371,2.0379999,.15993597,1.1956828,5.3198295,.78518635,12.355221,8.9644146,4.0809741
001988,20142,0,1.2859684,2.1299999,.14040284,1.9768867,2.264833,.95422554,19.955271,8.9547386,-.40591532
001988,20143,0,1.3648456,2.0999999,.13856173,1.8966982,1.998353,1.4759245,10.908186,8.9582052,-.56714082
001988,20144,0,1.8470099,2.1299999,.13886333,.9980433,2.4885421,1.8490067,9.6240044,8.9378624,-1.2307566
001988,20151,0,1.8202385,1.7525001,.11106739,.27341169,2.5280676,1.3934751,8.0185595,8.9320803,-3.2333822
001988,20152,0,2.0761187,1.62,.09430249,2.093858,2.9867501,1.5951961,15.289667,8.9438324,-1.0905658
001988,20153,0,2.7755749,2.1133332,.12013826,.56666964,2.8944721,1.6439788,4.1827321,8.9686384,1.0432562
001988,20154,0,2.9186397,1.9233335,.11402768,.71567231,3.162935,2.2143135,5.2706242,8.9524755,1.4613835
001988,20161,1,2.6166682,1.74,.12686308,-1.298967,2.2910914,1.4114759,15.276986,9.187788,25.570753
001988,20162,0,2.4366937,1.345,.10099799,3.0519934,2.037976,1.3420818,26.230652,9.2162228,27.239052
001988,20163,0,2.7087221,1.0175,.34271723,.11963154,25.517406,.49846476,7.4109168,10.129706,116.10682
001988,20164,0,2.2213917,1.0025001,.26621252,.31066823,3.7807736,1.2192262,15.683967,9.7444916,79.201584
001988,20171,1,1.8193271,1.5825,.25314939,.42045388,3.6913373,.77289313,11.501103,9.6910982,50.331051
001988,20172,0,1.770805,1.3875,.27852988,.59480894,2.7877915,.69093972,18.14189,9.7198048,50.358208
001988,20173,0,1.4444536,.89499998,.23903182,.28706416,2.5895581,.98080266,10.990986,9.7244205,-40.528568
001988,20174,0,1.4881135,.76499999,.24695912,.93512905,3.2700109,.89395988,9.9050493,9.7411451,-.3346743
001988,20181,1,1.2411988,.8300001,.30363137,.72805637,2.6675987,1.4095172,7.2406383,9.7508612,5.9762249
001988,20182,1,1.6653538,.90200007,.2899338,.67114097,2.7353222,1.1392477,14.852339,9.7830696,6.3264728
001988,20183,0,1.6247574,.85600001,.31597647,.33646992,3.1765039,.9808954,8.9270115,9.7719545,4.7533469
001988,20184,0,1.487154,.73400003,.24496575,.91681844,3.7097752,1.214329,7.6759934,9.7092962,-3.1849253
001988,20191,1,1.8784095,.31000006,.21736339,.70677781,4.3977284,.93028873,6.4617662,9.7143831,-3.6477666
001988,20192,1,1.4900042,-.014000035,.18391445,1.1640962,3.5986528,.71500325,14.008731,9.7364292,-4.6640878
001988,20193,0,1.5387008,-.34799999,.14695631,.53772867,4.5180898,.87673151,9.0636253,9.7473602,-2.4594243
001988,20194,1,1.2313797,-.25799999,.13883179,.98540372,3.0301166,1.0654677,9.0760498,9.6950483,-1.4247956
001988,20201,0,.99980843,.099999957,.1380256,.13248849,10.403226,1.2269585,9.3501005,9.7619238,4.7540946
001988,20202,0,3.3975906,.26499996,.12314114,.56814748,4.901783,1.4143245,19.40624,9.7138395,-2.2589703
001988,20203,0,2.2754025,.105,.12130373,1.4509331,3.9313667,1.4208308,8.6119022,9.7177601,-2.9599717
001988,20204,0,1.9099256,.186,.10731555,1.337497,4.5899129,2.5335846,7.7188969,9.7393198,4.4272337
001988,20211,0,1.5949752,.29999998,.10875878,1.0957704,7.5662942,1.9888232,5.0679445,9.8120298,5.0105953
001988,20212,0,1.4459436,.66599995,.1255374,1.123533,2.6197231,2.1914456,10.58036,9.7969599,8.3120461
001988,20213,1,1.2789063,.80999994,.13964915,.93492109,3.0606916,2.3346913,5.0224247,9.859849,14.208889
001988,20214,0,1.2006257,.89999998,.12472307,1.4752632,7.2422013,2.5928869,8.3297615,9.9100657,17.074566
001988,20221,1,1.2765963,1.156,.11635188,2.2623518,2.9369991,1.8362585,5.1766963,9.8890839,7.7054381
001988,20222,1,1.7965727,1.5979999,.1364969,-.83150148,2.13132,2.1838861,12.162343,9.9487476,15.1788
001988,20223,0,2.1210237,1.5340002,.15392038,1.8732677,2.4180446,2.1169837,10.578301,9.9487476,8.8898592
001988,20224,1,1.8489439,.59999996,.22966535,.27427316,2.4734454,1.9398594,8.8034363,9.9061337,-.39318204
002136,20131,1,.85335213,1.472381,.24730231,.86670041,1.5819947,1.5993109,-4.689364,12.324841,-2.2995067
002136,20132,0,1.105958,1.6042856,.2433583,.99298805,2.7123694,1.7746456,-6.5319405,12.329113,1.454022
002136,20133,0,1.181334,2.0055001,.24298246,.99934626,1.0772524,1.8764608,-5.853301,12.316478,-1.2131394
002136,20134,0,1.4412214,2.4528,.27089643,1.8313907,20.725039,1.7338032,7.1955948,12.530599,18.007092
002136,20141,0,1.222061,2.4391668,.29607144,1.4399959,19.748047,1.5140569,6.3284545,12.521241,19.639912
002136,20142,0,1.0838418,2.3058619,.063755527,1.9019507,1.5995523,1.9606249,22.582409,12.308457,-2.065521
002136,20143,0,.99364489,2.0474193,.075552836,1.6464151,2.8624008,1.840242,19.520336,12.321306,.48283488
002136,20144,0,1.0975814,2.01,.083186887,-.98588997,3.4702797,2.0181799,19.514156,12.329586,-20.101292
002136,20151,1,1.4364002,1.9206667,.058168977,1.8130018,4.7927012,1.574935,20.078266,12.35754,-16.370125
002136,20152,0,1.4189953,1.8372728,.050287634,1.7943933,2.0921159,1.9033886,17.636087,12.370697,6.2239118
002136,20153,0,1.6008787,2.0554545,.060063668,1.6772376,1.3777606,1.8221995,19.304577,12.391527,7.0221024
002136,20154,0,1.8000954,1.9819444,.074630491,2.2270141,1.7271649,2.162571,18.851862,12.396995,6.740871
002136,20161,0,1.6772915,1.8663889,.10131694,1.7617725,2.072433,1.3844833,17.028206,12.407543,5.0003295
002136,20162,0,1.6762296,1.5091667,.085240453,.28701442,2.3901515,1.5888008,17.293325,12.407327,3.6629493
002136,20163,0,1.5939991,1.3452941,.070262432,1.5612196,1.2321559,1.7790141,14.439765,12.353932,-3.7594643
002136,20164,0,1.3892958,1.265641,.10011979,1.8768424,2.6893754,2.3636942,13.990891,12.3863,-1.0694268
002136,20171,0,1.3659321,1.7471052,.10933284,1.4128921,1.1794578,1.2560407,15.626064,12.405661,-.1882084
002136,20172,0,1.3990833,1.6011904,.12839848,1.7679174,1.7456257,1.5985019,18.84935,12.416054,.87276006
002136,20173,0,1.3284302,1.1335714,.13746496,1.4309545,1.81162,1.688289,18.175549,12.441058,8.7125664
002136,20174,0,1.3386797,1.136279,.13643575,7.330318,1.7618049,2.3421364,18.609472,12.447771,6.1470642
002136,20181,0,1.1499426,1.0580952,.12067164,1.767499,.80849957,1.7702212,16.969378,12.457388,5.1726689
002136,20182,0,1.1464415,1.0423256,.2608065,1.5575618,1.0615615,1.2422689,21.467403,12.485657,6.9603062
002136,20183,0,1.2193826,.92155552,.25340137,1.8700888,.98783535,1.5905629,15.358001,12.481061,4.0002933
002136,20184,0,1.3576587,.89636374,.25005886,.73014963,1.3002614,1.7442254,13.547805,12.489604,4.1832628
002136,20191,0,1.5320131,.53205884,.22174163,1.900094,1.4318674,1.611606,14.231091,12.486839,2.9451985
002136,20192,0,1.2948745,.29529411,.23060364,1.3889916,1.2019849,1.3027079,17.881849,12.556543,7.0885859
002136,20193,0,1.4082119,.051714223,.24002324,1.8346356,1.0610791,1.5418144,19.023878,12.553584,7.2522988
002136,20194,0,1.3127642,-.027499959,.23794611,1.7885036,1.4381747,1.9682316,17.332939,12.559806,7.020215
002136,20201,0,.96675736,.42135134,.24241038,1.4246196,1.3077295,1.8078545,17.379045,12.583573,9.6734095
002136,20202,0,1.9730294,.69075,.27028593,1.5959253,2.7847199,1.5538201,19.784307,12.593035,3.6491401
002136,20203,0,1.3521116,.76666665,.27468827,1.4857174,3.0631626,1.4724185,16.629045,12.588812,3.5227728
002136,20204,0,1.2674121,.76538461,.26696283,1.5448123,3.3866003,1.3549095,16.865376,12.601467,4.1661448
002136,20211,0,1.003754,.99142855,.2832633,1.6572874,7.3830657,1.4199904,18.051615,12.665018,8.1444778
002136,20212,0,1.1008763,1.5841508,.29905167,1.6783718,3.2945282,1.2217389,22.835011,12.752959,15.992491
002136,20213,0,.96546805,1.5501922,.32288936,1.8348178,1.6741601,1.4734099,24.147045,12.763371,17.456001
002136,20214,0,.98233539,1.3964151,.34898624,1.3051093,3.1149476,1.8177601,24.611715,12.775517,17.404989
002136,20221,0,1.0747592,1.4986274,.3862164,1.2493317,1.1001211,1.5878515,23.39253,12.812016,14.699721
002136,20222,0,1.3150046,1.8407408,.39443699,1.4215949,.84983975,1.2769471,23.57943,12.809612,5.6653166
002136,20223,0,1.3306705,1.755283,.40774274,1.3237984,.86398107,1.4372668,21.957026,12.821655,5.8284035
002136,20224,0,1.3217,.54925925,.54902327,1.7534459,.92484468,1.9398011,20.006805,12.834921,5.9404159
002176,20131,0,.58659261,1.3100001,1.9021215,1.144456,12.395778,.51631528,-9.5701904,12.965597,8.4931011
002176,20132,0,.71392858,1.6899999,1.6881467,1.026674,12.640007,.57675529,-7.9005914,12.999748,7.2519302
002176,20133,0,.667997,2.0666666,1.5995736,1.1315314,9.5117598,.66485584,-8.1650991,13.009336,8.2121468
002176,20134,0,.74957746,2.3499999,1.5785363,1.0893271,10.695706,.7334947,-8.5477562,13.034801,7.7041378
002176,20141,0,.5633983,2.3483334,1.5997862,.97024113,11.689292,.57616442,-8.0263023,13.091762,12.616462
002176,20142,0,.57473993,2.0733333,1.5444621,1.2920654,11.519889,.66654009,-8.1774597,13.1122,11.245172
002176,20143,0,.52250075,2.0316665,1.5644535,.9153831,12.595686,.80871719,-8.3201513,13.131083,12.174747
002176,20144,0,.78224146,1.7285714,1.4204628,.80311114,13.618484,.96895218,-7.5932474,13.1565,12.169873
002176,20151,0,.75565988,1.5757143,1.3154787,.98140204,13.46558,.65509152,-7.2682247,13.17341,8.1648149
002176,20152,0,.58370829,1.4714286,1.3634715,.75563574,13.449299,.63813841,-6.9784446,13.18266,7.0460515
002176,20153,0,.69802833,1.6785715,1.4727074,1.7434272,13.851627,.91849828,-7.0090575,13.200757,6.9673481
002176,20154,0,.94871753,1.4071429,1.5264252,1.0042752,13.63453,.784464,-7.3840814,13.209399,5.2899384
002176,20161,0,.65183181,1.3985714,1.5503541,1.0120288,14.241738,.51479656,-7.3394732,13.221768,4.8358755
002176,20162,0,.85430658,1.1800001,1.4533699,.85295451,11.077151,.56300789,-6.2191324,13.281612,9.8952045
002176,20163,0,.74898207,.99666667,1.4467968,1.2142048,13.332973,.55413485,-6.6058249,13.29264,9.188262
002176,20164,0,.62872374,.87181813,1.4533243,1.040663,15.380324,.58357257,-7.0901947,13.311393,10.199297
002176,20171,0,.56581825,1.2963637,1.3470453,.653938,15.292322,.37931624,-6.7119718,13.338851,11.708243
002176,20172,0,.49470752,1.1539999,1.340884,.65123284,15.991266,.42692274,-6.8839893,13.391552,10.993953
002176,20173,0,.38810056,.778,1.3514719,.61103684,16.302979,.4900915,-7.1240129,13.408429,11.57898
002176,20174,0,.5002985,.83750004,1.2608142,4.7759972,17.058369,.48374742,-6.9940405,13.432131,12.073837
002176,20181,0,.39310461,.87625003,1.3143308,-.16208634,17.394939,.36875352,-7.2764235,13.461824,12.297277
002176,20182,0,.48247898,.84000003,1.294849,1.7093835,16.54904,.53226995,-3.7971287,13.462616,7.1063609
002176,20183,1,.45662224,.80250001,1.4252766,2.6041813,16.65749,.52125764,-10.462914,13.475738,6.7308536
002176,20184,0,.41523698,.7514286,1.2843857,-3.4478498,15.150878,.61062461,-9.3696804,13.509609,7.747808
002176,20191,1,.70250905,.3528572,1.4346765,3.0603538,16.791468,.44518602,-8.4224863,13.469909,.80843681
002176,20192,1,.45470825,.048571412,1.338643,1.9050417,16.487213,.48678532,-14.613369,13.51268,5.0064049
002176,20193,1,.5535084,-.27285716,1.3115718,2.1739016,17.099545,.57781267,-8.3172951,13.541216,6.5478125
002176,20194,1,.38835275,-.18428573,1.3787656,3.6981187,17.192276,.61383772,-9.3346777,13.577865,6.8256011
002176,20201,1,.31910518,.15000001,1.5657386,-6.0834332,16.535429,.36295643,-9.311883,13.614286,14.43779
002176,20202,1,1.4286702,.26142859,1.4701738,3.4578302,18.999327,.4233031,-6.3298717,13.541663,2.8983359
002176,20203,0,.42103246,.23333332,1.585043,3.8238471,19.761892,.42239064,-18.676294,13.577422,3.6206326
002176,20204,1,.4601379,.264,1.391248,4.3177509,18.824118,.42123222,-11.051387,13.629116,5.1251063
002176,20211,0,.36324194,.35800001,1.6245775,1.3403469,17.069824,.28830451,-9.8754139,13.680526,6.6239276
002176,20212,1,.40822482,.81,1.31347,3.1766422,17.603374,.35549808,-10.603464,13.692657,15.09938
002176,20213,1,.26153076,.79250002,1.2759244,1.1335977,16.874102,.39244136,-11.304786,13.723936,14.651355
002176,20214,0,.32112905,.6825,1.306105,4.3058,17.299442,.4379001,-8.7125549,13.732952,10.38366
002176,20221,1,.46355379,.87250006,1.528913,.56947136,16.312956,.32228321,-10.119008,13.773421,9.2895555
002176,20222,1,.70761287,1.5466666,1.1182214,-4.513123,12.073881,.3860729,-7.0733242,13.784542,9.1885128
002176,20223,0,.96096098,1.8449999,1.3139091,-.29543006,12.833733,.44776118,-9.6614361,13.721046,-.28896728
002176,20224,1,.64686906,.70999992,1.3108666,2.0130866,13.015795,.50504494,-15.159766,13.712698,-2.0254617
002259,20131,0,1.7482314,.089999996,.7745288,1.1582607,.62684488,1.7144253,.50756931,8.2240219,-10.130446
002259,20132,0,2.7709513,.06000001,.65494066,.82781196,.52197343,2.259299,.91254711,8.2124557,-3.2386482
002259,20133,0,1.0761763,.079999998,.59944439,.61721379,1.0119274,2.4624224,1.1586636,8.2285814,-.73838288
002259,20134,0,1.726223,1.5800002,.58982122,.47676548,.53716683,3.0322735,.71206391,8.243083,-1.3687713
002259,20141,0,1.686833,2.1700001,.56366408,1.2552972,.20239072,2.1575525,3.4578948,8.2623472,3.8325198
002259,20142,0,1.3254501,2.1299999,.52988106,.51316988,.44497252,2.3630228,2.7608423,8.2852516,7.2795949
002259,20143,0,.81233931,2.5599999,.49306467,.6891579,.37020546,2.8459151,3.9024234,8.2866468,5.806572
002259,20144,0,.97545779,2.51,.64090854,.84782171,.34019417,2.656225,3.6225944,8.3121996,6.9116821
002259,20151,0,1.2190609,2.1800001,.58100414,.7972393,.54815209,2.767916,4.1353226,8.3537092,9.1362686
002259,20152,0,1.2455001,2.01,.63244569,-.96860343,1.5180234,2.0590866,3.7789822,8.3709707,8.5718813
002259,20153,0,1.4331731,2,.65554506,-.23560098,2.1213331,3.3883839,4.9587431,8.3476543,6.1007814
002259,20154,0,1.531809,2.1500001,.68664449,-.333823,.9726221,2.4963725,3.3236532,8.3538647,4.1665564
002259,20161,0,1.4588097,1.74,.61467606,.85924155,9.8428078,1.801847,5.6457224,8.4458046,9.2095251
002259,20162,0,1.4726926,1.22,.49036485,.010577655,.77178937,1.8336025,16.780407,8.7522106,38.123959
002259,20163,0,1.5546614,.90749997,.48045281,.22097421,1.8574281,2.0992472,15.12376,8.7632504,41.559582
002259,20164,0,1.4468395,1.2219999,.50280225,.28158116,1.0090302,2.1804407,15.172371,8.7721663,41.830151
002259,20171,0,1.300723,1.74,.49454889,1.1744863,.24332954,1.0637647,15.525267,8.7819309,33.612583
002259,20172,0,1.3196216,1.392,.48330298,.34273496,.21251267,1.458635,15.536028,8.775835,2.3624547
002259,20173,0,1.1089703,.90799999,.46719131,.42630002,.21765757,1.4234657,16.850168,8.7778778,1.4627446
002259,20174,0,1.0360782,.73500001,.46059531,.77318931,.24717695,1.0665565,16.810762,8.7874002,1.5233489
002259,20181,0,.94479972,.89500004,.53664166,1.9973863,.27391905,1.0508039,16.519905,8.80371,2.1779246
002259,20182,0,1.168975,1.1499999,.61621237,.33072335,.51161999,1.3094333,17.574797,8.7989054,2.3070834
002259,20183,0,1.1185284,.93599993,.55568707,.2579858,.17829178,1.8475132,17.662376,8.7902889,1.2410854
002259,20184,0,1.3238896,.85600007,.58467168,1.2994866,.19877099,2.69279,16.459608,8.8041658,1.6765704
002259,20191,0,1.4966328,.45399997,.57678944,1.4907817,.34674519,2.0697865,11.487633,8.8484125,4.4702773
002259,20192,0,1.2870001,.15833327,.51575398,.20721637,.22335827,2.4661913,11.32924,8.8590183,6.0112672
002259,20193,0,1.308365,-.10833335,.49143875,.16578518,.14465958,3.8812797,11.856705,8.8652344,7.4945645
002259,20194,1,1.3623995,-.11428566,.49770391,.95092058,.23058578,3.1043375,11.951354,8.8921919,8.8026505
002259,20201,0,1.2335341,.3685714,.49222296,1.2327119,.18069826,2.2740357,12.358936,8.9304228,8.2009687
002259,20202,0,1.8880072,.62857145,.63350993,.27410787,.76043165,2.3066452,12.373546,8.9423056,8.3287382
002259,20203,0,1.8869389,.59500003,.70816398,.47182474,.46441242,2.4405935,9.6421957,8.9476671,8.2432833
002259,20204,0,1.3943746,.64428568,.75118417,.98587954,.14321023,2.9557991,8.3921757,8.9655962,7.3404236
002259,20211,0,.99583995,.79124999,.66678041,1.190735,.13276406,1.8087016,8.9813557,8.9982338,6.7811584
002259,20212,0,1.0271297,1.3824999,.62522364,.28933331,.20612453,1.9913757,12.525278,9.0706415,12.833543
002259,20213,0,.89006823,1.3050001,.64454502,.50482649,.065621033,2.0413361,14.185548,9.0754423,12.777534
002259,20214,0,.83158445,1.0922222,.6783815,.79856217,.16760209,2.0161071,15.321628,9.0949736,12.937684
002259,20221,0,.94911373,1.2711111,.61914939,1.2869836,.15122819,1.4978161,15.789565,9.1195288,12.129469
002259,20222,0,1.3496017,1.71,.57805187,.36596501,.23379487,1.7197454,15.615395,9.1193924,4.8751292
002259,20223,0,1.5391889,1.6466668,.61146837,.38286453,.16817446,1.8884209,16.126055,9.1198206,4.4377961
002259,20224,0,1.4750243,.5844444,.65537751,.77741593,.18334542,1.4809982,15.865576,9.1401644,4.5190725
002403,20131,1,.98893166,1.8933333,.2440704,1.6965207,7.8808813,.32036105,-7.3217125,10.488409,8.5055676
002403,20132,0,1.0082015,2.1077778,.19915496,1.490628,7.0443296,.27254018,-1.130724,10.490107,10.394629
002403,20133,0,.99084246,2.4211111,.19369082,1.9088602,7.720953,.34205011,-5.9192462,10.49825,13.521942
002403,20134,0,.98564142,2.8988888,.19230399,1.9726117,7.3959351,.54341918,-7.6101527,10.513362,2.086612
002403,20141,0,.68552679,2.7827275,.17222434,2.4279642,11.725228,.30576286,-5.3908167,10.560801,7.2391272
002403,20142,0,.87108088,2.7209091,.1810299,.99629003,21.119555,.32910484,-5.1167994,10.417029,-7.3077388
002403,20143,0,.84472311,2.6045454,.18973845,2.152046,21.415993,.31937438,-5.1514344,10.419391,-7.8859568
002403,20144,0,.90149397,2.5490909,.17736854,.038863979,21.587444,.57100153,-4.1989522,10.417807,-9.5554743
002403,20151,0,1.0473143,2.2163637,.14672549,3.514178,22.030281,.4029749,-4.8567042,10.426706,-13.409421
002403,20152,0,1.0754132,2.0163636,.14454864,-.38714671,22.654039,.49137855,-8.3457737,10.421657,.46266666
002403,20153,0,1.0539206,2.3581817,.13587207,2.2094262,17.137135,.73230267,-5.7477293,10.372052,-4.7337618
002403,20154,0,1.2020042,2.1172726,.15386535,-.61990625,17.03326,.89681864,-6.530477,10.366561,-5.124609
002403,20161,0,.9668383,1.96,.12084203,3.7640166,13.449666,.76225275,-8.5109978,10.365585,-6.1121058
002403,20162,0,.89277279,1.4566667,.13233817,3.6560893,13.504953,.81838703,-9.453104,10.370111,-5.1545677
002403,20163,0,.95868719,1.3100001,.12092603,3.6611741,14.16649,1.0386524,-8.7373466,10.399129,2.7075822
002403,20164,0,.98722446,1.3777778,.17126802,2.6506953,16.485308,1.100009,-9.9382429,10.426054,5.9493008
002403,20171,1,1.045229,1.948,.16866551,4.6696534,18.838818,.86332214,-7.6541977,10.425461,5.9875803
002403,20172,0,.97526115,1.6358333,.1601276,2.7810669,18.547531,.75295258,-2.6968808,10.402352,3.2241452
002403,20173,0,.90445077,1.1741666,.16111985,2.5292587,19.470802,.7842198,-2.0786791,10.41658,1.7452134
002403,20174,0,.70075911,.99000001,.14393151,-6.8516941,20.961239,.74756455,-2.2736237,10.433439,.73851216
002403,20181,0,.65567631,.99636364,.12431084,4.4290781,20.303419,.7123484,-4.4457779,10.420822,-.4638862
002403,20182,0,.88926983,1.166,.12525229,1.1274673,20.463682,.59849471,-10.883018,10.406775,.44229096
002403,20183,0,.8614822,1.0055556,.13398878,5.8239641,18.611563,.68625349,-4.050806,10.393325,-2.3256159
002403,20184,0,.88030398,.89100003,.13341635,3.4386673,20.246635,.85966682,-2.2833691,10.426262,-.71775943
002403,20191,0,1.0815563,.514,.16828988,4.8876696,25.393015,.58309042,-4.552968,10.462704,4.1881313
002403,20192,0,1.1601137,.24699998,.1954162,4.1109262,25.159327,.54831487,-7.1365089,10.458349,5.1574364
002403,20193,0,1.1530186,-.056666706,.21515197,2.4527309,53.218643,.34443378,21.838137,10.918048,52.472328
002403,20194,0,.8698175,-.15999997,.20672759,-1.8386642,56.660809,.437031,19.593586,10.958374,53.211285
002403,20201,0,.85262507,.38700002,.34066522,-.59641075,11.845872,.14313859,11.21113,11.774858,131.21556
002403,20202,0,1.5492095,.58888888,.39535424,-.065746225,14.171791,.10132653,10.375348,11.769774,131.14253
002403,20203,0,.96446079,.54333329,.37965769,1.4616321,17.083607,.11946031,10.58135,11.760379,84.233139
002403,20204,1,.7277807,.51225805,.36950544,-7.9873505,17.019024,.22543333,10.237926,11.740348,78.197357
002403,20211,0,.63726187,.69999999,.26671439,1.7057587,13.959201,.14601497,18.586298,11.682508,-9.2350979
002403,20212,0,.60824656,1.0774286,.2671316,.93831986,11.8086,.18677458,21.561039,11.630131,-13.964399
002403,20213,0,.46654269,1.11,.24549298,1.3953446,12.807205,.24368891,16.61771,11.615455,-14.492414
002403,20214,0,.5600217,1.1700001,.28278291,2.138999,14.394957,.28856647,17.050524,11.616321,-12.402679
002403,20221,1,.63389057,1.27,.25058734,1.1691091,15.881772,.23144338,19.035442,11.60198,-8.0528135
002403,20222,0,.96016806,1.7821875,.19904827,1.3791564,14.898965,.26399052,21.27721,11.542814,-8.7316246
002403,20223,0,.94917351,1.7065625,.19408566,1.600287,13.371265,.24612133,18.025055,11.516489,-9.8965864
002403,20224,0,.89080983,.58812499,.21098155,2.0591469,9.3598518,.35235652,15.859942,11.49472,-12.160029
002435,20131,1,.45376202,.080000013,.28091294,4.1404872,9.6874256,.53629166,-24.370373,8.243782,3.4854748
002435,20132,0,.50486135,1.4175,.18030985,2.9486208,10.093156,.93677425,-2.5008531,8.2512207,4.1531134
002435,20133,0,.59279883,1.74,.17846622,3.9437399,5.6260343,.68946499,-8.4828014,8.1958857,4.1960258
002435,20134,0,.65691441,2.4899998,.17897214,5.5887141,5.8871408,.94953877,-11.089945,8.2122974,2.834142
002435,20141,0,.56116515,2.5066667,.19284655,4.5595055,4.9459038,.74703765,-11.653111,8.2641058,2.0323629
002435,20142,0,.5425579,2.7199998,.18895154,3.3308289,7.1875782,.97670925,-10.578004,8.2922983,4.1077685
002435,20143,1,.47823507,2.6133332,.17727982,3.6558616,10.650743,.75554472,-12.088331,8.3194733,12.35883
002435,20144,0,.45896953,2.4933333,.18379444,4.963016,10.975901,.69195896,-14.541307,8.3406944,12.839751
002435,20151,0,.88701808,1.91,.17202646,4.3601227,5.5385342,.77775156,-11.006591,8.3530254,8.8920078
002435,20152,0,.88932633,1.6,.17894591,3.3886087,6.0081711,.67291516,-12.624511,8.3335104,4.1212602
002435,20153,1,.88599062,1.67,.16867347,3.7204866,8.8242311,.93012166,-8.7915001,8.3411722,2.1698053
002435,20154,0,1.0676178,2.2525001,.12870438,4.6146746,11.398246,.62298107,-3.5883813,8.3742466,3.3551533
002435,20161,0,1.2523422,1.9325001,.10741287,4.3760128,4.5149341,.55568421,1.9213468,8.370779,1.7753327
002435,20162,0,1.1339771,1.7749999,.12572652,12.047081,7.3159471,.46157396,1.3610959,8.3740158,4.0504713
002435,20163,1,.9780193,1.5874999,.14020337,3.4425054,6.2873535,.40640688,-2.0505071,8.3387842,-.23877758
002435,20164,0,.98714215,1.25,.11949278,4.1640377,9.652997,.42060986,15.853074,8.4669523,9.2705793
002435,20171,0,.97883803,1.4025,.12532087,3.8559322,4.4703388,.76271188,9.3075247,8.4595642,8.8784904
002435,20172,0,.87607026,1.6875001,.119959,3.1521738,4.2826085,.9130435,11.721396,8.4338112,5.9796162
002435,20173,0,1.0478203,1.7666668,.13431001,3.8486488,3.9351351,.60540539,10.029986,8.4392319,10.044767
002435,20174,0,.94541991,1.4733334,.13329776,4.9770927,4.9562683,.77051228,9.6094551,8.4767876,.98358023
002435,20181,0,.8909595,1.51,.1336585,3.8167939,4.2587385,.72318196,7.1662216,8.5127831,5.3219404
002435,20182,1,.72670293,1.3033334,.079028353,2.181674,5.6921854,.53550178,4.7997832,8.5255585,9.1746521
002435,20183,0,.87129325,1.118,.073191173,4.0192924,4.8030548,.46221864,11.355925,8.5123816,7.3149986
002435,20184,0,.90694773,.93000001,.083566181,4.955224,4.1990051,.63681591,5.6360245,8.5221806,4.5392957
002435,20191,0,.88901687,.926,.10239994,4.4086227,3.7483006,.60205865,7.9317183,8.5465574,3.3774316
002435,20192,0,1.0518292,.41,.10322605,3.0796049,5.0358319,.67790043,9.2207909,8.5492735,2.3714976
002435,20193,0,.81038409,.20999996,.10185294,3.619381,5.9739251,.40863982,7.6256332,8.5446138,3.2232153
002435,20194,0,.88162774,.089999959,.097821563,5.2987599,5.768508,.60127771,5.7112546,8.5796041,5.742372
002435,20201,0,.93135154,.204,.09696769,4.1599135,4.2319465,.6482982,3.9673119,8.6220932,7.5535803
002435,20202,0,.7597056,.36799997,.096994855,2.3196812,5.0018125,.54367524,1.7798573,8.6157703,6.6497669
002435,20203,0,1.7972655,.59499997,.10319348,5.6191468,11.706555,.26014569,4.3041735,8.6597338,11.512009
002435,20204,0,.98412514,.65399998,.098238371,3.8765953,14.666451,.2422872,-1.4684796,8.7308521,15.124745
002435,20211,0,1.0264828,.80200005,.11068613,3.4488189,15.181102,.2047244,-.97782314,8.7562103,13.411649
002435,20212,0,.611727,.88,.11140126,1.8475751,17.028484,.33872208,-3.0391812,8.7787876,16.301718
002435,20213,0,.58763152,1.5039999,.11259724,2.9438822,17.632627,.22999081,-4.0750861,8.7829361,12.320248
002435,20214,0,.55685693,1.268,.1227503,3.5871716,17.814259,.30399758,-5.8697224,8.7916384,6.0786133
002435,20221,0,.56308877,1.4119999,.13731323,3.9147522,16.218258,.45344621,-6.0392113,8.797246,4.1036143
002435,20222,0,.78256953,1.4460001,.12156485,2.4253132,13.042082,1.1725024,-2.3296356,8.7364893,-4.2298579
002435,20223,0,1.1496578,2.1174998,.13062055,3.9071078,13.714107,.51780951,-3.4095793,8.7598257,-2.3110759
002435,20224,0,1.1972951,1.0424999,.12216978,3.481061,13.87824,.429382,-7.1083517,8.7827826,-.88550198
002574,20131,0,1.3975884,1.615625,.44837391,1.5112361,4.4846425,1.6060972,-1.148355,10.327807,3.6577258
002574,20132,0,1.3375136,1.9511765,.37407723,1.7033937,3.5048716,1.942065,-1.4968753,10.328298,4.6853247
002574,20133,0,1.284018,2.2213335,.41068766,1.4733979,3.293287,1.9494187,-1.7592758,10.337896,4.2738438
002574,20134,1,1.2834175,2.6486666,.37769499,1.376725,2.3236272,2.0230749,-2.3726106,10.339902,3.328548
002574,20141,0,1.3890239,2.5126317,.36189196,1.2522812,3.3950036,1.4945567,-1.7482996,10.366655,3.8848243
002574,20142,0,1.1574786,2.3081248,.3647249,1.6698232,2.282197,1.518308,-2.2608697,10.363441,3.5143178
002574,20143,1,1.0913221,2.3862503,.35447422,1.5918686,2.4675527,1.8795934,-2.8639822,10.372709,3.481324
002574,20144,0,1.1976857,2.3615789,.34709176,1.5050731,3.2308493,2.7342672,-1.7793715,10.392773,5.287076
002574,20151,0,1.2674127,2.0361111,.31500226,1.3372462,2.9074516,1.8092155,-1.5169144,10.405868,3.9212241
002574,20152,1,1.1703825,2.0050001,.34471637,1.6676215,2.466753,2.0807576,-3.212872,10.40913,4.568892
002574,20153,0,1.3790245,2.2473683,.35929537,1.5010214,3.3099446,1.8385291,-2.3655355,10.427535,5.4825749
002574,20154,1,1.6250327,2.0763159,.44589308,1.3699838,2.8399236,1.9197414,-2.7348547,10.434557,4.1784043
002574,20161,0,1.6487297,1.8971429,.47974083,1.0160108,4.1039987,1.2129341,-2.0114632,10.464217,5.8349395
002574,20162,0,1.6411874,1.5947368,.4742505,1.2857555,3.1956081,1.8520659,-2.1507411,10.451898,4.2768168
002574,20163,0,1.4462812,1.507647,.47411084,1.316932,2.3965268,1.5166426,-2.7774067,10.450163,2.2627451
002574,20164,1,1.3500726,1.4523529,.41315225,1.3206079,2.1769845,2.3298059,-2.7451038,10.453947,1.9390382
002574,20171,0,1.2667506,2.2241175,.3497926,1.0221946,2.8802168,1.2452703,-1.2499928,10.474862,1.0645496
002574,20172,1,1.264717,1.9588236,.27275217,1.4280914,3.4078181,1.4392921,-1.6061604,10.483242,3.1344109
002574,20173,0,1.1263874,1.3933333,.23359255,1.279942,3.0590334,1.4137921,-2.4507046,10.487406,3.7242804
002574,20174,0,1.2577856,1.3510526,.22551519,11.638041,1.9790289,1.6248279,-2.4427593,10.479342,2.5394938
002574,20181,1,1.1505331,1.173,.23103052,1.9446542,1.1723887,1.0296875,-2.7854264,10.483997,.91353077
002574,20182,0,1.2251422,1.190909,.29594406,2.3424771,5.3153129,1.2153102,10.052112,10.530468,4.7226176
002574,20183,0,1.3653681,1.0208695,.25655881,2.4211895,3.7996967,1.1293468,3.7639141,10.516617,2.9211392
002574,20184,1,1.1749762,.89739132,.22020076,2.2869701,3.4670789,1.3700117,3.40271,10.51491,3.5567157
002574,20191,1,1.4345124,.54639995,.24977204,2.2706854,3.0248578,.96109343,5.6451292,10.511322,2.7324104
002574,20192,0,1.3112077,.31576923,.20612256,2.2802327,5.2681236,1.0903182,8.8449507,10.549386,1.891766
002574,20193,1,1.2835058,.097499937,.19953078,2.2571459,4.5643916,1.1127518,8.8835688,10.54334,2.672241
002574,20194,0,1.2565556,.0067857574,.22056566,1.9873695,6.5936337,1.2011857,10.530633,10.566047,5.113729
002574,20201,1,1.0657237,.48111108,.2133754,2.0127037,5.1075621,.99589622,10.07568,10.552082,4.0759916
002574,20202,0,2.3649399,.78892857,.27128759,1.2849565,6.3913064,1.0815265,10.807517,10.567052,1.7665551
002574,20203,0,1.4301587,.91192305,.22833937,1.8918363,6.667695,1.0487354,8.1732779,10.568852,2.5512917
002574,20204,0,1.3231522,.81999999,.21496607,1.9268311,7.3498464,1.0572219,5.6216002,10.582612,1.6565218
002574,20211,0,1.0034751,1.0562068,.19011514,1.7741814,7.8682175,.76897943,6.0322227,10.591446,3.9364469
002574,20212,0,.94115204,1.8246154,.18062809,2.9552555,7.4498639,1.1286908,4.3190508,10.588905,2.1853504
002574,20213,0,.88524455,1.6292857,.18599574,2.4190929,7.4721975,1.1645633,5.5329652,10.59701,2.815731
002574,20214,0,.87544781,1.4832144,.20020372,2.3274937,5.4374642,1.4229112,8.1465216,10.599854,1.7242674
002574,20221,0,.99569261,1.5861539,.16363268,2.1193652,5.7141447,.81665885,7.8862638,10.609822,1.8376095
002574,20222,0,1.3166958,1.8869231,.16236821,2.9120934,5.0232372,1.1865915,6.4606876,10.607871,1.896643
002574,20223,1,1.4478326,1.7724,.21213523,2.7523165,2.0115941,1.5508101,5.9403391,10.605743,.87334627
002574,20224,0,1.3594718,.53148144,.23019855,2.4099238,5.6791821,1.6476493,10.205015,10.651171,5.1315722
002593,20131,0,1.3994572,1.14,.73250192,.61700183,2.0795248,1.4853748,2.4255037,8.3838902,34.92593
002593,20132,0,1.4099391,1.3000001,.84130347,1.353211,1.9495413,1.559633,3.4176083,8.3802271,24.020338
002593,20133,0,1.1540248,1.6999999,.78515303,1.0829494,1.751152,1.5898618,2.3676186,8.3756294,25.325838
002593,20134,0,1.1812333,2.1850002,.71016216,1.8899126,2.244271,.99220413,.2399534,8.350666,-3.8466282
002593,20141,0,.99903888,2.1700001,.60952282,.80808085,2.3569024,.62850726,2.3120701,8.401782,1.7891996
002593,20142,0,.79909229,2.1299999,.53236139,1.1589036,1.9835079,1.0028973,1.5755206,8.4089394,2.8712268
002593,20143,0,.59761584,2.0999999,.55461317,.72126567,2.3499303,1.3029315,-3.5381675,8.3659048,-.97245502
002593,20144,0,1.1481086,1.53,.59962302,1.101861,1.6405486,1.0039178,-3.3467233,8.3148317,-3.5834062
002593,20151,0,1.454651,1.395,.6567834,.65375912,2.2127233,.72919285,-.83606243,8.2882833,-11.349929
002593,20152,0,1.4781213,1.05,.60370177,-11.923902,2.5187566,.88424438,-.18126667,8.2247,-18.424004
002593,20153,1,1.5699112,1.165,.50323564,1.236094,2.5957973,1.1742892,3.2387109,8.0820932,-28.38118
002593,20154,0,1.9199607,1.08,.61593556,-.22764227,2.504065,.78048778,-12.335649,8.0310602,-28.377199
002593,20161,0,1.5924728,1.11,.45313457,1.6243656,2.8426397,.94754648,1.359424,7.9912539,-29.702911
002593,20162,0,1.7939037,.83999997,.41674814,1.8679119,5.9372916,.93395597,-1.4764369,8.0057011,-21.899887
002593,20163,0,1.6020606,.67999995,.44855669,1.7144742,7.3194852,1.055061,-.87776184,8.0173073,-6.4785771
002593,20164,0,1.5178831,.84333324,.3829647,1.806833,6.570302,.72273326,-2.2365899,8.0209274,-1.0132461
002593,20171,0,1.441453,1.2633333,.37583604,2.5264595,6.452714,.78525096,-1.796034,7.9824162,-.88375837
002593,20172,0,1.385897,1.505,.34353906,1.5254787,4.3167806,1.3307368,-2.21892,8.0330095,2.7308819
002593,20173,0,1.2755642,1,.41161889,2.2655759,6.2303333,1.9194461,-2.6435466,8.0640078,4.6699839
002593,20174,0,1.1612492,.97000003,.42362899,-3.6813519,8.4490042,1.5691009,-3.6049752,8.1059113,8.4983473
002593,20181,0,.98516166,.97000003,.40204424,-5.4248981,5.9266229,1.787394,-1.0747313,8.0674629,8.504632
002593,20182,0,1.0800853,1.035,.34466878,2.8232274,5.7427011,1.8607635,-5.9894056,8.0446262,1.1616781
002593,20183,0,1.1467522,.94499999,.29670393,3.0749102,4.2852468,2.0281322,-6.0052066,8.0251894,-3.8818023
002593,20184,0,1.1650827,.815,.28852776,2.1270037,5.3945746,1.6646115,-.36712289,8.0845623,-2.1348782
002593,20191,1,1.2510755,.38499999,.43450511,.70660526,4.3625193,1.3210446,5.6365461,8.0879478,2.0484886
002593,20192,1,1.2508211,.090000011,.44313186,.97799516,5.378973,1.772616,6.9533019,8.0931568,4.8530416
002593,20193,0,1.5250078,-.26666668,.39469999,1.0580314,4.7130489,2.2122474,2.5879204,8.0452681,2.0078394
002593,20194,1,1.4431365,-.24999997,.37842834,1.3648469,5.6258321,2.2636485,2.1743865,8.0077,-7.6862402
002593,20201,1,1.2442119,.17666665,.37708747,-.031735957,5.4903207,1.6185337,4.6941519,8.0554752,-3.2472413
002593,20202,0,2.3997476,.34666663,.61331391,-.19373588,5.7152081,1.3884405,8.9194298,8.0381889,-5.4967518
002593,20203,0,2.3644168,.25999999,.4460735,-9.0096054,5.366015,1.2586949,7.531601,8.012681,-3.2586787
002593,20204,0,1.8159081,.25,.41340476,2.1574972,5.4297013,1.0427903,7.0228157,7.9305658,-7.7134161
002593,20211,0,1.5574015,.39666662,.32320189,2.5167785,4.9328861,1.3422819,-8.4232483,7.9996786,-5.5796566
002593,20212,0,1.2538067,.80666661,.27417165,2.8224483,4.9228749,1.5096816,1.6780436,8.0219126,-1.62764
002593,20213,0,1.0556635,.76999998,.29713041,.89922482,5.3643408,2.4806201,1.7306894,8.0786886,6.6007299
002593,20214,0,1.0538794,1.0749999,.33485675,-2.692075,5.1421657,.90744102,5.3979816,8.1034946,17.292843
002593,20221,0,1.0490359,1.2900001,.23744422,3.2277529,5.4298644,1.2368025,6.1385899,8.1062126,10.653433
002593,20222,1,1.2634825,1.67,.23481594,2.7525539,6.1010218,1.4188422,1.2728989,8.1673517,14.543921
002593,20223,0,1.7250611,1.6833335,.250283,2.6345291,5.9977579,2.5224214,7.2561979,8.1797609,10.107226
002593,20224,0,1.8915623,.50999999,.24937843,1.5319149,5.8439717,.99290776,10.842511,8.1676359,6.4141436
002710,20131,0,2.4019821,.97000003,.48817262,.98165256,2.4090738,.11895178,11.927724,9.026742,14.141181
002710,20132,0,2.3226063,1.17,.4035618,.69258058,4.3400846,.28802973,7.0968509,8.9409046,7.1660705
002710,20133,0,1.8354883,1.336,.35109264,16.101732,6.4459825,.28775761,14.501751,9.1540241,29.918777
002710,20134,0,2.0719123,1.9340001,.50264788,1.494038,.82703149,.2598635,12.512413,9.5555458,56.329926
002710,20141,0,2.208714,1.3759999,.4101544,1.0965172,.45478958,.95980138,21.822611,9.57055,54.380806
002710,20142,0,2.1003616,1.7674999,.37128055,1.4452423,.44678754,.91874617,12.659719,9.568162,62.725754
002710,20143,0,1.7695565,1.7449999,.37601805,1.3191936,2.5467579,1.191182,15.025881,9.6052437,45.121925
002710,20144,0,1.9251896,1.705,.37428349,1.5159578,.71158594,1.5903231,15.989578,9.592701,3.7154815
002710,20151,0,2.0338063,1.6550001,.3456713,1.432529,.4492507,1.1888789,15.84633,9.6145048,4.3954573
002710,20152,0,1.7665712,1.4783334,.29569083,1.5754895,.7269966,.85641646,15.473887,9.6253929,5.723105
002710,20153,0,1.8448827,1.585,.29603112,1.9833019,.85720092,1.0828147,14.647314,9.6321573,2.6914489
002710,20154,0,2.0571175,1.54,.27793252,1.7258539,2.103564,1.3972719,14.127335,9.6597204,6.7019677
002710,20161,1,1.9617147,1.5485715,.27138975,1.506505,3.0408626,2.3365064,12.267849,9.6900835,7.5579276
002710,20162,0,2.2572031,.97142857,.26604682,1.8762158,.48983198,.99852633,13.540289,9.7389078,11.351497
002710,20163,0,1.7674277,1.0742856,.25553668,2.0357347,.94895065,1.1298922,12.414619,9.7773571,14.519956
002710,20164,1,1.7105311,.90833324,.25002652,2.2909682,1.0007111,1.2586497,10.676395,9.7823029,12.25822
002710,20171,1,1.5377086,1.2928572,.26033229,2.4672353,1.0769591,1.7237896,12.44393,9.8157539,12.567018
002710,20172,0,1.1862352,1.5028572,.25176394,2.1421967,.9536404,1.1670537,15.494818,9.8310461,9.2138205
002710,20173,0,1.0295335,1.1919999,.2355807,2.6456532,1.0501387,1.5190355,14.621362,9.8500547,7.2697854
002710,20174,0,.97943896,.95699996,.23104466,2.5377994,.64680922,1.0325259,11.397311,9.8739767,9.167387
002710,20181,1,.83956683,.83923072,.21533465,4.5282512,.76838529,1.7506255,12.082395,9.9088287,9.3074169
002710,20182,0,.83884549,1.05625,.20868595,3.6214561,.43965784,.81894171,15.39348,9.9300661,9.9020309
002710,20183,0,1.0265518,.94533336,.28467569,4.9769015,.90922081,.87631571,12.410482,10.047445,19.738991
002710,20184,0,1.0352372,.74000007,.32488221,1.2578068,.85527545,1.0362071,9.9002924,10.089864,21.588703
002710,20191,0,1.1104764,.69222218,.34629154,4.4441814,.46826148,.95373321,18.63102,10.236038,32.720955
002710,20192,0,1.1181245,.24058826,.45325956,-.83950531,.32020253,.53264457,13.898095,10.283002,35.293598
002710,20193,0,.95374936,.014117683,.40432447,-1.8140935,.34091967,.68909299,18.093773,10.273363,22.591846
002710,20194,0,.97241086,-.29055557,.32685021,1.3079249,.2950452,.66448683,13.89721,10.223943,13.407953
002710,20201,0,.8859638,.22999999,.3519786,1.4704525,.34583685,.69462645,10.593173,10.207056,-2.8981316
002710,20202,1,.84853542,-.045294084,.42149001,-.65109503,.29791534,.52775663,12.622285,10.215491,-6.7510738
002710,20203,0,1.8384669,.46722224,.38515311,1.9583324,1.1579438,.51090258,13.665933,10.171597,-10.176666
002710,20204,0,1.0184913,.46000001,.38021275,4.8404346,.77316958,.71761924,6.1813207,10.183484,-4.0458999
002710,20211,0,.86487383,.5866667,.38414016,1.3857825,.55337197,1.4364508,4.1712642,10.226679,1.9622626
002710,20212,0,.67728961,.87823534,.37485018,-3.3503289,1.6993301,.42022079,6.9669394,10.207466,-.80253237
002710,20213,0,.71300751,1.194375,.29819015,.005726852,1.9234587,.9143874,3.2392292,10.173224,.16277499
002710,20214,0,.82902408,.94235295,.31730762,1.8579102,.40804568,.9680233,2.4069757,10.140151,-4.333262
002710,20221,0,.8472479,1.2318749,.3057254,1.5489299,1.4153475,1.6770281,5.3958473,10.147504,-7.9175382
002710,20222,1,1.1335452,1.480625,.33182657,1.5064318,.7712003,.76037103,9.4643145,10.16029,-4.7175889
002710,20223,0,1.4649841,1.9241177,.28165039,-4.4549184,.39394611,.92256135,9.9958057,10.159721,-1.3503045
002710,20224,1,1.2897342,.46529415,.24426097,1.9262053,.67995834,1.0246737,11.745703,10.097445,-4.2705979
002771,20131,0,1.8496811,1.65,.48121947,1.5966216,3.2713392,.77517134,-10.407916,8.148243,9.6934156
002771,20132,0,1.5456669,1.87,.42271939,.23711072,3.3831651,.65350032,-10.157852,8.1485329,6.4710102
002771,20133,0,1.6618859,2.25,.45633385,2.2123384,4.8896718,.81735206,-10.613621,8.1497173,4.9070354
002771,20134,0,2.0816407,2.1850002,.43232858,1.9377798,9.2774334,.92023683,-9.6523676,8.1878281,10.348104
002771,20141,0,1.7049184,2.8299999,.38890487,1.024907,21.600344,.6899513,-8.7729664,8.1585159,1.0273029
002771,20142,0,1.7223163,2.1299999,.40014675,2.1207592,21.988777,1.1224231,-9.2430725,8.1735477,2.5014868
002771,20143,0,1.0660601,2.5599999,.37698635,2.3900025,20.700594,.79849052,-10.614273,8.2043715,5.4653807
002771,20144,0,1.6515054,2.1299999,.41676638,1.422655,21.651785,.69115746,-9.9215612,8.2210484,3.3221104
002771,20151,0,1.5816478,1.895,.37921783,1.0482347,19.442892,.50815439,-9.3095303,8.2318287,7.3312187
002771,20152,0,1.4152321,1.75,.36650401,2.5299919,19.845373,.3918955,-11.548582,8.2297773,5.6230464
002771,20153,0,1.7839411,1.66,.35417825,2.5813525,5.7108684,.37125629,-13.661623,8.2973938,9.3022966
002771,20154,0,2.0380065,1.47,.41493341,2.0070665,8.695652,.5741486,-12.82284,8.3127737,9.172451
002771,20161,0,1.9731693,1.47,.40402108,1.732379,10.386687,.47292686,-11.855045,8.2825079,5.0679865
002771,20162,0,1.779359,1.09,.37388238,2.8615429,11.190323,.67564213,-12.601749,8.3004789,7.0701175
002771,20163,0,1.569313,.89999998,.36684969,-.23491623,9.5380783,.75269073,-14.068043,8.3360786,3.8684864
002771,20164,0,1.8929449,.88999999,.3661471,1.9251634,8.9672747,.79479218,-16.210258,8.284832,-2.7940965
002771,20171,0,1.6721554,1.45,.34616944,1.5583236,9.7155685,.766554,-18.538254,8.2854633,.2954585
002771,20172,1,.9439193,1.27,.36641175,2.5130813,3.2918169,.87699908,-17.143566,8.3115702,1.1091326
002771,20173,1,1.0252951,.78999996,.4012011,2.0407197,3.305824,.93877846,-14.56403,8.3496971,1.3618286
002771,20174,0,1.1805873,.56,.38454619,2.6610157,3.4183283,1.2529238,-11.686315,8.3705244,8.5692158
002771,20181,0,1.0282805,.8300001,.38731706,5.8096533,7.1625342,.80191708,-.29804707,8.5754242,28.996149
002771,20182,0,1.0839269,.89500004,.42423829,2.0658455,17.789528,.44333005,-.5882442,8.6131945,30.162378
002771,20183,0,1.1608025,.85000002,.40382239,1.8367046,14.045172,.53793156,-.78385174,8.5993633,24.966568
002771,20184,0,1.1862077,.75750005,.37185439,1.6401591,14.367498,.45283851,-.32733977,8.6001368,22.961185
002771,20191,0,1.4355168,.34750003,.43532139,1.5126115,15.309,.44387713,-.27173162,8.5658312,-.95934004
002771,20192,0,1.2363431,.029999945,.3598935,2.8839805,9.7440443,.33385518,.57606995,8.5757828,-3.7411239
002771,20193,0,1.2206632,-.29000005,.32224426,2.5552652,7.8195939,.28906554,-.61951876,8.5935431,-.58199316
002771,20194,0,1.0325302,-.20999999,.3252559,1.8516179,11.876703,.58291674,-.67698061,8.6199484,1.9812012
002771,20201,1,.94774234,.13499998,.28752857,1.1244541,6.3901024,.41484717,-.86973906,8.6117754,4.5944872
002771,20202,0,2.2092116,.40499997,.36065021,1.1972815,18.859566,.40809199,8.8736982,8.7479239,17.214109
002771,20203,0,1.7786006,.24000001,.38308203,1.7612728,12.70079,.41664517,2.3447573,8.6670427,7.3500276
002771,20204,0,1.1013012,.22750001,.37041724,1.3896552,12.396552,.39310342,1.6734987,8.6656132,4.5664883
002771,20211,0,.79778767,.37249997,.30144906,.88981318,15.379108,.34092459,2.8822451,8.6769962,6.5220604
002771,20212,0,.68018705,.81999999,.27804837,1.7262959,13.337506,.6102013,.93029439,8.6573381,-9.0586214
002771,20213,0,.70680976,.61749995,.24224845,2.4335108,12.215506,.5788365,.78216493,8.6723661,.53229976
002771,20214,0,.71347958,.65333331,.24532609,1.810703,4.178328,.64879996,8.0457096,8.8642664,19.865299
002771,20221,0,.83504385,1.046,.20242885,2.671524,4.4764585,.42915493,9.7599659,8.8883152,21.131884
002771,20222,0,1.2666762,1.4840001,.20928478,4.1171651,3.98334,.70462918,7.5921001,8.8987751,24.143768
002771,20223,0,1.5387688,1.5340002,.2330074,3.3611782,4.6610451,.63079822,6.9320531,8.9329653,26.059881
002771,20224,0,1.4364805,.565,.20963289,2.2529747,8.0884638,.68546301,7.0210071,8.9531231,8.8856659
002787,20131,0,2.9671469,1.65,.43675449,1.2741075,2.4436529,3.3537295,-23.975952,7.8563972,32.013977
002787,20132,0,2.1607633,1.87,.48342744,1.4058911,10.10527,3.888489,-14.233823,7.9780707,11.622833
002787,20133,0,2.060993,2.25,.53670025,1.2001804,8.9319782,3.98557,-16.705154,7.9665518,9.2649736
002787,20134,0,1.8669747,2.79,.43460739,1.0083746,6.8706207,3.3327634,-10.189722,7.9812207,11.676236
002787,20141,0,1.6321059,2.8299999,.41784069,1.0568489,3.667887,2.9633212,-16.411839,7.9708786,11.448153
002787,20142,0,1.9971403,2.1299999,.4075093,1.2851216,2.8771882,1.7202414,-16.755981,7.9945312,1.6460158
002787,20143,0,1.7807243,2.0999999,.44448164,.4415372,3.9247751,1.9296812,-17.321253,8.0253525,5.8800859
002787,20144,0,1.7697632,2.1299999,.61950725,.80007964,2.1910896,2.2707655,-10.632933,8.0104256,2.9205301
002787,20151,0,2.1650341,1.895,.58845037,-.045826513,.94271684,.81505728,-14.60516,8.0245352,5.3656321
002787,20152,0,2.1418107,1.75,.68410045,.75823951,.99076629,.61333156,-16.639593,7.9954414,.091030166
002787,20153,0,2.1486666,2,.67597556,.30627343,2.4088924,1.0289412,-16.91713,7.9744983,-5.0854435
002787,20154,0,2.8675482,1.47,.86531675,.40054336,1.0657936,.68266517,-10.586494,7.9624505,-4.7975478
002787,20161,0,3.081702,1.47,.82823735,-.84489191,.74280083,.58438361,-15.212642,7.9517708,-7.2764292
002787,20162,0,4.0122271,1.09,.73475116,.53472102,.83976316,1.0443208,-15.74715,7.9325414,-6.2899818
002787,20163,0,3.9690249,.89999998,.72501475,-.22188024,2.9345453,.95193785,-18.954395,7.9353371,-3.9161525
002787,20164,0,2.9331439,.88999999,.6023131,.24874739,1.8087487,.65740377,-12.600478,7.9423976,-2.0052736
002787,20171,0,2.9349971,1.45,.67129785,.74530137,.81011021,.64808816,-18.256681,7.9292707,-2.250006
002787,20172,0,2.1194718,1.27,.66557896,.90348637,.58815193,1.2542518,-18.22863,7.945343,1.2801259
002787,20173,0,2.0726931,.78999996,.68750459,.81303644,2.3036032,1.0041347,-18.040604,7.9648857,2.9548726
002787,20174,0,2.0272281,.76999992,.54840469,3.1840968,.860847,.92653406,-12.004698,7.9698763,2.7478685
002787,20181,0,1.6955005,.86000001,.53200424,1.0257804,.70310116,.85594922,-18.16081,7.9875584,5.828793
002787,20182,0,1.6852597,.755,.66108394,1.4305291,1.5642233,1.8082155,-15.881724,8.003664,5.8321052
002787,20183,0,1.5883181,.755,.60545808,1.0475557,1.8689724,1.3834386,-18.929193,8.0086985,4.3812551
002787,20184,0,1.5607072,.70000005,.53486955,1.1803038,.56521595,1.3332446,-13.167434,8.0089312,3.9054487
002787,20191,0,2.1969151,.31000006,.89468759,1.616168,.90138531,1.5497501,-17.068386,8.058897,7.133832
002787,20192,0,1.5053071,-.010000015,.71797061,1.5091661,.58329731,1.5307697,-16.404312,8.0833902,7.9726419
002787,20193,0,1.751974,-.35000002,.67277145,1.2924273,.84697914,1.4900559,-19.586653,8.0670862,5.8388124
002787,20194,0,1.4910201,-.24000004,.64187372,1.1611552,.73619634,1.4005686,-11.490013,8.1141748,10.524414
002787,20201,0,1.338979,.070000015,.67581517,1.1722882,.87848157,1.4602187,-16.857367,8.1325893,7.3692212
002787,20202,0,6.4282656,.099999994,1.7380474,-3.4524989,2.7118447,.79897356,-14.66552,8.1401405,5.6750264
002787,20203,1,3.703155,.025000004,1.2391603,-1.4594696,5.9835153,1.0318542,-14.321141,8.0793705,1.2283864
002787,20204,0,4.1165071,.20333333,1.6120039,-2.713587,6.9965162,.85019338,-14.412395,8.0483732,-6.5802226
002787,20211,0,2.1748021,.44499999,.94880563,-1.3305299,8.916193,.61105818,-17.742182,8.020895,-11.169411
002787,20212,0,2.1388915,.45499998,.69423711,-1.8963799,8.1102629,.7306543,-19.842016,8.0100279,-13.011307
002787,20213,0,1.5753388,.47999999,.71330696,-.49811521,9.6728592,.48465264,-18.319796,7.9967213,-8.2648973
002787,20214,0,1.9820124,.43000001,.86394364,-.98989832,7.2029462,.64191359,-12.129476,7.9929109,-5.5462098
002787,20221,1,2.6086462,.70500004,.94093573,-.26389804,3.3647001,.87155801,-14.928425,7.9655108,-5.5384016
002787,20222,0,4.7286115,1.6800001,.66410613,.080490373,12.194291,1.015417,-8.4991426,8.0802994,7.0271807
002787,20223,0,4.9738894,1.6750001,.99920827,-.23531017,5.2586708,.46038944,-14.903543,7.9835424,-1.3178813
002787,20224,0,3.9845088,.48000002,.86731261,.21429299,1.7891765,.59525836,-8.7715893,7.9861307,-.67799163
002817,20131,0,.93585914,1.5571429,.29919088,.98482472,6.3252606,1.3787546,19.33456,11.400384,9.2688169
002817,20132,0,1.0019612,2.088125,.320768,1.0817755,7.0315404,1.0874097,19.899628,11.393499,5.6023588
002817,20133,0,1.1430538,2.525625,.32478908,1.0826896,7.3281832,1.1055794,19.945107,11.377964,-1.6605285
002817,20134,0,1.0561136,2.8733335,.33530149,1.1492803,7.5866261,1.4701164,20.701031,11.376785,-3.6773107
002817,20141,0,1.0746634,2.7173336,.36012986,1.0860348,7.4467583,.87047684,20.339861,11.349182,-5.1201415
002817,20142,0,1.1199175,2.5571427,.32036731,1.1836914,6.6199036,.94316143,21.17547,11.343287,-5.0212698
002817,20143,1,.94063616,2.462353,.30744961,1.1579583,9.7145529,.96439588,21.604671,11.383124,.51597697
002817,20144,0,1.0010742,2.6173332,.3027389,.89598525,7.8164949,1.1800492,22.482796,11.344365,-3.2420166
002817,20151,0,1.1920964,2.2893748,.30220798,1.4702235,8.8284273,.97542542,22.602543,11.346646,-.25357226
002817,20152,0,1.2644243,2.0788236,.34964874,.97223902,9.3090076,.78191292,22.512175,11.320433,-2.2854784
002817,20153,0,1.2496188,2.3453333,.33382106,.67970139,9.6629457,.88276064,22.331387,11.317421,-6.5702848
002817,20154,0,1.6014894,2.1473334,.40357375,-.11903405,7.8410516,1.3473641,22.685587,11.276811,-6.755414
002817,20161,0,1.5421855,2.0364707,.3742612,.34523612,8.4538269,.94271117,23.15056,11.270816,-7.5830846
002817,20162,1,1.4787825,1.6430769,.35170907,.70236379,7.815393,1.1046267,22.824112,11.268393,-5.2040076
002817,20163,0,1.4209137,1.4286667,.34411049,.36143038,8.9438057,.75989783,22.507263,11.268303,-4.9118519
002817,20164,0,1.4672397,1.4586667,.30166489,-1.5326824,8.3126097,.95285463,22.030628,11.243764,-3.3046496
002817,20171,1,1.201841,1.9314286,.23417024,.25701433,9.889698,.68135571,22.216316,11.221289,-4.9526768
002817,20172,0,1.2665176,1.79,.24976818,1.0341848,12.553353,.79304695,20.627272,11.258665,-.97270042
002817,20173,0,1.1951154,1.31375,.22129858,1.3488728,13.352439,.65341997,20.925135,11.270981,.26784024
002817,20174,0,.96462142,1.1346154,.21203457,-1.6535133,12.682027,.88976574,19.795168,11.271618,2.7853792
002817,20181,0,.84715366,1.0908333,.1590405,2.1634054,11.173046,.98360229,19.547522,11.251067,2.9778154
002817,20182,1,.87695283,1.11,.1726422,2.1880689,10.496834,.98828411,16.190353,11.264644,.5978303
002817,20183,1,1.0677404,1.01,.18342465,2.1864359,11.348702,.7608847,19.60079,11.277039,.60572767
002817,20184,0,.88937449,.86928576,.17488956,1.3399992,10.49112,1.006278,19.813446,11.26714,-.44779336
002817,20191,1,1.183637,.51999998,.19163859,2.3959036,10.226853,.69673538,19.930384,11.270968,1.9901475
002817,20192,1,.96686894,.26071429,.19796018,2.0577698,9.2599649,.86121488,18.498745,11.273728,.90851718
002817,20193,1,.91373605,-.04250006,.19036201,1.8866732,9.5444965,.796848,19.690306,11.279568,.25288618
002817,20194,0,.96435809,-.024117623,.21041192,1.4078187,10.26887,1.0424012,22.257406,11.264375,-.27656513
002817,20201,0,.78179359,.39200002,.1838108,1.3919162,10.671357,.69850737,21.712482,11.270255,-.071354851
002817,20202,1,1.9578166,.69235295,.22272655,.60347331,9.5224915,.59293222,21.683302,11.237093,-3.6635838
002817,20203,0,1.2371097,.83687502,.19983427,.87244993,11.647468,.64388895,22.360416,11.245909,-3.3659029
002817,20204,0,1.1100303,.859375,.1850165,1.0164058,12.31936,.81312472,19.893307,11.248192,-1.6182963
002817,20211,0,.86596042,1.0335294,.15467647,1.9534243,12.131659,.64348096,18.18926,11.268609,-.164565
002817,20212,0,.81905985,1.68375,.13193648,1.7503004,14.229088,.73827249,16.510067,11.298853,6.1760235
002817,20213,0,.6860683,1.5706251,.1408549,1.7454741,13.727554,.7185086,16.070175,11.310773,6.4864168
002817,20214,0,.76306701,1.4143751,.15486497,2.6242821,12.561893,.97172707,17.159065,11.299534,5.1342812
002817,20221,1,.85614389,1.4964706,.14684218,1.8564371,12.498641,.82011765,18.70076,11.324099,5.5489445
002817,20222,0,1.0225998,1.8142856,.14208598,2.0333998,9.5361958,.72317564,18.91923,11.317835,1.8981583
002817,20223,1,1.0709637,1.76,.16301692,2.5164289,8.9511385,.76072353,17.958614,11.303525,-.72480112
002817,20224,0,1.0438976,.50733334,.17923255,1.7971251,8.6926966,.8750788,17.890219,11.301056,.15214208
003026,20131,0,1.197965,1.65,.27523386,2.6280472,8.3697329,.25377613,-7.9467626,8.3182783,27.345997
003026,20132,0,1.0429934,1.87,.2338554,2.1306434,6.8716936,.23865174,-10.028711,8.3100462,25.956587
003026,20133,0,1.0419971,2.25,.25203735,2.6657114,6.7717471,.25199497,-11.596087,8.3059044,26.150242
003026,20134,0,.98801208,2.79,.26881939,2.1958654,10.610174,.87644088,-12.599331,8.3425541,8.937849
003026,20141,0,.9520784,2.8299999,.24982491,2.4086204,11.665141,.14789774,-8.8150864,8.3569536,3.8675282
003026,20142,0,.75583971,2.6700001,.22344615,2.1730618,7.3414249,.26429132,-11.46538,8.3154192,.53736526
003026,20143,0,.70797664,2.5599999,.21284376,2.9061458,4.9371881,.47892481,-11.658926,8.29107,-1.4833891
003026,20144,1,.7728073,2.51,.22275454,2.4642839,8.5579548,.79291689,-7.4122982,8.3723526,2.9798324
003026,20151,0,.84873915,1.895,.19957684,2.4467623,9.6546688,.49985164,-2.7043076,8.3851004,2.8146749
003026,20152,0,.90859944,1.75,.17148221,1.6963197,6.8980598,.27850026,-2.9296131,8.3767118,6.1292324
003026,20153,0,.98326874,1.66,.1861213,2.8475475,4.8058276,.25306275,-6.6461058,8.3495312,5.8461442
003026,20154,0,1.263535,1.47,.18744615,2.5866566,4.9931245,.40542465,-9.1210766,8.3470688,-2.528343
003026,20161,0,1.5018694,1.47,.18210702,2.6545138,7.7521195,.19967581,-5.317378,8.3562965,-2.8804288
003026,20162,0,1.2455728,1.09,.16306089,2.6000047,4.5267105,.21666706,-6.0240211,8.3645782,-1.2133992
003026,20163,0,1.1087799,.89999998,.1528718,2.8768966,4.8907242,.23896803,-8.8192997,8.3687391,1.9207935
003026,20164,0,1.0974579,.68499994,.17219637,2.5778129,5.4194784,.50668973,-13.400981,8.362339,1.5269986
003026,20171,0,1.1122069,1.0700001,.17352557,3.0201421,4.3131762,.064307198,-6.1694622,8.3788729,2.2576735
003026,20172,1,.88878608,.91999996,.15353496,1.624404,3.1084273,.169348,-5.6198063,8.4091177,4.4539886
003026,20173,0,.63370401,.57499999,.14307864,2.8583672,5.0910649,.22498393,-1.5989423,8.4482718,7.9532161
003026,20174,0,.7225669,.84333336,.16330111,6.8136005,3.9729204,.4048515,5.5351553,8.691617,32.927807
003026,20181,0,.58415914,.85833335,.15536653,2.6235287,4.6368957,.16459399,9.4818087,8.7019787,32.310516
003026,20182,0,.80348289,.99400002,.1741304,2.0478218,2.0158508,.16321997,12.55632,8.6899529,28.083462
003026,20183,0,.89483374,.90999997,.17102851,2.4799132,1.5137132,.18306947,6.2545271,8.6826057,23.433418
003026,20184,0,.80151159,.76800007,.16175158,2.3930421,3.1555309,.50273997,2.4415402,8.6940498,.24328667
003026,20191,0,1.0451738,.42000002,.15194893,2.8949449,5.2181506,.19277664,2.7786314,8.7109823,.90037018
003026,20192,0,.9674713,.18249997,.1428318,2.3235915,1.6424522,.19964431,-1.1182308,8.6929264,.29739174
003026,20193,0,1.0276387,-.10500006,.14497943,2.3609402,1.4693964,.24164741,.098696351,8.804265,12.165915
003026,20194,0,.91171038,-.099999994,.13766505,2.1845357,1.7352234,.51436436,.22541881,8.7963543,10.230422
003026,20201,0,.72547537,.30500001,.1545224,3.4517982,2.3387508,.25235075,-2.0858078,8.803484,9.2502213
003026,20202,0,1.9733453,.44749999,.17915031,2.5340974,13.98095,.1883541,5.3616972,8.9207764,22.785011
003026,20203,0,1.1508837,.39249998,.15794267,3.1247289,6.5283999,.34253508,-3.8236113,8.8420267,3.7761455
003026,20204,0,.86778331,.3775,.13923691,2.1223683,7.7589369,.62597144,-8.1245422,8.8646049,6.8251305
003026,20211,0,.62746161,.495,.13926075,2.9765999,2.4694855,.35471037,-5.8958201,8.9111929,10.770852
003026,20212,0,.57864428,.81749994,.15037531,2.957634,1.7274317,.23032422,-6.4751148,8.9066505,-1.4125669
003026,20213,0,.53351986,.74500006,.162202,3.1268234,2.0329783,.28228268,-5.9666247,8.9049692,6.2942905
003026,20214,1,.61041701,.92000002,.1738885,2.141696,2.4383636,.74099165,-7.3239088,8.9068003,4.2194514
003026,20221,0,.84672797,1.48,.12869842,2.5561185,3.0088165,.19508535,1.4385581,8.9867592,7.5566401
003026,20222,0,1.1030769,1.8199999,.14104573,2.3560672,2.1961417,.29214731,-2.4882288,8.9798193,7.3168812
003026,20223,0,1.2498775,1.73,.15815845,2.2155647,7.5750761,.70220727,.70640147,9.0413065,13.633672
003026,20224,0,1.1522206,.63,.21164128,-1.9872583,5.2800503,.97372037,-1.7195553,9.0225401,11.573995
003144,20131,1,.52202547,.93000001,.20460415,2.0319355,19.20649,.57790053,7.1721373,11.364123,7.4666924
003144,20132,1,.47888184,1.0909091,.18108562,3.0254381,20.83437,.64556247,9.3635406,11.390193,5.2847567
003144,20133,1,.58379787,1.416,.18006034,2.7337422,21.464401,.6211527,8.3185587,11.402117,4.9958858
003144,20134,1,.60717803,1.7450001,.1918145,1.9120673,22.8766,1.0343055,9.2931089,11.401234,3.1555381
003144,20141,1,.3964313,1.5983334,.18441877,1.7977903,22.506247,.49858418,10.340688,11.408175,4.4052086
003144,20142,1,.38796675,1.8059999,.19178447,2.8426208,21.28734,.63644034,10.068631,11.421785,3.1592879
003144,20143,1,.49858764,1.8536365,.18257067,2.2138677,22.629831,.61577773,10.709679,11.466766,6.4649539
003144,20144,0,.47694749,1.6620001,.17806721,.79946846,24.621552,.81815732,13.476184,11.475368,7.4135122
003144,20151,1,.71708941,1.5490909,.16470702,1.6919683,23.553894,.56072938,14.948839,11.429793,2.1617951
003144,20152,1,.46965414,1.3299999,.16283511,3.4147844,22.027994,.65702736,14.015031,11.418791,-.29949832
003144,20153,1,.84213817,1.64,.16990869,1.549103,22.394108,.59441084,15.549621,11.446123,-2.0643287
003144,20154,0,.8591246,1.5233333,.14678939,1.3299931,24.486067,.94938076,19.771788,11.440441,-3.4928176
003144,20161,0,.57175428,1.4258333,.13603102,1.6460769,22.088285,.59494078,17.175192,11.408598,-2.1196074
003144,20162,1,.34012532,1.0009091,.12366372,3.7780919,24.337355,.60155815,18.872795,11.421501,.27101329
003144,20163,0,.47406325,.75285715,.13533455,1.1116543,25.586117,.50587708,18.648407,11.452049,.59265119
003144,20164,0,.45036227,.81933326,.14319944,.5855611,27.222204,.7463243,19.634556,11.450274,.98323739
003144,20171,1,.53227663,1.386,.12473207,1.3544173,25.439442,.5064742,20.113176,11.376762,-3.1835709
003144,20172,1,.41658223,1.2757143,.12539999,1.503273,27.636757,.42762691,18.890598,11.420821,-.067958616
003144,20173,0,.53685975,.81799996,.11822616,1.5875628,29.868565,.39716497,22.533169,11.420218,-3.1831667
003144,20174,0,.47923559,.79533339,.1151414,-3.04038,30.223721,.5314036,22.83847,11.413271,-3.7002304
003144,20181,1,.29699323,.81230772,.077808708,1.5563848,23.522118,.31173202,23.571148,11.383909,.71475363
003144,20182,0,.53638369,.85714281,.10480694,2.482794,22.912245,.36234215,17.565924,11.443382,2.25613
003144,20183,0,.57312971,.83461535,.099268176,2.0983782,21.602135,.34042838,21.369556,11.403032,-1.7185426
003144,20184,0,.36879081,.73750007,.092922889,1.0014157,21.69389,.49495265,20.666054,11.372249,-4.1022258
003144,20191,1,.63206917,.36538464,.082045808,2.0164392,19.183811,.4374159,20.222681,11.329195,-5.4714661
003144,20192,0,.44223252,.050769221,.089076221,2.9508643,13.523945,.45615584,17.094776,11.389028,-5.435492
003144,20193,0,.47838473,-.23,.082437746,2.8812392,14.846214,.48779947,18.027401,11.40752,.44880328
003144,20194,1,.43496624,-.20133331,.079686619,2.3355026,14.854804,.96988547,16.950279,11.378628,.63794607
003144,20201,0,.28313738,.13090907,.080233075,3.212512,12.936872,.37855548,16.661476,11.366523,3.7328105
003144,20202,0,1.3466841,.42764708,.094934791,1.8922915,18.791018,.22230968,18.571619,11.451188,6.2160826
003144,20203,0,.73268104,.49181819,.091544501,1.8344264,20.927458,.23550782,20.954222,11.458353,5.083261
003144,20204,0,.70213246,.56260866,.087972686,1.498189,21.740204,.43011194,18.364149,11.484362,10.573331
003144,20211,0,.54818815,.76454544,.081770658,2.5717101,12.502292,.24743402,14.240599,11.37706,1.0536898
003144,20212,0,.63249636,1.346,.091272563,2.9346726,13.988866,.26002023,11.087099,11.407487,-4.3701181
003144,20213,0,.56314844,1.4868182,.095891617,2.73965,14.459942,.3082245,10.578638,11.409719,-4.863493
003144,20214,0,.57045698,1.3890477,.098843955,2.6642828,16.410614,.70525134,11.718643,11.414276,-7.0085654
003144,20221,1,.65702999,1.4852381,.090571381,2.9474108,13.380461,.22998494,13.319826,11.454809,7.7749023
003144,20222,1,.91083747,1.8080952,.092592284,2.0252168,11.009525,.28703862,10.412518,11.451731,4.4243512
003144,20223,0,.77228516,1.7376192,.083738923,3.0321245,12.470886,.31018901,11.150339,11.44217,3.2452145
003144,20224,0,.67519605,.51190478,.094099157,2.1963644,14.296373,.76564544,6.8448811,11.43465,2.0374646
003226,20131,1,1.412304,1.6917648,.63598126,.87106216,7.5255647,1.6196785,-4.0123043,12.013525,4.432723
003226,20132,0,1.2713366,2.0847368,.55037105,1.108951,2.9930162,.96313727,2.362901,11.959942,-1.0085573
003226,20133,0,1.2119396,2.4178946,.57347119,1.1044581,3.2865915,1.351877,1.3745964,11.962848,-.5526123
003226,20134,0,1.2576998,2.8163157,.53099746,1.2216226,3.6623135,1.4061751,1.4840811,11.961418,-3.673203
003226,20141,0,1.1258994,2.8252633,.47200158,1.1781151,3.3315911,.91176414,1.4990091,11.975483,-3.8042293
003226,20142,0,.96595424,2.7266667,.49286279,1.2625735,3.4498935,1.1459502,1.2364239,11.968912,.89706683
003226,20143,1,.8888998,2.5585716,.46964058,1.6461428,2.4476213,1.2498492,.70849955,11.966921,.40728328
003226,20144,0,1.0098763,2.47,.46415451,1.2088898,3.1889572,1.4060802,1.633811,11.978149,1.6730804
003226,20151,0,1.1976238,2.0982609,.4328979,1.2922134,2.8316984,1.0982873,2.3657799,11.978789,.33065987
003226,20152,1,1.1516405,1.9365218,.43419698,1.3460823,2.5794139,1.2673457,.90128481,11.97513,.62174404
003226,20153,0,1.3312359,2.3273077,.41381264,1.250047,2.2733819,1.3878276,1.7726213,11.980889,1.3969129
003226,20154,1,1.4271244,2.118077,.43249556,1.2399502,1.2770668,1.6979327,1.320076,11.976396,-.17536421
003226,20161,1,1.2890568,1.9892308,.38720503,1.2811123,1.4414015,1.215676,2.2300303,12.023195,4.4405646
003226,20162,0,1.2737045,1.6507407,.35793844,1.1887527,3.342927,1.3728099,3.0672283,12.047071,7.1941042
003226,20163,1,1.2538414,1.4337037,.34160385,1.3006948,2.7665203,1.4524522,2.5246024,12.055162,7.4273028
003226,20164,0,1.1590534,1.3841935,.34056452,1.2904387,1.6079899,1.5163777,3.9665699,12.089111,11.271647
003226,20171,1,1.1437762,1.941,.3329438,1.4254848,1.8825485,1.2232687,4.8933983,12.103486,8.0291119
003226,20172,1,1.1609232,1.7583871,.3109265,1.3815289,2.2101173,1.3409762,5.1162271,12.11439,6.7319326
003226,20173,1,1.0153948,1.311,.30156732,1.4434713,1.4893652,1.3708061,7.0699663,12.117411,6.2248273
003226,20174,0,1.0665352,1.2559375,.30997312,8.0943975,2.2271872,1.5132136,6.8972321,12.129737,4.0625038
003226,20181,1,.9225474,1.1628571,.30852595,1.6678346,1.8438183,1.0869275,5.8915167,12.138591,3.5105076
003226,20182,0,1.1235507,1.1610526,.44378281,1.6848634,3.2005072,1.2631236,11.384117,12.159379,4.4988904
003226,20183,1,1.4805993,1.0107894,.47405285,1.5090353,3.0661757,1.3333472,4.4017344,12.161326,4.3915477
003226,20184,1,1.2719864,.88864875,.44528759,1.2515264,5.3579884,1.6866449,6.5769138,12.209243,7.9505811
003226,20191,0,1.1928865,.50551021,.46184528,1.4116908,1.5710177,.92496938,14.331511,12.435929,29.733849
003226,20192,0,.97010285,.2570833,.41546953,1.2198025,1.4180937,.98091644,14.691925,12.453671,29.429144
003226,20193,0,.96263915,.0097916145,.40177268,1.2539222,2.2279823,1.0917737,14.363825,12.455098,29.377205
003226,20194,1,.89814782,-.054166634,.3818436,1.2333544,2.0532503,1.357782,14.136988,12.454392,24.514999
003226,20201,1,.7542429,.43428573,.40533906,.81506681,2.752701,.85492796,13.606027,12.481483,4.5552607
003226,20202,1,1.717997,.70846152,.51974332,1.1386284,3.9120345,.91951478,13.388923,12.477705,2.4034631
003226,20203,0,1.0909622,.74796295,.47074673,.75908536,5.2650971,1.0515908,11.011687,12.491169,3.6070533
003226,20204,0,1.0288903,.73107141,.40733358,1.2567859,5.1297688,1.195434,9.8323641,12.502244,4.785099
003226,20211,1,.84348702,.99153847,.37572092,1.2155446,4.3984532,.83507073,9.7712154,12.520405,3.8922951
003226,20212,0,.84217983,1.6538461,.37329206,1.3421372,5.4019408,.86890644,7.4447603,12.537212,5.950747
003226,20213,0,.72876024,1.5357692,.36836016,1.4566576,4.491993,.81695569,7.0857525,12.531787,4.0618348
003226,20214,0,.77965087,1.4015687,.37869641,1.1033671,4.3199873,1.1477617,7.4067354,12.531993,2.9749391
003226,20221,1,.89893138,1.4832001,.42118803,1.2863123,3.3109221,.7259745,9.4730053,12.527812,.7406714
003226,20222,0,1.1925615,1.8402042,.4527708,1.2390814,3.3593118,.88881105,6.9842906,12.521153,-1.6059413
003226,20223,0,1.2685537,1.7578846,.52827787,-1.721891,2.9850354,1.0650409,8.2833138,12.495124,-3.6663446
003226,20224,1,1.2391174,.53846151,.63227624,1.1887161,2.6892588,1.4443116,9.5729322,12.446301,-8.5691566
003246,20131,0,3.9963462,.41666669,.84489936,.13086233,7.7595606,.48868227,-1.1703938,8.1598234,-.25938657
003246,20132,1,3.9767034,.75,.68527496,.5562163,4.9889646,.62059593,1.4949262,8.1343107,-3.3429439
003246,20133,0,3.2787516,1.1633333,.71941555,.11308187,12.634091,.72545773,4.3142705,8.185257,3.6219969
003246,20134,0,3.2608538,1.8866668,.73549592,1.3139232,11.35315,.40302724,3.0270278,8.1590319,1.5442821
003246,20141,0,2.5976422,1.75,.59057879,.31497785,14.570814,.62577224,3.0800552,8.1712351,1.1411186
003246,20142,0,2.5808246,1.47,.58824575,.66478074,12.181035,.88856554,3.5590558,8.1731462,3.8835232
003246,20143,0,2.2690351,1.4833333,.65101379,.96521479,12.082735,.94048053,2.5350213,8.1938066,.85491568
003246,20144,0,2.6256709,1.4766667,.66416788,.87254512,11.902471,.60864526,2.8782189,8.2129803,5.3948855
003246,20151,0,2.8300958,1.4733334,.69310254,.171363,9.0168123,.7479468,4.4972806,8.1932068,2.1972063
003246,20152,0,3.4945614,1.0533334,.75402552,.79980457,8.7199001,.73765111,7.1977797,8.1857691,1.2622857
003246,20153,0,3.1985908,1.12,.70702106,.34508228,10.64344,1.218082,4.0313511,8.1830416,-1.0764747
003246,20154,0,3.8439844,1.12,.72514117,.74320149,14.391446,.33119807,3.7753224,8.1233511,-8.9629698
003246,20161,0,3.6067381,1.22,.78557563,.31798157,19.292902,1.5523025,2.4369688,8.1024981,-9.0708971
003246,20162,0,5.2465482,.51666665,.79532605,.63505602,12.540713,1.3814307,-1.2616038,8.0207672,-16.50017
003246,20163,0,3.6525249,.63333333,.70048034,-.0042112898,15.554607,1.8918978,-3.1611772,8.0425987,-14.044298
003246,20164,0,3.3206894,.63499999,.76088083,.2004236,17.223461,1.3723027,-3.463903,8.0490656,-7.4284992
003246,20171,0,2.8168542,.84000003,.51806962,1.0101979,15.665428,1.5933963,-2.6997447,8.0072269,-9.5270519
003246,20172,0,1.9258556,.83999997,.55894208,1.2537706,12.652208,2.2757919,-5.6273012,8.0493736,2.8606675
003246,20173,0,1.9279298,.59000003,.67987883,-.90212572,8.4431105,1.5586029,-6.4700274,8.0939503,5.1352139
003246,20174,0,1.9950576,.72999996,.63508803,1.2372564,9.5926867,2.0059955,-10.620051,7.9980435,-5.102253
003246,20181,0,2.4382937,.96999985,.62408715,.35086194,4.4921713,1.4264591,-11.504764,7.9719748,-3.5252337
003246,20182,1,2.0560277,1.1599998,.51874882,1.3731755,6.7062473,1.4856656,-10.193544,7.9760733,-7.3300443
003246,20183,0,2.5639796,1.04,.53633034,1.5886645,18.500856,.93628299,-3.7641168,8.0850229,-.89281547
003246,20184,1,2.9065714,.80000001,.60582769,.59315497,18.702408,1.1391387,-3.4172833,8.110218,11.21748
003246,20191,0,3.0803509,.70499998,.66880924,.37345126,1.4116187,.79767573,-1.4626384,8.2184229,24.644835
003246,20192,0,3.2898209,.16333336,.78928041,2.1023457,1.7899575,.65052307,-.49886107,8.2238131,24.773949
003246,20193,0,2.9212685,-.089999929,1.0337728,2.2859244,3.1939123,1.2498772,-1.9043297,8.2340364,14.901432
003246,20194,0,3.1652987,-.41333336,.92168379,2.2174268,5.1203175,1.2120717,-2.8748691,8.2318478,12.162918
003246,20201,0,2.5035236,.14666665,.68239599,1.6752133,5.9027386,1.3400289,-1.8966854,8.2449512,2.6528358
003246,20202,0,2.1458797,-.19666661,.86846358,1.6564746,5.9479451,.95958531,-3.6686273,8.2707653,4.6952367
003246,20203,0,4.9108167,.15333334,.94465142,1.7098593,11.684531,1.3534142,-3.616482,8.2827072,4.8670444
003246,20204,0,2.9035215,.12666668,.81289148,1.5702419,13.281213,.91140324,-9.1018467,8.3142757,8.2428389
003246,20211,0,2.3786392,.22666666,.81420755,1.6444227,11.580792,1.2569374,-8.7825832,8.2982082,5.3256416
003246,20212,0,1.6320822,.57499999,.70736921,3.2088258,9.0389585,.97703242,-10.494971,8.3099327,3.9167929
003246,20213,0,1.7504511,.84666663,.59979725,3.4686949,10.091378,1.2928497,-12.359285,8.3873291,10.462204
003246,20214,0,1.7058392,.70666665,.61190158,5.0205975,10.730336,1.5122867,-11.49655,8.4421835,12.790747
003246,20221,1,1.6675134,.93000001,.68936735,8.1120234,8.7837534,2.5694258,-11.235568,8.4606771,16.246946
003246,20222,0,1.755563,1.3899999,.64399624,5.6761718,18.162428,1.8673671,-5.4670124,8.6132708,30.333727
003246,20223,0,2.7504799,1.71,.6973049,4.7287693,8.7902222,2.5499606,-4.7563734,8.716651,32.93214
003246,20224,0,3.0023587,.31333339,.7245366,4.1970959,10.783919,2.13326,-6.9058418,8.7382593,29.607573
003439,20131,0,5.1315494,.78222221,.49925193,.84058142,.71215922,1.5994396,13.054109,9.7486448,4.0442638
003439,20132,0,5.5835128,1.095,.45664841,.46325788,3.5612948,1.7719613,13.910929,9.7566681,6.6373935
003439,20133,0,7.1013131,1.5311111,.46498719,.72293305,3.2474611,1.8360205,13.604504,9.7658911,6.7399921
003439,20134,1,8.1837721,1.9055556,.49442378,.60049456,1.7190628,2.5020604,15.053365,9.7401447,2.2504969
003439,20141,0,10.918538,1.8655558,.49076742,1.1713367,1.1713367,1.7455213,15.081456,9.7651443,1.6499636
003439,20142,0,14.949047,1.9636363,.4754692,.46306631,4.4019194,2.0029013,15.66191,9.7938957,3.7227612
003439,20143,0,20.498585,2.0379999,.43837637,.53050399,2.1953833,2.6073706,14.939967,9.7823925,1.6502025
003439,20144,0,1.0582515,1.7988888,.45322427,.52227843,2.8834121,2.4590609,17.386761,9.8190727,7.8928046
003439,20151,0,1.3372353,1.72875,.38755015,1.0529059,1.271827,1.813917,14.860016,9.8618841,9.6739397
003439,20152,0,1.1391468,1.6125,.40490213,.3489947,2.9742682,1.7033024,14.430594,9.8625612,6.8665514
003439,20153,0,1.2555058,1.8549999,.43729779,.76931071,2.6873896,2.2195654,13.191077,9.8646431,8.2249975
003439,20154,0,1.4672598,1.7249999,.40580347,.54493111,1.0384536,2.375077,13.091397,9.8757048,5.6632371
003439,20161,0,1.4150422,1.7122222,.39647269,.80629301,1.4011799,2.0009832,14.484954,9.9203444,5.846067
003439,20162,0,1.4705973,1.3011111,.35440829,.61885512,1.0231072,2.0462143,13.572407,9.9053354,4.2774458
003439,20163,0,1.1192111,1.1470001,.32829511,.9089576,1.9694083,1.9889556,14.223513,9.9263735,6.1730886
003439,20164,0,1.1887164,1.0624999,.37012097,.36944631,1.7608675,2.1495056,15.363306,9.944725,6.9020286
003439,20171,0,1.1747029,1.7133332,.3689343,.92035884,1.1747295,1.6880953,14.865461,9.9814663,6.1121926
003439,20172,0,1.1485944,1.5320001,.35600874,.42547286,2.1412385,1.7620127,14.3978,9.981513,7.6177001
003439,20173,0,1.0719154,1.0780001,.34623522,.78657335,1.9892988,2.1127727,14.229363,9.992734,6.6360273
003439,20174,0,.96737605,1.0420001,.35222045,-.013562387,.76401448,2.0660036,15.228963,10.004237,5.9511995
003439,20181,0,.85961723,.98400003,.34934589,1.0455531,.86334062,1.8308027,14.981219,10.045421,6.3954458
003439,20182,0,.97819752,1.0139999,.36214799,.60783631,.96641594,1.9678153,15.214687,10.037494,5.5980992
003439,20183,0,1.0768425,.89600003,.35147926,.72494853,2.1190803,3.0027454,15.323549,10.056724,6.3989601
003439,20184,0,1.0652881,.79666674,.3443087,.45163721,1.5263665,2.0992765,16.190771,10.082177,7.7940068
003439,20191,0,1.3987243,.4375,.34455588,.86835986,.70936441,1.9609442,17.194897,10.107612,6.2190318
003439,20192,0,1.2449569,.13249995,.31097764,.37510589,1.0769169,1.984431,17.070024,10.118317,8.0822802
003439,20193,0,1.2132839,-.15000004,.29624772,.81844062,1.3205756,2.3604302,17.650858,10.138244,8.151989
003439,20194,0,1.1852176,-.19374996,.27473831,.64208543,1.6609635,2.0531354,19.199631,10.166198,8.4020395
003439,20201,0,1.0159078,.27375001,.28475106,.90546638,.58501321,1.948802,18.111185,10.197536,8.9925442
003439,20202,0,2.2350225,.44999999,.31454337,.49550039,3.1369548,1.541152,21.341961,10.220012,10.169552
003439,20203,0,1.7143492,.53750002,.31349742,.76274449,5.6121202,2.6276197,18.610149,10.260497,12.225402
003439,20204,0,1.333112,.46555555,.30516738,.53961748,1.9057376,2.1174862,16.485966,10.28466,11.846206
003439,20211,0,1.14571,.71799999,.31632748,1.1764309,.62360948,1.4730668,16.265202,10.297757,10.022008
003439,20212,0,1.0977317,1.3688889,.32592759,.59213406,1.7629445,1.4836994,15.406349,10.299677,7.9664283
003439,20213,0,.99218094,1.3,.34055898,.63098854,.57089442,1.8829501,8.0181389,10.307384,4.6887321
003439,20214,0,.98223573,1.2155557,.34107789,2.0941894,.43260249,2.0778029,9.5824327,10.325908,4.1248131
003439,20221,0,1.1443689,1.3955556,.34736392,1.227698,1.6554796,1.808507,11.851912,10.266498,-3.1259499
003439,20222,0,1.4109126,1.8033333,.32835305,.51496172,1.6492692,1.9763396,11.413985,10.266046,-3.3631277
003439,20223,0,1.5017418,1.7355555,.34007862,.56818181,.33057851,2.238292,11.490041,10.276429,-3.0955296
003439,20224,0,1.4118257,.60444444,.39689919,.56301856,.64203876,2.094034,13.313231,10.321277,-.46316913
003505,20131,0,1.0362487,1.6966667,1.0671841,.17579354,3.8489532,.42128769,-2.0636172,9.6935196,26.615005
003505,20132,0,1.0207243,1.89,.90244424,1.6766295,3.208365,.51057851,-1.7379969,9.6767559,24.838947
003505,20133,0,1.041605,2.25,.94296229,.83328682,4.9736609,.42501971,-3.4728587,9.687624,-.74057013
003505,20134,0,.82730216,2.7133334,.93014568,.86985195,2.5797577,.47994015,-6.3548965,9.6660423,-4.3041077
003505,20141,0,1.0810101,2.3066669,.8584621,1.0487738,2.8388777,.41912439,-7.5509219,9.6537495,-3.9769585
003505,20142,0,.98300827,2.1966667,.81788069,1.8931653,2.197087,.39763632,-7.4270158,9.6398993,-3.6856785
003505,20143,0,.98252416,2.1166668,.67467284,-.21672021,3.1878033,.43722045,-8.7024851,9.6723747,-1.5248859
003505,20144,0,1.1082319,2.0999999,.6258387,.63437915,4.8680682,.4294363,-7.7868776,9.6046371,-6.1405544
003505,20151,0,1.4216263,1.6733334,.58818579,.57943887,4.4626079,.52656776,-10.527022,9.5465479,-10.720145
003505,20152,0,1.4620889,1.5666667,.54026455,1.7681077,2.4521878,.51035768,-8.4376097,9.4689827,-17.091721
003505,20153,0,1.4598655,1.8066667,.6042999,.12390649,3.0887051,.51130086,-10.871453,9.5028009,-16.957382
003505,20154,0,1.7355099,1.6966667,.48067009,.2593849,3.1126189,.52746868,-8.989152,9.4450407,-15.959579
003505,20161,0,1.6691241,1.5433334,.46635267,1.369305,3.510015,.57916474,-11.979654,9.4154263,-13.112244
003505,20162,0,1.5891649,1.2833333,.53207988,1.1696022,17.112745,.33201188,-16.28554,9.6297283,16.074577
003505,20163,0,1.3063371,1.3316667,.50354129,1.3555495,19.516127,.43923199,-15.023105,9.6370583,13.425703
003505,20164,0,1.1843877,1.2866665,.46630707,6.4842677,44.968193,.68883801,9.5219555,10.007704,56.266254
003505,20171,0,1.1741334,1.7950001,.6437071,.71059763,1.9116269,.61346561,7.8358231,10.286758,87.133232
003505,20172,0,1.1098653,1.5883334,.66626137,1.1166812,1.3370388,.588974,13.388613,10.293599,66.387062
003505,20173,0,1.0706115,1.0883334,.77058285,1.0302603,1.6697323,.37186322,7.8843951,10.312899,67.584015
003505,20174,0,1.0164596,1.0516667,.84161484,2.3368766,3.1661437,.43549553,9.207696,10.331291,32.358788
003505,20181,0,.82529944,.86874998,.86321908,.91943306,1.3839434,.68866563,7.7805967,10.317149,3.0390804
003505,20182,0,1.0145168,.82625002,.95617551,1.4050257,.65563452,.4730905,8.2929611,10.315084,2.1485102
003505,20183,0,1.1918765,.82999998,1.0725518,1.1069701,2.5944917,.45777446,5.2029552,10.327477,1.4578494
003505,20184,0,1.2064906,.77833337,1.2152231,.24942321,2.4617414,.52739882,3.8707137,10.324508,-.67835677
003505,20191,0,1.5521423,.45166668,1.3229879,.50282633,3.513474,.65759325,3.8100064,10.312606,-.45429999
003505,20192,0,1.3190895,.17666668,1.2561457,1.1044945,.78595477,.37721807,1.9431353,10.303056,-1.2028521
003505,20193,0,1.5095283,-.094000049,1.362507,-1.3399154,1.6306517,.48833066,-.15739202,10.311004,-1.6472803
003505,20194,0,1.387514,-.089999981,1.2669667,.56935966,1.4267032,.47475615,1.32882,10.266449,-5.805902
003505,20201,0,1.2735009,.33200002,1.3780503,-.4054082,1.8135954,.77997774,-1.9227356,10.270205,-4.2401075
003505,20202,0,3.0002666,.528,1.8058364,.68514574,2.3403873,.42162812,2.389607,10.256293,-4.6761785
003505,20203,0,1.9215624,.53400004,2.096554,1.1969775,2.7263713,.38863361,-2.7234793,10.262518,-4.8486171
003505,20204,0,1.8268496,.64749998,2.2255213,-4.7769332,2.5502784,.41289893,-3.7536085,10.263791,-.26572928
003505,20211,0,1.1651744,.81749994,1.5436567,.30770808,2.8176694,.37503064,-2.3263156,10.21578,-5.4424376
003505,20212,0,1.1410328,1.3399999,1.3918667,1.4305909,1.9610803,.40274486,-8.3109913,10.209633,-4.6660399
003505,20213,0,1.1590112,1.6566666,1.3700558,1.5883647,4.589427,.53120804,-4.8594146,10.258357,-.41603526
003505,20214,0,1.159193,1.4933333,1.6178325,.28939894,2.2294571,.57590389,-5.6516886,10.227146,-3.6645505
003505,20221,1,1.2594911,1.6166667,1.6430877,.54853547,2.3078315,.88272572,-5.3653331,10.226259,1.0478694
003505,20222,0,1.6900136,1.9366667,1.4431243,.17062569,1.2939415,.522699,-5.4394274,10.229963,2.0330443
003505,20223,0,1.8540334,1.8933333,1.4005407,.79012996,1.6142166,.51847714,-6.5663218,10.217856,-4.0500779
003505,20224,0,1.7486548,.64999998,1.5666466,-2.2109067,1.9664152,.48935729,-7.125792,10.192738,-3.4408753
003532,20131,0,1.6235192,1.9030001,1.1533294,1.6817023,20.915745,.66042554,-14.769498,10.287899,5.3382821
003532,20132,0,1.6045594,2.03,1.0856177,2.2311592,20.195839,.85329598,-16.313372,10.260987,.37138295
003532,20133,0,1.4833122,2.4012501,1.0255585,1.4371763,19.271549,.85948777,-14.974197,10.253757,-1.2775142
003532,20134,1,1.3609508,2.8512499,1.0217627,1.4661838,18.966358,1.1736435,-14.922116,10.265141,-2.3949943
003532,20141,0,1.1018649,2.8490911,.82243919,1.0569562,18.382612,.86382467,-13.613173,10.256887,-3.1012113
003532,20142,0,1.0336878,2.652,.66898096,.57202816,18.995398,.78526938,-13.652409,10.293636,3.2648802
003532,20143,0,1.105832,2.3430002,.68047655,3.3990345,19.73049,.87825155,-14.864672,10.303337,4.9579897
003532,20144,0,1.1655653,2.3445456,.79259986,3.3137684,20.472918,1.1269495,-14.739773,10.302767,3.7626815
003532,20151,0,1.4492807,2.0563636,.66264582,1.3538237,20.18428,1.1076739,-13.59485,10.31105,5.4163322
003532,20152,1,1.3681425,1.9154545,.66002095,1.691505,17.279951,1.05037,-13.092035,10.286127,-.75084865
003532,20153,0,1.3317604,2.0842855,.75384849,.70931476,18.311697,.99705571,-12.548094,10.305212,.18754192
003532,20154,0,1.4291463,1.88,.85062855,.77514017,17.347221,1.0761991,-11.56813,10.271527,-3.1239233
003532,20161,0,1.7508924,1.7361538,.75630236,-1.2891022,16.113777,.94580865,-10.430434,10.259307,-5.1743326
003532,20162,0,1.7244816,1.4000001,.66480565,7.8976564,12.667741,.94113433,-10.747528,10.237993,-4.8133898
003532,20163,0,1.665521,1.1333333,.76083589,.92649984,23.30604,.91997522,-15.390146,10.330485,2.5273473
003532,20164,0,1.469738,1.1346154,.62278414,5.4566283,16.734354,1.0934082,-7.877995,10.268443,-.30845502
003532,20171,0,1.4193451,1.6558335,.70743465,.30825478,18.964838,1.3047063,-13.222983,10.236346,-2.2961006
003532,20172,0,1.3451636,1.4033333,.63471216,1.5509627,17.212507,1.4025791,-8.6159658,10.250793,1.2800175
003532,20173,1,1.329264,1.03,.56981218,1.4013654,15.052102,1.746317,-12.311045,10.23387,-9.6615963
003532,20174,1,1.2546477,1.018,.55622441,-5.0259843,13.757385,1.9826297,-8.4067659,10.243311,-2.513181
003532,20181,0,1.0731354,1.0118182,.54875463,-2.1422856,15.701609,2.382338,-6.6565247,10.221723,-1.4623047
003532,20182,1,1.0879468,.99333328,.5122788,2.7502422,11.537601,1.9452933,-11.988383,10.197425,-5.3368731
003532,20183,0,1.3274335,.94999999,.50812286,2.3909717,7.7390966,1.9701607,-8.711566,10.171222,-6.2647862
003532,20184,1,1.261438,.85111111,.40558127,1.1063958,7.2105184,2.0839648,-4.988657,10.180817,-6.2495098
003532,20191,0,1.6996192,.51999998,.47150436,1.8142157,8.5620794,1.9051082,-4.9053326,10.222123,.040000726
003532,20192,0,1.5590205,.29583332,.43350041,.3367373,5.3292336,2.0863073,-4.0474935,10.215411,1.7985897
003532,20193,1,1.4402639,.022307634,.4268451,1.2221215,4.2719855,1.8748866,-2.208385,10.224665,5.344286
003532,20194,1,1.6561515,.033333372,.4796972,.11709173,3.5530024,1.3758278,-3.541842,10.215704,3.4887474
003532,20201,1,1.5257261,.52923077,.46902931,-.33220291,8.4227276,1.8859437,.27169287,10.271527,4.9404583
003532,20202,0,2.4854317,.79357147,.62933248,-.25485483,7.2687464,1.0337772,1.8446445,10.234911,1.9500437
003532,20203,0,1.9207296,.85142863,.4900918,1.5501344,7.8341684,.55543453,.30448735,10.223613,-.10522306
003532,20204,0,1.7601185,.96333337,.42145258,.83258998,8.306076,1.2918359,-1.7859876,10.317813,10.21096
003532,20211,0,1.3699255,1.1933333,.4011364,1.946385,8.6823721,.93907386,-2.3236692,10.334458,6.2930288
003532,20212,0,1.1710761,1.8449999,.33436596,1.4895663,9.5146465,1.0748764,-3.1555116,10.313708,7.8796649
003532,20213,1,1.1014601,1.8581818,.34160909,1.2447158,7.8373485,1.3453667,-2.4353504,10.302465,7.8852377
003532,20214,1,1.2702399,1.7140001,.39010221,1.6393995,7.4833364,2.0972195,-2.4983525,10.299105,-1.8708965
003532,20221,0,1.3513438,1.705,.3865307,1.9267758,7.1234331,1.2701466,-2.1128922,10.314073,-2.0385089
003532,20222,0,1.7822587,1.942,.39788172,1.8607265,6.662921,1.1666721,-1.9816309,10.317483,.3774839
003532,20223,1,2.0061128,1.778,.4427039,.69991255,5.4815264,1.5647081,-1.9145101,10.299508,-.29567927
003532,20224,0,2.0552077,.48799995,.4594163,-.12528276,5.6725249,1.4024708,-1.5187562,10.265871,-3.3233154
003650,20131,0,2.222822,2.2866666,.32184678,2.24737,12.878546,.90851134,-23.472548,9.4373169,7.2711239
003650,20132,0,2.3749211,2.27,.30292073,3.2455313,13.162434,1.2621511,-23.437414,9.4537573,5.1227279
003650,20133,0,2.2789466,2.6166666,.32649642,2.7207234,12.162784,1.0882894,-23.734087,9.4763899,6.9743133
003650,20134,0,1.5602853,3.1819999,.28757352,3.0133929,18.561663,1.8066406,-16.243713,9.570529,14.394898
003650,20141,0,1.3933502,3.2260001,.28516582,2.2949483,19.344107,.72650731,-17.140528,9.5975056,16.018915
003650,20142,0,1.2741461,3.03,.26945409,3.0235238,15.639618,.93552983,-16.922056,9.5990658,14.530913
003650,20143,0,1.2020682,2.888,.2705844,2.7290323,15.335484,1.0580645,-18.328939,9.6485949,17.220516
003650,20144,0,1.2857879,2.802,.32130566,2.8381488,15.219893,2.1350038,-17.140087,9.6578426,8.7313604
003650,20151,0,1.4265751,2.428,.29678756,2.4530933,15.17495,.63387424,-16.149321,9.6662455,6.8739357
003650,20152,0,1.3905807,2.3049998,.30652925,2.9931369,13.421453,.93416369,-17.110031,9.6637068,6.4640203
003650,20153,0,1.5103304,2.6399999,.32758322,2.3932486,11.645043,.91951126,-17.422657,9.6726894,2.4094479
003650,20154,1,1.7680609,2.4620001,.39653948,1.0191809,10.907134,2.2219408,-16.75131,9.6675749,.97325921
003650,20161,1,1.9269004,2.302,.47452652,2.121052,11.966434,.46914235,-16.170811,9.6246996,-4.154593
003650,20162,0,1.9817193,1.916,.3693966,2.7382479,8.592433,.79584539,-15.514091,9.6042051,-5.9501238
003650,20163,0,1.8352008,1.6,.35838684,1.9241012,8.5219707,.8189081,-15.852508,9.6171379,-5.5551858
003650,20164,0,1.7515852,1.5379999,.3235338,2.4973574,9.9167547,1.4468817,-15.691829,9.6248312,-4.2744036
003650,20171,0,1.5635918,2.1219997,.29850236,2.6380653,9.1932583,.53960431,-17.345692,9.616539,-.81606025
003650,20172,0,1.3397038,1.9224999,.28251129,2.7120378,9.3833952,.64602786,-16.771988,9.6572037,5.2998185
003650,20173,0,1.3391851,1.37,.27461654,2.7859778,9.0221405,.61500615,-17.939461,9.6964636,7.9325461
003650,20174,0,1.2516236,1.322,.27178779,-1.522899,8.0257893,1.2449977,-15.910586,9.7976828,17.28512
003650,20181,0,.96843851,1.1175001,.24487843,1.7980638,8.6694326,.39834026,-16.427662,9.8022852,18.57465
003650,20182,0,1.091415,1.2125,.27532643,2.9632449,7.5413218,.61983472,-18.436605,9.8196707,16.246777
003650,20183,0,1.1974802,1.0474999,.33333623,3.6584721,8.0993919,.9251917,-14.69699,9.8477106,15.124716
003650,20184,1,1.164889,.90800011,.2953279,3.0486519,7.4083829,1.8323505,-12.946275,9.8517733,5.4090624
003650,20191,0,1.4382643,.51399994,.34570867,3.4781239,8.0002098,.57181829,-12.698966,9.8554525,5.3167057
003650,20192,0,1.2538251,.25799996,.31526896,3.4011893,7.9310694,.67016023,-11.888562,9.8957577,7.6086683
003650,20193,0,1.2265092,.0099999476,.30698901,3.0709984,8.5513973,.75540638,-13.208262,9.9161072,6.8397045
003650,20194,0,1.2678546,-.095999949,.30307344,1.4744914,9.1565905,1.4990661,-11.072911,9.92064,6.8866491
003650,20201,0,1.0607977,.396,.27416909,2.589046,7.4479399,.37999696,-12.477838,9.8902502,3.4798224
003650,20202,0,2.0938327,.66400003,.35207772,1.3747758,10.111576,.38354254,-9.1469269,9.90728,1.1522597
003650,20203,0,1.7622355,.64399999,.28137326,2.4662795,10.357388,.57103473,-7.5018449,9.9190655,.29579985
003650,20204,0,1.2779759,.59875,.24705561,2.3228858,15.356083,1.2054896,-10.299547,9.9789658,5.8326402
003650,20211,0,1.0578368,.79124999,.24026853,2.6653111,17.070368,.38454738,-10.576235,10.026767,13.651625
003650,20212,0,.89154017,1.3625,.21165529,2.6130128,14.611096,.54437762,-11.235538,10.041596,13.431561
003650,20213,1,.75143051,1.29125,.22092393,2.3619957,12.911359,.66348195,-10.354892,10.026059,10.699352
003650,20214,1,.72640222,1.1616666,.25145444,1.7083641,13.085896,1.6129732,-9.1968727,10.045985,6.7018867
003650,20221,0,.78780836,1.37,.270408,1.7629693,13.441586,.43863347,-8.1670628,10.073652,4.688561
003650,20222,1,1.1436272,1.7474999,.28722417,2.9102066,11.620097,.60940224,-8.7418299,10.090879,4.9283614
003650,20223,1,1.223316,1.6471429,.3183102,1.6341872,12.248233,.82526451,-7.3192,10.105489,7.9430075
003650,20224,0,.93357384,.57142854,.28919661,2.1196547,9.9600258,1.5553093,2.3556499,10.301223,25.5238
003734,20131,1,4.1213765,.63,.44077724,.81648517,21.753498,.56376362,-20.748653,8.5455866,-3.0818784
003734,20132,0,3.1050065,.72999996,.4141736,1.7577378,19.946503,.80244553,-13.516792,8.5629311,-3.5288949
003734,20133,1,3.3378232,1.15,.38047004,1.3142636,21.781986,1.0050251,-20.714304,8.5514011,-3.8112493
003734,20134,1,2.7786059,2.3866665,.24450523,.80091536,23.379099,1.6399695,-5.54809,8.5648403,-1.2883847
003734,20141,0,2.1538084,2.3900001,.31988823,.66289723,26.632872,.70189118,-5.0428095,8.5426664,-.29202786
003734,20142,0,1.7110546,2.3099999,.28985402,1.6673129,24.428072,1.1632415,.056067109,8.5483046,-1.4626896
003734,20143,1,1.874439,1.9466666,.29284176,1.7267843,25.7099,.92095166,-7.2392492,8.5587187,.73175758
003734,20144,1,2.3797703,2.0033333,.41162568,2.173913,25.368967,1.7949741,-4.9421043,8.519989,-4.4850564
003734,20151,0,2.8724618,1.895,.24270909,1.2778904,26.166328,1.2576065,-2.0743132,8.5030947,-3.9571722
003734,20152,0,3.1294816,1.75,.28633443,1.2452512,22.161249,1.2663571,4.3959765,8.4633703,-8.4933805
003734,20153,0,2.8711307,2.1133332,.29875037,2.4843426,22.192066,1.4613779,-3.557971,8.4742861,-8.443325
003734,20154,0,3.5522614,1.9233335,.33434877,-1.7826087,21.173914,1.4782609,-2.0204992,8.4338112,-8.6177702
003734,20161,1,3.1785979,1.83,.38626239,1.0402219,22.029589,1.641239,.65513551,8.3723984,-13.069566
003734,20162,1,4.0421481,1.4300001,.37288603,1.1862131,18.643688,1.7233663,3.6883621,8.4046965,-5.8674226
003734,20163,0,3.9415095,1.0566666,.47641441,1.2480841,19.903656,1.0948106,-.73215961,8.4266119,-4.7673879
003734,20164,0,3.3661895,1.04,.3431814,10.513765,18.49122,2.6880555,-1.2917131,8.4366341,.28221011
003734,20171,0,2.3763032,1.6266667,.24764077,1.5432099,15.164609,1.9753088,-3.8409324,8.4887934,11.639511
003734,20172,0,1.9957284,1.4266667,.39101344,1.342155,8.5822306,1.3799622,11.439419,8.5735731,16.887737
003734,20173,0,2.5079169,.93000001,.34510505,1.2328033,10.791495,1.4650705,-3.4643412,8.6299858,20.337421
003734,20174,0,2.4538713,.76999992,.29490748,-1.821366,10.437828,2.4868653,-5.1435442,8.6499739,21.334063
003734,20181,0,1.4302192,.86000001,.25488856,1.9135365,11.39263,1.1516654,-4.26507,8.6383486,14.95546
003734,20182,0,2.3310239,.93000007,.29784048,2.0857863,8.8814135,1.3456687,-1.2810558,8.6903057,11.673228
003734,20183,0,1.0043316,.88,.37042579,1.6036462,6.3470626,1.5192438,-4.9779358,8.6867676,5.6781158
003734,20184,0,2.3434737,.76000011,.45837647,1.68152,6.0534725,1.5133681,-4.468605,8.6906424,4.0667868
003734,20191,1,3.2984271,.31000006,.67351109,1.655965,9.090909,1.655965,-5.3300171,8.6857538,4.7405519
003734,20192,0,2.7893181,-.030000115,.55795717,-.93355298,5.6562328,1.2630422,7.4135485,8.8934355,20.312963
003734,20193,0,2.3605049,-.33999994,.56627607,1.5110265,4.2063708,1.4701879,-.3333509,8.9019108,21.514406
003734,20194,0,2.9288282,-.31999993,.85458374,1.1754944,5.9327893,1.7701563,-2.2816033,8.8861322,19.549046
003734,20201,0,2.6929731,.22999999,.70853984,.8033241,7.3822713,.87257612,-1.5953302,8.8846102,19.885639
003734,20202,0,6.6522465,.44,1.5494332,-2.4049759,9.0670357,.80165863,9.1591063,8.8866854,-.67498016
003734,20203,0,4.8210211,.31,.94876581,.65141863,10.393746,.86855823,4.7639966,8.840435,-6.1475787
003734,20204,0,3.6388133,.29666668,.94548941,.53177345,13.094921,1.9276788,-2.6021898,8.9255877,3.945472
003734,20211,0,2.9744928,.47999999,.62081975,.96258128,7.931128,.71854663,-4.5992641,8.9059868,2.1376534
003734,20212,0,3.0118663,.78999996,.50688052,.69718498,6.7876873,1.0523547,1.1291355,8.9361668,4.948101
003734,20213,0,1.9146032,1.0266666,.53615993,.62508142,5.8731604,1.2371402,-5.3147078,8.9462442,10.580916
003734,20214,0,1.8322471,.99000001,.58577794,.32994589,3.2466676,1.8608948,-3.3625901,8.9328728,.72852832
003734,20221,0,2.3006506,1.2900001,.58120817,.22274633,3.8522012,1.5199161,-3.0825257,8.9401054,3.4118447
003734,20222,0,3.5321739,1.6800001,.74947888,.099341862,3.563889,1.1175959,6.1300249,8.9938002,5.7633324
003734,20223,0,4.8508611,1.6750001,.90841055,-1.1112514,4.3944945,1.1870186,-1.7453939,8.9770203,3.0775604
003734,20224,0,4.3056259,.48000002,.98137057,-2.3362045,5.129209,1.8271992,-1.5855849,8.9440279,1.1155703
003813,20131,0,.63404298,1.6454545,.39562699,1.9383206,2.9629481,1.8939471,6.0438066,10.811322,2.3096941
003813,20132,0,.7240504,1.7645454,.41895521,1.0339888,1.6278056,1.8707308,6.6096334,10.782347,3.2346978
003813,20133,0,.89175522,1.5090909,.3634901,1.3835511,4.1122212,2.2968757,3.1119614,10.697249,-4.2944798
003813,20134,0,.8259123,2.1299999,.34885243,.77215707,2.3051493,2.0877678,2.281183,10.69562,-6.9174008
003813,20141,0,.96967155,2.6088889,.3984291,1.1213422,1.5224377,1.3240463,1.5092373,10.744473,-6.6849961
003813,20142,0,1.0118808,2.6711111,.44626665,.9382084,1.5599399,1.2591745,.60472786,10.704434,-7.7911601
003813,20143,0,.89111978,2.54,.41858324,.53358155,1.6234504,1.1148449,2.2500277,10.692899,-.435
003813,20144,0,.83806711,2.360909,.43029553,.78956252,1.806321,1.1652232,1.0774851,10.702232,.66127509
003813,20151,0,1.1355866,1.9772727,.41481689,-5.6821847,1.6788274,.46490604,-.34175813,10.746368,.18958578
003813,20152,0,1.0558923,1.6381819,.30776173,1.5336682,5.3376484,.85015941,-.23592114,10.631133,-7.3302002
003813,20153,0,.98418546,1.7054545,.28168797,1.8617415,6.8436928,.88513082,-.41210651,10.607723,-8.5175972
003813,20154,0,1.116933,2.0336363,.26557308,1.359382,6.7894816,1.0374882,-1.25238,10.606238,-9.5994253
003813,20161,0,1.0605584,1.8354546,.27194628,3.4199924,4.7414618,.74107826,-2.0342498,10.638161,-10.820806
003813,20162,1,1.0741378,1.5845454,.28569198,1.5697184,10.049178,.70786351,-1.5464097,10.603164,-2.7969398
003813,20163,0,.84181631,1.4869231,.26503003,1.7039191,10.11326,.99979955,4.6068163,10.594332,-1.3390946
003813,20164,1,.92932379,1.2183334,.25875145,1.6305513,3.9691052,1.340914,.87124109,10.526427,-7.981163
003813,20171,0,.92947745,1.4058334,.28425375,2.1164157,3.1888711,.94034141,-.52039921,10.561086,-7.7075205
003813,20172,0,.98620772,1.6254547,.30125824,1.8113328,6.7110152,1.2983891,1.071769,10.530254,-7.2908854
003813,20173,0,1.0830826,1.4372728,.35714635,1.8028911,7.2008171,1.9264871,1.8822819,10.524548,-6.9784293
003813,20174,1,.96207315,1.1663637,.35208371,1.2792377,6.1312423,2.2640905,-.024330616,10.528517,.20896411
003813,20181,0,.87232494,1.275,.34918329,2.6702368,6.694016,1.1889554,-1.8287539,10.61418,5.309464
003813,20182,0,.77740985,1.1133333,.28076997,1.8410729,6.7770967,2.1205671,-3.6276727,10.571291,4.1036768
003813,20183,0,.91879487,1.0366666,.28647691,2.0524545,2.7229059,2.6432736,1.1377335,10.569495,4.4946957
003813,20184,0,.98113185,.92000002,.2615003,1.5551555,2.950295,2.5427542,-.83934963,10.596535,6.801825
003813,20191,0,.86480093,.90090901,.25470972,1.8314514,1.8934177,1.4757184,-2.3554773,10.68217,6.7990108
003813,20192,1,1.0880533,.39090911,.29815811,1.9254056,3.7684667,1.5863405,-1.5136868,10.628376,5.7084336
003813,20193,0,.82632899,.21749999,.28002402,2.3092639,2.8878112,1.8193456,2.6158094,10.611991,4.2496462
003813,20194,0,.74189031,.054999959,.26840222,1.7177502,3.9840255,2.4274647,-.29478967,10.635037,3.8503077
003813,20201,0,.83065611,.17909092,.21375446,1.9066778,2.2153127,1.4265791,-1.2704104,10.686041,.38711351
003813,20202,1,.6319086,.34083331,.20985082,.66387713,6.0239835,1.7555343,-3.0498862,10.663802,3.5426989
003813,20203,0,1.2794828,.60357141,.20355056,3.7718163,10.230773,1.4797125,1.6125917,10.710097,9.8106127
003813,20204,0,.79765207,.58285713,.19970801,2.1125,15.23125,1.2395834,-2.6635795,10.778956,14.391849
003813,20211,0,.68442857,.77571434,.17527935,2.723989,11.873038,1.2632992,-5.390501,10.832911,14.687051
003813,20212,0,.48310161,.99571431,.15684754,4.091867,16.607477,1.0536996,-6.9738269,10.844432,18.062927
003813,20213,0,.42661074,1.6169231,.14670323,3.6000869,15.486121,1.5811059,-6.3279243,10.829154,11.905685
003813,20214,0,.41010594,1.3161539,.114853,2.8957868,14.338816,2.2282767,-4.4416933,10.847101,6.8145289
003813,20221,1,.44072318,1.5415385,.10928769,2.8376615,10.57323,1.9499733,-7.9766603,10.904322,7.1409955
003813,20222,0,.61078918,1.6113334,.12418891,1.8750813,10.984743,1.769155,-5.3482056,10.893233,4.8801312
003813,20223,0,.81463873,2.04,.10298692,.35993865,2.1871681,3.0899649,-.59105456,10.836478,.73238707
003813,20224,1,.8956027,.84733331,.14129078,1.3569659,2.1288357,3.4305315,-2.7472348,10.867997,2.0895276
003835,20131,0,.9250654,1.8366667,.20785303,1.1546979,9.7131824,.8737101,30.787325,10.937842,15.457435
003835,20132,1,.97522771,1.9944444,.20443961,1.9652126,6.6560211,.96194285,33.435963,10.918167,12.726397
003835,20133,0,1.0087707,1.8822221,.23519181,1.7136931,6.2787271,1.0447922,33.02549,10.970869,12.33723
003835,20134,0,1.0100958,2.8862498,.26357839,1.3830012,5.2973332,1.2777505,33.447109,10.97399,9.2202749
003835,20141,1,1.0710965,2.83125,.32842979,1.1442962,7.5939202,.84389961,33.884155,10.994089,5.6247344
003835,20142,0,.84220994,3.0599999,.32099721,1.700856,5.5300803,.94000614,36.176388,10.962305,4.413774
003835,20143,1,.79352671,2.865,.30531776,1.3977431,5.0581312,1.0615749,35.644871,11.016371,4.5502
003835,20144,1,.94455832,2.5975001,.34619063,1.0513616,4.9146132,1.5691069,36.638027,11.030825,5.683486
003835,20151,0,1.0450891,2.3612499,.29457995,.63062066,7.3528929,.78860188,38.043167,11.024129,3.0039237
003835,20152,1,1.2635791,1.81125,.28870621,1.1844207,7.0128546,1.1507957,40.261986,10.973187,1.088245
003835,20153,0,1.2173957,1.8775001,.26408035,.85847563,7.3252344,1.1118568,39.091301,10.99531,-2.1060681
003835,20154,1,1.4558488,2.1812501,.24318287,.59593904,7.0772858,1.7121371,39.820515,10.984143,-4.6682053
003835,20161,1,1.5678283,1.9512501,.25987473,.43901733,7.268981,1.2259352,39.624043,10.967295,-5.6834316
003835,20162,0,1.5183029,1.7624998,.28048968,.88407135,6.2600603,1.2961264,39.585861,10.933753,-3.9434359
003835,20163,0,1.30434,1.5385714,.26457965,.82590866,7.0867963,1.1504935,38.214924,10.988395,-.691549
003835,20164,0,1.2369001,1.0628572,.30672699,.48680693,7.4377546,1.4290248,37.637417,10.9786,-.55437249
003835,20171,0,1.1572506,1.3342857,.23942181,.3432135,7.5382791,.92753881,35.551968,10.967877,.058311556
003835,20172,0,.98503941,1.71375,.20033267,1.4352554,6.9577918,1.1373688,35.079609,10.93839,.46362323
003835,20173,0,1.0095384,1.3275,.21333162,1.0883721,7.7156053,1.0020554,32.951118,10.984764,-.36309171
003835,20174,0,.85035151,1.0599999,.20947361,.81844556,10.520306,1.3204513,34.434025,11.040518,6.1918163
003835,20181,0,.797378,1.13,.22801594,-.81339127,14.227735,.82387972,35.030075,11.094167,12.628934
003835,20182,0,.66897839,1.0700001,.18090978,1.8148774,5.9135594,1.10653,35.938118,11.106122,16.773254
003835,20183,1,.77773523,1.0175,.24042277,1.3029354,6.0529819,1.0298684,33.078827,11.154434,16.967083
003835,20184,1,.89153033,.82500011,.2213437,1.1309971,5.6856813,1.3716654,36.081238,11.147499,10.698214
003835,20191,1,.73912698,.79750001,.27834722,.71104586,5.6013579,.93969303,34.366451,11.157792,6.3625298
003835,20192,1,.99593121,.31714287,.21486838,1.6231825,5.3701324,1.0815495,35.490829,11.155081,4.8959303
003835,20193,1,.71419102,.12857139,.22165984,1.2355355,4.9686785,1.1040897,33.704987,11.194504,4.0069146
003835,20194,1,.7628299,-.060000043,.2326435,.9805522,4.7762818,1.6741465,35.562073,11.205449,5.7949281
003835,20201,1,.84531534,.11625001,.20571935,.70811248,5.4539723,1.0792894,35.544605,11.198365,4.0573206
003835,20202,1,.67277867,.27625,.23831055,.92591298,5.2046061,.85351086,36.145397,11.181932,2.6850927
003835,20203,0,1.7024385,.56272727,.26007989,1.0488063,11.6649,.65307915,39.024109,11.255786,6.1281796
003835,20204,0,.90784502,.5418182,.23185207,.98105192,10.773453,.97069788,34.804188,11.254983,4.953464
003835,20211,1,.72587931,.7227273,.18484475,1.6300222,9.5750484,.59660941,32.746761,11.226456,2.8090596
003835,20212,1,.57796383,1.0420001,.15519568,2.3701644,9.3865919,.84260732,31.769604,11.231623,4.9690809
003835,20213,0,.53966504,1.494,.12833059,2.1106877,9.2454958,.7824865,30.189661,11.276937,2.1151743
003835,20214,1,.52696937,1.3444445,.13895106,1.5900754,9.4933567,1.088142,31.055555,11.298346,4.3361735
003835,20221,1,.54765725,1.5822222,.17205125,1.0735431,9.6927977,.69429588,29.983646,11.339929,11.347231
003835,20222,1,.69380164,1.6177777,.15528595,2.6352148,5.7753658,.96214235,31.964762,11.284945,5.3322239
003835,20223,0,.85910904,2.01,.1617163,2.240217,4.7634339,1.145079,29.242882,11.33975,6.2812676
003835,20224,1,.94296283,.79333335,.18104999,2.5870509,5.1925311,1.698976,31.648754,11.371558,7.3212585
003897,20131,0,1.4052908,1.245,.84190416,.88841647,.70997381,1.4503208,1.0529727,10.178806,1.2608099
003897,20132,0,1.2108598,1.375,.7690208,.40463987,1.0906008,2.015492,2.2168665,10.163888,.39772233
003897,20133,0,2.108098,3.02,.77545774,.76318222,.60900402,1.7961764,2.0775259,10.163695,-.50366318
003897,20134,0,1.891382,3.5099998,.81440389,.47272313,.51465821,1.925203,1.0860652,10.174697,1.2351519
003897,20141,0,1.3523244,3.1950002,.80177432,1.2569886,.67476386,1.9163294,2.3682654,10.163349,-1.5457323
003897,20142,1,1.231228,2.9850001,.7400921,.473988,.59248495,2.2285082,2.0436735,10.172025,.81366783
003897,20143,0,1.0074245,2.7433333,.70030165,.59566998,.70640349,1.6113635,3.022486,10.173095,.93991065
003897,20144,0,1.0546175,2.6699998,.72481424,1.1336063,.45875037,2.0738549,3.329268,10.18021,.5512588
003897,20151,0,1.1499186,2.1224999,.65571773,.97590619,.60055768,1.4477729,2.1012635,10.239031,7.5682096
003897,20152,0,1.0586092,1.9725001,.71836782,.38834262,.43822145,1.7457602,1.9926101,10.242386,7.0360384
003897,20153,0,1.0968436,2.2924998,.76342326,.93474424,.88536155,1.7848324,2.4032803,10.252382,7.9287553
003897,20154,0,1.28975,2.0925,.73410976,.27919313,.30711246,2.1602569,2.3029299,10.263048,8.2838545
003897,20161,0,1.2559621,1.9675,.72280037,.85951912,.20879006,1.4754498,3.3854306,10.265941,2.6909983
003897,20162,0,1.4071814,1.5700002,.65474403,.53213835,.20305279,1.5298977,2.1164954,10.259902,1.7517047
003897,20163,0,1.4179969,1.076,.58983511,1.1748757,.18770203,1.6719387,2.7820408,10.267054,1.4671388
003897,20164,0,1.1191833,1.0214286,.65298671,.44464055,.29529563,2.3861244,2.2626221,10.290856,2.7808247
003897,20171,1,1.2099377,1.4342858,.60692698,1.2484004,.35267314,1.7321557,6.4556956,10.374772,10.883084
003897,20172,0,1.1621418,1.3150001,.60267204,.55056143,.31727269,1.4961586,5.8854046,10.378137,11.823417
003897,20173,0,1.1024766,.88375008,.57282305,.82867843,.25781107,1.6450802,7.5935659,10.391516,12.446157
003897,20174,0,1.0265919,.85624999,.58403599,.86782986,.26004657,2.0501347,7.8621955,10.406412,11.555547
003897,20181,0,.83794498,.88250005,.57145268,1.0690912,.26357093,1.5606954,8.9645357,10.427239,5.2467661
003897,20182,0,.8874613,.93750006,.62986022,.69146889,.54962915,1.8616471,9.8234329,10.429428,5.1291738
003897,20183,0,1.0310235,.81625003,.62297648,.97290993,.25050974,1.8118265,9.6678438,10.443775,5.2259622
003897,20184,0,.9113906,.72333336,.61344904,.54119915,.29468435,2.646492,9.3417406,10.471412,6.4999542
003897,20191,0,1.3335875,.37428573,.60572445,1.1050485,.20943564,1.8408289,9.7883549,10.499243,7.2003112
003897,20192,0,1.1117122,.061428506,.55059922,.49953339,.16742603,1.9981335,9.4119225,10.503258,7.3829322
003897,20193,0,1.030141,-.26444447,.52861911,.86564815,.16824511,2.0705001,11.302739,10.514638,7.0863152
003897,20194,0,.94399357,-.25888887,.53341788,.6963098,.19820055,2.1854217,11.095921,10.554379,8.2967834
003897,20201,0,.91635257,.16999999,.55779153,.81180453,.22205243,2.8365407,12.018961,10.642612,14.336904
003897,20202,0,2.3974597,.32545453,.78159899,.64072907,1.5636566,1.9314398,14.228195,10.674336,17.107857
003897,20203,0,1.2828932,.21818182,.67673683,1.0882736,1.4197855,1.97764,10.11326,10.685995,17.135738
003897,20204,0,2.086519,.28923076,.66387457,.61882579,2.1647654,2.1805172,9.8755331,10.701873,14.749331
003897,20211,1,.60028028,.30333331,.63089067,.87260419,1.1341656,1.470459,8.7759256,10.72538,8.2768269
003897,20212,0,.70448834,.64083326,.57992327,.38330585,3.3619564,2.5803552,9.2441053,10.751478,7.714179
003897,20213,0,.50021517,.61749995,.5868696,.05036667,6.9506006,1.6641147,13.76048,10.812471,12.647623
003897,20214,0,.5119282,.86799997,.39100841,.77596045,.14200583,2.7183974,13.807234,10.582409,-11.946371
003897,20221,1,.9135865,1.156,.37606668,.99196863,.088119037,1.9235127,14.20359,10.589585,-13.579474
003897,20222,0,1.2100165,1.6340001,.3467159,.091674924,.38652131,1.9003965,15.499374,10.605595,-14.588356
003897,20223,0,1.3748045,1.6400002,.44790736,.93672842,.19847992,2.0961416,16.138544,10.628957,-18.351496
003897,20224,0,1.1803917,.62333333,.51485729,.63164419,.12156171,2.3382754,16.237453,10.644329,6.1920033
004016,20131,0,2.25896,.61000001,.29825827,3.089663,1.4272105,1.1482743,-6.6949844,9.23734,5.3766756
004016,20132,1,1.7885091,.74000001,.32636517,2.1227791,1.3994836,1.443447,-8.4081173,9.2464485,6.7751789
004016,20133,1,1.2559975,1,.30431554,2.3392613,1.5350548,1.5139945,-7.5216236,9.2585297,7.1437039
004016,20134,1,1.2640363,1.7533334,.2921243,2.2186282,1.5999899,1.2659503,-9.1488752,9.2779646,5.7329836
004016,20141,0,1.199049,1.7366667,.28218281,2.9897342,1.5535021,.87663531,-9.1540842,9.2850742,4.7734127
004016,20142,1,1.1076086,1.5933332,.29710761,2.0464458,4.6577954,.77375489,-10.674757,9.2935343,4.7085423
004016,20143,0,1.0254347,1.5799999,.2751483,2.369956,1.5724186,1.0123295,-5.9832516,9.2687874,1.0256931
004016,20144,0,1.0091383,1.5533334,.30299741,2.1828976,1.5931765,.89714432,-8.4410696,9.2896872,1.1722459
004016,20151,0,1.8320061,1.4133333,.28119302,3.2670665,1.9871987,.78539187,-9.7159567,9.2944403,.93655491
004016,20152,0,1.9864122,.96333337,.28151757,2.2561712,5.1658735,.89030713,-11.966954,9.325819,3.2284718
004016,20153,1,1.3995153,.98666668,.24344197,2.5769882,2.0546248,1.3427767,-10.857783,9.301693,3.2905731
004016,20154,1,1.4667519,1.1900001,.22599053,2.2627654,1.6125221,1.2490628,-11.625713,9.3232403,3.355305
004016,20161,0,1.7039826,1.3349999,.26627365,3.3324347,1.6168432,1.0446221,-9.267911,9.331521,3.7081501
004016,20162,1,1.5815361,1.0024999,.24952526,2.6214871,1.40299,.87909943,-9.2035713,9.328824,.30051634
004016,20163,1,1.2747221,.87,.22979818,2.7086213,1.658542,1.4920313,-8.9194593,9.3340073,3.2314136
004016,20164,1,1.0549799,.63750005,.20133729,2.0255444,1.5927269,1.1886253,-10.868528,9.3602562,3.7016723
004016,20171,1,1.2448995,.89999998,.27491888,3.4754834,1.6802443,1.2955947,-11.530701,9.3857279,5.4206157
004016,20172,0,1.2171206,1.2166667,.26585811,2.3944643,1.6099229,1.2295693,-9.54918,9.364974,3.6149569
004016,20173,1,1.1324635,1.0649999,.27709445,2.4989328,1.7461071,1.4456246,-10.414755,9.3755455,4.1538997
004016,20174,1,.97783387,1.1,.27579436,2.0834639,1.7669837,1.4402156,-11.193928,9.4026804,4.2423573
004016,20181,0,.87432146,1.1633333,.26142648,5.7549014,1.8278502,1.2754999,-11.513204,9.4234142,3.7686262
004016,20182,0,.78123033,1.1033334,.21249183,2.9148726,2.1366374,1.3152606,-12.372212,9.4348354,6.986227
004016,20183,0,1.0405208,1.0674999,.24088269,3.2596614,2.2729912,1.6515985,-11.528228,9.4329424,5.7396312
004016,20184,1,1.2184701,.87500012,.2430768,2.5814533,2.0495138,1.3902094,-15.114799,9.4683838,6.5703449
004016,20191,0,1.1807878,.82499999,.21535555,3.6829526,1.9867966,1.3982449,-13.946999,9.4819708,5.855701
004016,20192,0,1.5078144,.255,.21235761,2.9158733,1.7834468,1.0963086,-15.683741,9.4882784,5.3442082
004016,20193,0,1.0754656,.049999945,.20143886,2.002203,1.2725657,.69611818,13.909793,9.9666634,53.372128
004016,20194,1,.95051688,-.155,.19488411,1.6678432,1.1842941,1.0265344,14.940229,9.9950418,52.665829
004016,20201,1,.87271404,-.029999996,.16144499,2.3889797,1.2317787,1.190356,15.863863,10.017387,53.541618
004016,20202,1,.79150319,.079999961,.17265519,2.8496983,1.0528767,.85622472,14.796824,10.035615,54.733742
004016,20203,0,1.8417915,.45833331,.16407672,3.1696358,10.76094,.92051721,17.459288,10.120545,15.388168
004016,20204,0,.92113262,.41333336,.1532674,2.2217295,11.450282,1.0578651,14.837015,10.159966,16.492456
004016,20211,0,.86756152,.56333339,.13433601,2.4575849,8.4097643,1.2631798,15.278408,10.171736,15.434903
004016,20212,0,.7191931,.65000004,.14020672,2.620573,5.32265,1.0738664,15.268019,10.160554,12.493874
004016,20213,1,.72914177,1.0933334,.12278085,2.5241773,2.7264066,.95391238,17.639742,10.136054,1.5509342
004016,20214,0,.64142644,.91000003,.11190199,1.9108391,1.2306511,1.0237837,18.926044,10.145955,-1.4011072
004016,20221,1,.64071339,1.13,.11975868,2.3044398,1.8848846,1.1226639,18.1775,10.162974,-.87614042
004016,20222,1,.79585665,1.3549999,.13054045,2.0991728,1.3097738,1.0695332,18.284706,10.178365,1.7810283
004016,20223,1,1.0122876,1.8716667,.11120604,2.5152926,1.2450259,1.3993163,20.591255,10.201973,6.5918126
004016,20224,1,1.4183549,.76199996,.1097343,1.8632466,1.1553527,1.4852517,18.668449,10.248468,10.251285
004029,20131,0,1.1141987,1.4763157,.34483689,1.0568342,.52948457,1.9300567,16.72234,10.75445,2.6480153
004029,20132,0,1.0425749,1.6378946,.33185464,.42872909,.074284747,2.2200527,16.986471,10.760368,2.1951551
004029,20133,0,1.0769497,2.0072222,.33914673,1.1749886,.39235121,2.1228266,17.327066,10.787792,4.2392635
004029,20134,0,1.0549352,2.3900001,.31644267,.88887972,.59189904,2.3222239,15.786776,10.789072,3.3597219
004029,20141,1,1.0471377,2.3050001,.31367511,.75654739,.63078886,2.2357075,16.320307,10.821696,6.7246327
004029,20142,0,1.0655894,2.115263,.2889697,.31431621,.4507176,2.508599,16.757011,10.83143,7.1062217
004029,20143,0,1.0580758,1.9284211,.27954596,1.0272044,.81360805,2.6272354,17.358421,10.849318,6.1525531
004029,20144,1,1.2239945,2.0778949,.29103351,.46481377,.41699344,3.0662408,17.321592,10.86435,7.5278416
004029,20151,0,1.4458266,1.9709524,.25744522,.9866181,.58534431,1.8664753,18.111069,10.902777,8.1080179
004029,20152,0,1.3771085,1.9447058,.29468894,.74878526,.49858582,2.4693596,16.995129,10.917921,8.6490679
004029,20153,0,1.4983761,2.1494443,.31608489,1.0600264,.48443031,2.2451825,17.774483,10.932071,8.2753048
004029,20154,0,1.7370129,1.9989474,.30830741,.63075322,.4205021,3.4329228,17.982269,10.943747,7.9396553
004029,20161,0,1.7482549,1.9026315,.31823969,.89120197,1.0323656,2.5460484,18.942392,10.981846,7.9069495
004029,20162,0,1.9940745,1.5531579,.2902548,.75960004,.36635575,2.7947233,18.569592,10.993815,7.5894809
004029,20163,0,1.8679724,1.3883333,.29978007,1.1243461,1.4551321,2.2421744,18.331226,11.02466,9.2589378
004029,20164,0,1.5968754,1.2671428,.3251178,.65661865,.36063737,2.2256067,19.826191,11.150505,20.675888
004029,20171,0,1.4769654,1.77,.30933625,.88255835,.36447424,2.0039101,19.808027,11.17899,19.71439
004029,20172,0,1.2735292,1.5081818,.31123316,.5353319,.66710591,1.8022841,19.851852,11.196185,20.236965
004029,20173,0,1.1945633,1.0722727,.31388488,.89984035,.35181728,1.859219,20.568338,11.210495,18.583506
004029,20174,0,1.1966643,1.091,.33430338,1.7402608,.30109695,1.8331101,19.215996,11.230443,7.9937706
004029,20181,0,1.06422,1.013,.31605759,.65678656,.15668865,1.4402298,20.027199,11.246157,6.716651
004029,20182,0,1.2147105,1.0231578,.40504193,.58044833,.43178117,1.2190708,21.067778,11.256147,5.9962301
004029,20183,0,1.3227416,.90100002,.40804297,1.09382,.45341021,1.3640729,20.401161,11.265425,5.4930015
004029,20184,0,1.2930179,.84000003,.40758121,.81055111,.48936546,1.4453353,19.802845,11.27824,4.7797384
004029,20191,0,1.6118513,.50588238,.42927584,-.87275708,.50183535,1.2860334,16.702557,11.263361,1.7204418
004029,20192,0,1.5324398,.298125,.44083196,.053970855,.6266616,1.109401,13.539785,11.513465,25.731775
004029,20193,0,1.5735768,.049999937,.42073679,.96705079,.55543429,1.2844419,11.823567,11.521111,25.568666
004029,20194,0,1.5975671,-.0043749632,.41579095,.98574626,.42985961,1.5367481,10.822195,11.536242,25.800095
004029,20201,0,1.4775813,.47235292,.43584606,-.26005799,.2590948,1.4081658,8.4956255,11.550443,28.708187
004029,20202,0,2.7306736,.6682353,.46737576,-1.1226783,1.216795,1.3954247,10.298792,11.553357,3.9891665
004029,20203,1,1.7698036,.66944444,.38628867,.3432053,.71533239,1.4403055,5.6029768,11.549527,2.8415504
004029,20204,1,1.4501963,.62833333,.35890976,.65241307,.48691827,1.5411106,3.624651,11.557278,2.10357
004029,20211,0,1.1983529,.79944444,.38771248,1.0510401,.24711955,1.3847036,5.4614992,11.471113,-7.932941
004029,20212,0,1.1283937,1.4578947,.38487104,.29471681,.56668359,1.3815497,6.5131574,11.4794,-7.3957281
004029,20213,0,1.0275067,1.3705263,.40713921,.66759896,.29092616,1.5087329,9.5549402,11.492345,-5.7182236
004029,20214,0,1.0408553,1.2355001,.41613194,1.3436335,.2524949,1.8215703,11.268446,11.510963,-4.6313682
004029,20221,0,1.2632548,1.4545,.4056505,.71392709,.40967968,1.6286776,12.181512,11.508817,3.770364
004029,20222,0,1.4788268,1.8139999,.37720498,-.44917306,.58699876,1.5835086,12.248829,11.521409,4.2009668
004029,20223,1,1.4900899,1.7285,.39842111,.75040025,2.3206468,1.9599143,13.102836,11.549046,5.6700087
004029,20224,0,1.3178296,.54772723,.46883419,-.040565994,.32839137,2.2601054,12.316954,11.547665,3.6701455
004066,20131,0,1.5985154,1.8725001,.26221198,.92587996,12.183605,.17244571,-12.362547,10.005678,7.7235007
004066,20132,0,1.6932147,2.0899999,.2060881,1.385096,9.9974651,.14730991,-9.6891937,9.9479017,5.3278108
004066,20133,0,1.6029092,2.4425001,.18796006,.95493299,6.8920827,.26455542,-12.099725,9.9293985,2.060051
004066,20134,0,1.5818583,2.6266665,.201777,1.4393315,7.3518982,.42499569,-12.346448,9.946106,.34942248
004066,20141,0,1.2487584,2.6333334,.18716884,.929919,12.347785,.19231901,-13.41696,10.003274,-.24044883
004066,20142,0,1.0701773,2.52,.19836569,1.5421166,9.9066286,.23236075,-12.516265,9.9564543,.85532069
004066,20143,0,.79514778,2.4366667,.18777944,1.1489487,7.2791882,.22055288,-13.381174,9.9626713,3.3272202
004066,20144,1,.82536864,2.1299999,.1756784,1.6500907,4.2581854,.3740873,-12.734607,9.9019165,-4.4190011
004066,20151,0,1.288962,1.8000001,.14823288,.96986508,11.086888,.17718244,-10.758762,9.9785814,-2.4692953
004066,20152,0,1.1281978,1.6633334,.12419888,1.563948,7.6348963,.34128842,-9.022357,9.9070311,-4.9423432
004066,20153,0,1.3739779,1.8866665,.15590285,1.1518375,6.5562801,.18723978,-10.522866,9.9415293,-2.1141448
004066,20154,0,1.5126112,1.6966667,.15477562,1.6209373,6.9901695,.27911797,-8.6177263,9.926095,2.4178748
004066,20161,0,1.3028407,1.65,.13379879,.98775709,11.84811,.18723966,-11.048887,10.003817,2.5235822
004066,20162,1,1.5719441,1.0933334,.11912547,1.5478672,8.3065548,.17325099,-9.6191463,9.9554968,4.8465071
004066,20163,0,1.1748192,.90999997,.11778006,1.2123122,7.3402686,.10795216,-9.0212135,9.9491873,.76575452
004066,20164,0,1.0275484,.90333337,.11558396,1.6367706,9.2010517,.30371135,-9.3104658,9.9712353,4.5139918
004066,20171,0,1.026403,1.3733333,.10769168,1.0437981,13.048771,.13856871,-11.095205,10.050415,4.6598134
004066,20172,0,.88208038,1.1933333,.10557485,1.4776974,11.178515,.16099076,-9.9503946,10.009526,5.4029999
004066,20173,0,.93760079,.64666665,.11692983,1.1893482,8.4571857,.18228251,-9.7888145,10.006198,5.7010326
004066,20174,0,.90938669,.62999994,.14758411,1.145559,8.335022,.2147923,-8.861104,10.008185,3.6950364
004066,20181,0,.70761538,.74666667,.15575604,1.0593152,15.227506,.1451996,-11.27984,10.123876,7.3460245
004066,20182,0,.88312429,.74000007,.1569539,1.5489239,10.930077,.22795804,-10.676039,10.065313,5.5786653
004066,20183,0,.98528039,.72999996,.13391089,1.3482487,8.6546831,.11908253,-10.382436,10.006473,.027519066
004066,20184,0,1.063095,.76000011,.15605578,1.7752005,9.3642721,.35352817,-10.834023,10.02072,1.2533977
004066,20191,0,1.542459,.31000006,.15518302,1.0691798,14.859244,.11049275,-12.229649,10.111193,-1.268277
004066,20192,0,1.0233805,-.010000015,.14780852,1.4703783,13.704623,.085676208,-4.2093573,10.135043,6.9730625
004066,20193,1,.90939003,-.35000002,.13358261,1.1588485,11.594475,.11261037,-3.4466653,10.128314,12.184093
004066,20194,0,.75750822,-.28,.14467363,1.7544972,10.339273,.10653815,-3.6553919,10.071266,5.0547047
004066,20201,0,.59700924,.10499998,.16177979,.9636566,16.089443,.098568514,-6.9760857,10.195538,8.4345026
004066,20202,1,2.5681584,.40499997,.20557611,-.10179128,11.379082,.030410672,-4.3259292,10.072213,-6.2830687
004066,20203,0,1.2216344,.33750001,.20624194,1.3837668,14.491345,.072434641,-3.5258889,10.027522,-10.079157
004066,20204,0,.94782823,.32999998,.24810043,1.6741312,13.786244,.10681469,-7.1458936,10.076579,.53127694
004066,20211,0,.59657401,.4975,.23004405,1.0409734,20.257025,.044850834,-8.3833513,10.22728,3.1742163
004066,20212,0,.5721243,1,.20137738,1.3593969,19.119398,.040992729,-8.4943447,10.150906,7.8693137
004066,20213,0,.7660929,1.15,.1946487,1.386117,17.10467,.076789953,-10.540767,10.152471,12.494825
004066,20214,1,.72944522,1.0474999,.21105814,1.6270015,17.322367,2.4362023,-9.4940643,10.149597,7.3018208
004066,20221,0,.9145053,1.2125001,.2099755,.61150247,18.706768,.081627481,-9.3954592,10.254911,2.7632
004066,20222,0,1.2474146,1.6350001,.17076987,1.3325328,15.368493,.073817104,-6.6642671,10.17144,2.053395
004066,20223,0,1.5686184,1.6150001,.21649499,1.4635322,13.350465,.092750601,-7.7127962,10.122844,-2.9626434
004066,20224,0,1.3797411,.47499993,.21253456,1.7810229,13.647326,.052212398,-6.9462986,10.091302,-5.8295021
004093,20131,1,.97965086,.79571426,.91273755,.55684376,1.5431774,1.2076658,9.1880951,11.64269,59.9352
004093,20132,0,.8405512,.89571428,.80659467,.29824221,1.3935566,1.1788925,10.282487,11.64102,60.937714
004093,20133,0,.91644686,1.18375,.84337127,.87992984,1.622261,.99824715,10.226756,11.644831,59.344856
004093,20134,0,.75240612,1.5475,.88632846,.60040146,1.9931931,1.4591151,9.4967756,11.649116,2.2790244
004093,20141,0,.62608951,1.8237499,.85343814,-.08451023,1.346065,1.073367,9.7341928,11.650764,.80740482
004093,20142,0,.63072437,1.65125,.80499572,.53518701,1.35071,1.0264342,10.364532,11.642127,.11078969
004093,20143,0,.68883777,1.6733334,.78016138,1.106162,1.7434642,1.176491,10.53932,11.654191,.93600887
004093,20144,0,.6723699,1.7366667,.79458845,.081065722,1.613793,1.3614026,8.5835037,11.692376,4.3260417
004093,20151,0,.73453569,1.5777777,.70170993,.71577102,1.6867009,1.168927,9.1115208,11.701138,5.037415
004093,20152,0,.84471244,1.2144444,.76191837,.44456449,2.3096068,1.3517054,8.3874197,11.712939,7.0812082
004093,20153,0,.96880102,1.371111,.8172397,.78600037,.80961418,1.33249,7.3643804,11.683301,2.9110324
004093,20154,0,1.1192034,1.2744445,.81256562,.3941074,1.1319226,1.7548933,7.5719447,11.703818,1.1442276
004093,20161,0,1.099062,1.3840001,.81129158,.57281524,.70735246,1.3577536,7.8267007,11.704834,.3696281
004093,20162,0,1.3241019,1.0780001,.72110289,.41821063,.63922966,1.4362125,7.6438875,11.709388,-.35513526
004093,20163,0,1.1191528,.87888891,.6767897,.95879465,.55114383,1.5074927,8.0458698,11.717123,3.3821714
004093,20164,0,1.0014278,1.0727272,.74077618,-.17503816,4.764585,2.0503371,10.302603,11.772871,6.9052906
004093,20171,0,1.0564511,1.4399999,.77196819,.53931504,.29526743,1.6269839,10.360795,11.796306,9.1471548
004093,20172,0,.98477167,1.2618182,.72339505,.51152802,.65469623,1.3205774,11.351535,11.8064,9.7012501
004093,20173,0,.81813735,.87272727,.71125907,.70664573,.22073421,1.4147729,11.888844,11.81306,9.5937023
004093,20174,0,.86377275,1.0466667,.71464318,.51567948,.20685862,1.6218596,12.158531,11.822797,4.9925594
004093,20181,0,.71162736,1.0158334,.71602571,.44955552,.25958207,1.5132619,13.298806,11.834386,3.8079784
004093,20182,0,.92282659,1.0216666,.75085771,.36090398,.41143057,1.6514966,15.229535,11.838922,3.2520864
004093,20183,0,1.0158708,.88999999,.76840466,.77143002,.29873306,1.6947219,14.128089,11.851246,3.8186305
004093,20184,0,.89499801,.78384626,.76847315,.32410157,.30873466,1.8419306,13.229522,11.871753,4.895607
004093,20191,0,.90255493,.44,.71189892,.61901617,.40098494,1.7442501,13.319242,11.887189,5.280324
004093,20192,0,.93048114,.15583333,.67421371,.55049753,.33810607,1.9379897,12.601924,11.925936,8.7013779
004093,20193,0,.89200211,-.11866672,.69533014,.87455761,.28804359,1.7067559,13.734773,11.941124,8.9877558
004093,20194,0,.91539866,-.089374974,.63977146,.43228129,.34762084,1.9484726,12.893501,11.957079,8.5326004
004093,20201,0,.76838607,.32624999,.67223108,.5905388,.33556202,1.7829487,13.075268,11.97564,8.8451271
004093,20202,0,2.4300542,.50058824,.76439834,-.50102454,1.0214154,1.4187366,15.087852,11.983379,5.7443619
004093,20203,0,1.0871421,.50117648,.73593777,.81475049,.33364782,1.4401839,10.704884,11.983235,4.2111754
004093,20204,0,.98461658,.52687496,.67786115,-.039031282,.30667436,1.5482408,8.4658442,11.991696,3.4617703
004093,20211,0,.81827819,.71266663,.68036515,.61088258,.27896151,1.3640171,8.2869978,11.997744,2.2103717
004093,20212,0,.98199475,1.2371428,.62368256,.4679901,.36032179,1.481051,8.0761728,12.004354,2.0975184
004093,20213,0,.95010799,1.2266667,.60843617,.8495329,.34102246,1.4832059,10.817385,12.016031,3.2796071
004093,20214,0,1.0360869,1.2964706,.6318531,.44668788,.44429275,1.5723891,11.064064,12.025791,3.409421
004093,20221,0,1.197558,1.3935294,.58642173,.50534534,.30249959,1.5042427,12.694263,12.041121,4.3377538
004093,20222,0,1.4231863,1.7623529,.55222404,.52972788,.58638012,1.4986567,13.748082,12.050705,4.6350379
004093,20223,0,1.536651,1.709375,.57954323,.8249073,.36024436,1.758294,14.02959,12.057474,4.1442657
004093,20224,0,1.3821557,.55684209,.67757201,-.3606669,.34989226,1.8254509,14.397475,12.08017,5.4378223
004108,20131,1,1.6881621,1.65,.2536903,2.0326304,6.3241458,.71208268,-18.604559,8.478651,3.9935887
004108,20132,0,1.4889809,1.87,.22083586,2.5788221,3.6295273,.57624906,-7.2888317,8.4485493,1.0743204
004108,20133,0,1.459988,2.25,.22244084,2.7224903,2.2576277,.72319889,-13.246958,8.4420691,.69796711
004108,20134,0,1.5469531,2.79,.206507,3.0041561,2.4221954,.94519097,-13.044767,8.4545078,-1.0075147
004108,20141,0,1.257444,2.8299999,.17221996,2.1389658,7.2230153,.62864161,-13.071993,8.5245132,4.5861425
004108,20142,0,1.1093452,2.6700001,.17221764,2.5951338,3.4545474,.4623054,-7.6909156,8.4678783,1.9329597
004108,20143,0,.98944336,2.5599999,.18938217,2.6311524,2.9383087,.61267555,-15.246107,8.4941521,5.2082415
004108,20144,0,.95851505,2.51,.1984898,3.317136,3.397511,1.0225137,-14.27296,8.4750729,2.05656
004108,20151,1,1.3198094,2.1800001,.25141197,.55688184,9.0649796,1.6901503,-15.063444,8.5107765,-1.3736287
004108,20152,0,1.2414241,2.01,.23140371,1.4282665,6.3556032,.5679515,.95989406,8.5663033,9.8424931
004108,20153,0,1.5473492,2,.25044483,1.7624406,5.9355564,.4656896,-6.973186,8.5777464,8.3594894
004108,20154,0,1.9105973,1.8100001,.31141898,1.3836462,4.6109004,.83999336,-5.1045032,8.5483532,7.3280349
004108,20161,0,1.8627629,1.74,.29570574,.66351873,7.1797566,.39601475,-4.7768683,8.5377502,2.6973786
004108,20162,0,1.9844595,1.345,.2964958,1.0916172,6.2299719,.3352707,1.9459218,8.5133963,-5.2907505
004108,20163,0,2.2647929,.89999998,.29842645,-.32120952,5.3939719,.55889767,-5.406332,8.5034332,-7.4313297
004108,20164,0,1.5816103,.88999999,.27067086,1.2373697,5.3747711,.51969653,-5.1362424,8.4874763,-6.0877233
004108,20171,0,1.4921501,1.45,.2535218,.40457234,7.7971549,.33684984,-6.515604,8.4572144,-8.0535936
004108,20172,0,1.3070898,1.27,.26210541,.89786488,6.9847918,.2912626,1.0769784,8.4476662,-6.5729527
004108,20173,0,1.2341728,.78999996,.28049448,.99278122,10.534908,.23300797,-5.7941675,8.4753532,-2.8080387
004108,20174,0,1.2567338,.76999992,.31334999,-2.1902966,10.387432,.43403789,-4.9315033,8.4834585,-.40178663
004108,20181,0,1.181924,.86000001,.31028667,.30838162,14.325399,.27471891,-5.2305193,8.4991255,4.1911254
004108,20182,0,1.3147157,.93000007,.29845077,.27713048,11.228962,.38272098,-1.1449039,8.4701681,2.2501366
004108,20183,0,1.2495008,.88,.30531242,.60647798,11.126297,.39196908,-5.4414692,8.4447565,-3.0596719
004108,20184,0,1.1971731,.76000011,.22506472,1.3702958,11.50781,.73868674,-5.7867498,8.4349117,-4.8546677
004108,20191,0,1.45502,.31000006,.33398131,1.2404151,13.423869,.23044543,-7.3537054,8.4373436,-6.178194
004108,20192,0,1.4250944,-.030000115,.28583565,1.0139282,13.158163,.30184689,2.4761915,8.4860115,1.5843626
004108,20193,0,1.4761951,-.35000002,.24950528,1.2412239,12.371794,.4014968,-4.160017,8.4807796,3.602375
004108,20194,1,1.4311742,-.28,.28541687,1.5234573,11.486429,.45222029,-6.7795067,8.4689465,3.4034352
004108,20201,0,.96444964,.10499998,.27301654,.24642037,13.638798,.35185486,-6.9536896,8.5009909,6.3647227
004108,20202,0,2.7271061,.22999999,.52885514,.12874644,13.067815,.30787006,.5271256,8.4684381,-1.7572889
004108,20203,1,2.2947242,.029999999,.448093,1.179952,11.81119,.33534482,-6.145546,8.4670992,-1.3680408
004108,20204,0,1.8996447,.20333333,.46952581,1.0834092,17.805441,.18335481,-4.2155771,8.5513191,8.2373209
004108,20211,0,1.4153286,.31333333,.35026124,.26492673,20.608477,.21491428,-2.9092491,8.578227,7.7236471
004108,20212,0,1.2201163,.60666662,.33758089,.9429816,13.707997,.23118165,-3.1028211,8.4783773,.99385333
004108,20213,1,.85656577,.55666667,.33089006,1.0331484,13.082388,.23850985,-9.2898693,8.4802532,1.315343
004108,20214,0,.79862922,.52333331,.38354614,.2989859,26.041655,.3735224,2.2600114,8.6297922,7.847291
004108,20221,0,1.537967,1.4100001,.4385258,-.33300576,13.862824,.29584602,-5.9073715,8.4658508,-11.237647
004108,20222,0,1.9219478,1.6900001,.37466252,.95209217,12.243114,.36062002,.017783046,8.4559584,-2.2418878
004108,20223,0,2.6074362,1.6500002,.45914111,.83790624,10.001567,.32336608,-6.2823772,8.4300508,-5.0202422
004108,20224,0,2.3450499,.38999999,.5132221,2.6926394,7.8089423,.67590058,-4.5990376,8.4131622,-21.662987
004423,20131,0,1.9329967,1.454,.29516533,2.2411385,3.2541952,.41453308,.56813359,8.4142962,25.132393
004423,20132,0,1.6033716,1.365,.29025441,2.0628192,2.4525893,.39888769,-.20958483,8.386447,22.068487
004423,20133,0,1.5495963,1.6274999,.29456466,1.9091824,2.3984818,.57847083,-2.545485,8.3833418,21.681303
004423,20134,0,1.4653468,1.9949999,.29957926,1.7469935,3.0042822,.49653789,-3.4031212,8.3871756,19.684895
004423,20141,0,1.7245233,2.6825001,.27332246,1.8480585,5.1961498,.40749794,-4.6705666,8.42066,.63639593
004423,20142,0,1.5044363,2.1066668,.28415,1.953643,2.134692,.40420204,-2.5503457,8.4659214,7.9474459
004423,20143,0,1.4332246,2.0266666,.27211717,1.9449048,1.9239241,.54969263,-3.8259296,8.469326,8.5983858
004423,20144,0,1.4093628,2.0166667,.25618535,2.0819614,2.4431179,.4780013,-3.5859525,8.4568272,6.965167
004423,20151,0,1.5135972,1.77,.22457229,1.8890934,3.8316715,.46211118,-4.1410236,8.4498129,2.9153039
004423,20152,0,1.4987262,1.6666665,.19380373,2.4156692,3.0924919,.73122954,-4.1428623,8.432724,-3.3196914
004423,20153,0,1.8644068,2.5849998,.1851649,2.5711482,2.7172611,.83742237,-6.4138412,8.4306545,-3.8671174
004423,20154,0,1.8954763,1.5866667,.19338693,2.4639978,3.135597,1.158233,-9.3715305,8.4209909,-3.5836675
004423,20161,0,2.1556416,1.6525,.1748054,2.2643602,2.7389665,.89155024,-12.81147,8.4138308,-3.5982628
004423,20162,0,2.1866002,1.2625,.18298985,1.9441845,1.8728929,.63271397,4.5820713,8.8147612,38.20372
004423,20163,0,1.4280279,1.04,.16641149,1.9997591,1.7663535,.72581619,5.6498556,8.8009872,37.033329
004423,20164,0,1.5237288,1.2125001,.17017947,1.8070695,1.9877765,.62439394,2.1859021,8.8256483,40.46574
004423,20171,0,1.3911804,1.8025,.18786888,2.3004203,2.3604441,.75480193,.89538693,8.8044748,39.064449
004423,20172,0,1.2962004,1.5925,.17478457,2.4362941,2.1667402,.73059362,.56325197,8.8230591,.82976979
004423,20173,0,1.1773189,1.0875,.18262018,1.3643512,6.0283637,.81606048,1.6040057,8.8619595,6.0971794
004423,20174,0,1.966489,1.076,.24036054,2.421406,4.7739506,.85304326,.43520629,8.870059,4.4410882
004423,20181,0,1.6030937,.96400011,.22393811,1.2566705,4.9464984,.77695137,-1.7030269,8.8864641,8.1989279
004423,20182,0,1.4235861,1.012,.23120721,2.0135908,3.7673182,.86852598,-1.9551188,8.8812943,5.8235555
004423,20183,0,1.0368845,.84375006,.21365921,.53956074,4.9487839,1.2561649,-2.7741849,8.8702278,.82680082
004423,20184,0,.95020264,.76625001,.2023318,.35884497,3.8281469,1.595178,-2.9919207,8.8726273,.25684765
004423,20191,1,1.3744127,.36625004,.27775034,-7.7713466,3.5592463,1.6048762,-2.535814,8.8753147,-1.1149379
004423,20192,0,1.1584178,.063749976,.17191924,.91061521,2.1006856,1.277315,-1.7621994,8.9005079,1.9213628
004423,20193,0,1.1773412,-.25125003,.15593408,1.0851675,2.0552619,1.3005954,-8.8179264,8.9191189,4.8891196
004423,20194,0,1.0547276,-.21374999,.14811741,.12381068,2.5650344,1.2636764,2.6181042,8.9133749,4.0747981
004423,20201,0,.85260689,.17555556,.15166081,1.478063,5.4444304,1.1126565,1.8179417,8.9757566,10.044154
004423,20202,0,2.4869359,.28777778,.16496864,1.3144777,5.1149187,1.374823,6.3157024,8.938899,3.8390915
004423,20203,0,1.5859355,.289,.12972799,2.5880809,15.396025,1.3212118,9.0132561,9.0862274,16.710863
004423,20204,0,1.3266387,.345,.15624505,.80434167,16.797119,1.2086748,4.4659228,9.1323576,21.898186
004423,20211,0,.90532118,.50749999,.13457878,2.0974219,17.787512,1.1756383,4.8892918,9.1707468,19.499016
004423,20212,0,.89209956,.89874995,.15067323,2.2245433,8.1059837,1.2668831,1.7122805,9.1767216,23.782249
004423,20213,1,.80505407,.80124998,.11840852,2.1990728,5.1036906,1.042793,.69907904,9.1420937,5.5866303
004423,20214,0,.81032014,.82111108,.11457792,1.1016575,18.44577,1.2279737,6.0331554,9.3131943,18.083754
004423,20221,0,.8267355,1.03,.10025205,2.0088942,2.2932913,1.417457,5.9960899,9.3093615,13.861505
004423,20222,0,1.2997595,1.60375,.13294683,1.7609311,1.9979458,1.3948752,6.8350911,9.3406401,16.391876
004423,20223,0,1.4889507,1.6228571,.16956322,1.475778,2.2314904,1.3634906,9.3073845,9.3255606,18.346647
004423,20224,0,1.5874048,.54249996,.1801551,.95684475,2.3576231,1.3804387,12.307319,9.3332653,2.0070968
004430,20131,0,2.60971,1.14,.78684813,1.1328425,2.0571508,3.4379859,-9.3129425,9.0881567,.8755073
004430,20132,0,2.456661,1.3000001,.68421578,.98672146,1.8213609,5.6888714,-8.8736143,9.0827894,-.63986957
004430,20133,0,2.301393,1.6999999,.61118948,.97474402,.18444325,5.0209985,-9.0720835,9.1109924,3.4392371
004430,20134,0,2.1058047,2.1850002,.5494352,1.1898575,4.3780828,5.2118864,-11.967352,9.17805,7.3325529
004430,20141,0,1.7054647,2.1700001,.58008665,1.9627446,8.635993,5.0255446,-12.15379,9.1893263,10.116927
004430,20142,0,1.4263201,2.1299999,.55003709,1.0825462,8.8793364,6.7233891,-12.284035,9.2346725,15.188329
004430,20143,1,1.5348107,1.64,.49733642,.86558533,14.20181,5.1691403,-11.640401,9.3401346,22.914188
004430,20144,0,1.3250338,1.75,.6105901,-.1249952,12.836822,4.3176556,-10.985554,9.3727694,19.471992
004430,20151,0,1.7777947,1.61,.74773377,1.4374508,8.9302769,5.2026954,-11.032772,9.398056,20.872927
004430,20152,0,2.0117149,1.49,.72360092,.042368479,13.649736,5.3060241,-11.960149,9.4777927,24.312052
004430,20153,0,1.9701213,1.66,.76288211,.30051583,14.427567,4.2611403,-11.732599,9.5157881,17.565424
004430,20154,0,2.3306551,1.47,1.018153,-.97946113,12.100889,4.0160532,-12.581929,9.5280743,15.530457
004430,20161,0,3.8556547,1.11,1.2366862,.040325779,11.456871,2.8462083,-14.162871,9.5451088,14.705346
004430,20162,0,4.5365152,.83999997,.97294712,-1.8409388,11.078495,3.0174968,-16.890249,9.5503511,7.2557936
004430,20163,0,3.0226655,.67999995,.83619416,-.054223765,15.26746,2.5135515,-18.565477,9.6012459,8.5457296
004430,20164,0,1.7855201,.68499994,.91895324,-1.2891754,11.802658,2.3248715,-20.116835,9.6084442,8.0369768
004430,20171,0,1.4439875,1.0700001,.97991568,1.0598645,8.9830217,2.0125415,-16.448441,9.6468468,10.173765
004430,20172,0,1.1733001,.91999996,1.0982069,.2628428,5.7480488,2.3587019,-17.060257,9.6580095,10.765883
004430,20173,1,1.1246668,.57499999,1.1400431,.14843541,3.6399364,3.0043797,-13.677366,9.6629438,6.1698451
004430,20174,1,1.0445942,.62666667,1.0217028,8.0081272,3.02514,4.9193263,-14.244555,9.6793842,7.0939989
004430,20181,1,.87159824,.70333344,1.5737196,-5.3721347,.49899054,2.4808686,-11.169961,10.292912,64.606468
004430,20182,1,.90038812,.75333333,1.720822,.064438969,.7613613,3.4911008,-2.6380599,10.226743,56.873249
004430,20183,0,.95793128,.75599998,1.5018976,-.13704619,2.4100628,3.9967227,-9.6659298,10.273783,61.083813
004430,20184,1,.80177557,.70999998,1.7801468,-2.2214148,.0169392,.5036996,-4.7883215,10.263304,58.391998
004430,20191,0,1.6219838,.34000003,2.2741926,.92026365,.016828058,1.7905596,-8.1116199,9.93892,-35.399193
004430,20192,0,1.203284,.034000013,2.1154385,.61734486,.20081925,1.940802,-12.760231,9.9203291,-30.641314
004430,20193,1,1.2132366,-.23200004,2.7941573,-1.7628882,.14731915,2.4002328,-10.119915,9.9271727,-34.661011
004430,20194,1,1.9391325,-.17000003,3.9766724,-5.8377867,.037409879,1.7118716,-8.9144077,9.911478,-35.182606
004430,20201,0,2.5910113,.15333335,3.4232557,-.88860112,.024434816,1.3618635,-9.1606054,9.842103,-9.681673
004430,20202,0,13.101538,.29999998,5.4049916,-1.4117618,.10008845,1.3734673,-14.673421,9.8327713,-8.7558289
004430,20203,1,5.2162895,.076666676,3.0699582,-3.3352456,.016480768,1.534183,-13.049811,9.7986193,-12.855262
004430,20204,0,3.8092706,.066666663,2.6138327,.36238384,.077770732,1.444386,-13.020733,9.7742176,-13.726036
004430,20211,0,3.0723472,.39666662,2.6497304,-.20662525,.10053292,1.3872384,-14.490375,9.8044109,-3.7691741
004430,20212,1,2.3121715,.82999998,1.7768662,-5.1734524,.22545092,1.2139093,-12.09192,9.8003139,-3.2457135
004430,20213,1,1.5088607,.76999998,1.2784404,-10.412354,1.7422465,1.2466463,-9.4549599,9.8514175,5.2798429
004430,20214,0,1.4343678,.56,.98102683,7.8427515,.09904518,1.5130986,-15.026349,10.043759,26.95413
004430,20221,0,1.737286,1.1700001,1.2884099,-7.0163407,.52742606,1.3526902,-19.258228,9.9807901,17.637949
004430,20222,0,2.0100541,1.67,.59627056,4.0860734,.077530608,1.8001285,-7.0727348,9.9903355,19.00215
004430,20223,0,2.2502873,1.7,.73710185,3.0221915,.19337659,1.6024595,-21.738983,10.026664,17.52453
004430,20224,1,1.9829876,.61000001,.64892846,7.594923,.38836107,1.5658836,-13.463113,10.023097,-2.06617
004510,20131,1,1.8981086,1.14,.2151176,2.9927523,1.7627289,1.0882736,-11.533372,8.3834105,15.563406
004510,20132,0,1.2430254,1.87,.21239264,2.6528778,1.8570144,1.0993705,-3.8563251,8.4002094,14.396591
004510,20133,1,1.6144689,1.6999999,.21390299,.41152263,1.7794331,1.4506747,-7.1616845,8.377862,10.71835
004510,20134,0,1.2252855,2.79,.15707007,.54960656,2.2227631,1.2634866,2.6194274,8.5032568,19.286613
004510,20141,0,1.1957759,2.3900001,.17270288,1.2530563,2.3533008,1.4383405,3.0118227,8.5631599,17.975
004510,20142,0,1.1012795,2.3099999,.1843154,2.1431236,1.8170389,.88985795,4.2136669,8.5351706,13.496078
004510,20143,0,1.0032328,2.5599999,.20465551,1.0980438,2.2311938,1.014179,.62530935,8.5423346,16.447233
004510,20144,0,1.2834889,2.0033333,.25920469,1.4568377,2.3671231,.99217308,1.5951723,8.5661926,6.293633
004510,20151,0,1.331476,1.895,.22594091,-.87632251,2.0503697,.69094658,.9157598,8.5830746,1.9914234
004510,20152,0,1.4920596,1.6633334,.22008011,13.97481,1.9805335,.53278607,7.6407104,8.5776672,4.2496586
004510,20153,0,1.7555602,2,.35396129,-.033921301,6.7489257,.31377205,-.29729307,8.8643513,32.201653
004510,20154,0,1.8177248,1.6966667,.54393744,-3.1658134,2.6942763,.32728401,4.0683241,8.7713699,20.517733
004510,20161,0,2.0792742,1.74,.4028503,.76352775,1.242511,.66077548,3.5907388,8.752408,16.933304
004510,20162,0,1.8809702,1.26,.41689155,1.0202805,1.0061969,.20968954,-.8241415,8.7625523,18.488493
004510,20163,0,1.7161578,1.0566666,.36983642,1.2686638,1.489924,.75610459,.65344274,8.7454758,-11.887547
004510,20164,0,2.0880733,.68499994,.36996415,.25604689,2.1047375,.45251054,-.78214109,8.7338839,-3.7486217
004510,20171,0,1.7808882,1.1966667,.30691209,-2.0230319,1.0457219,.14170997,-1.6850561,8.7224665,-2.9941587
004510,20172,0,1.1953164,.91999996,.23220795,1.2375131,1.5920348,.20211057,.094106793,8.7055464,-5.700562
004510,20173,0,1.53382,.78999996,.23646164,.92241365,1.8916163,.27405041,-3.6783338,8.6968946,-4.8580866
004510,20174,0,1.2493172,.62999994,.20310883,8.7521467,1.5486726,.79910189,-5.175838,8.7089367,-2.4947081
004510,20181,0,1.0015818,.74666667,.25145993,2.9023602,3.073982,.26394966,.398314,9.1276436,40.517731
004510,20182,0,1.0237341,.81333339,.33122364,1.2779459,3.5441566,.2857396,-1.7670393,9.2251406,51.959377
004510,20183,0,1.0124716,.79666662,.2842851,.74910992,3.3586464,.36323598,2.4984269,9.181756,48.486103
004510,20184,0,1.069078,.61000001,.29847598,.34442803,1.8762823,.72287363,-1.2891948,9.1491985,44.026184
004510,20191,0,1.1808025,.3033334,.35956463,2.1625578,1.6211665,.19149214,-3.351727,9.2077675,8.0123749
004510,20192,0,1.146248,-.010000015,.27248916,1.754474,1.1009451,.16489041,4.227212,9.2049255,-2.021457
004510,20193,1,1.091261,-.35000002,.25337353,.92014855,.84889817,.21680491,5.9316545,9.1926346,1.087885
004510,20194,0,1.4153959,-.15999997,.23155957,-.032640405,4.280993,.37842467,9.3334169,9.1905251,4.1326604
004510,20201,0,1.0795339,.28599998,.19956455,2.0885878,3.4347241,.15699859,4.6057105,9.1975288,-1.0238413
004510,20202,0,2.2649572,.50199997,.25437781,1.8097594,4.2810035,.075570211,7.5910063,9.229084,2.4157877
004510,20203,0,1.5848575,.458,.21768814,1.1147022,3.4291604,.12007565,5.2079797,9.2097101,1.7075628
004510,20204,0,1.1587325,.41600001,.21481037,.50653893,3.040257,.32745954,1.4170706,9.1872969,-.32284456
004510,20211,0,.83660352,.55599999,.20068434,1.7925862,5.5848975,.24542527,-.37950277,9.2288084,3.1280127
004510,20212,0,.96239859,1.2,.2100106,1.9820979,3.9977741,.21010621,1.2071639,9.2517986,2.2715349
004510,20213,0,.83023173,1.14,.22288372,1.4595004,6.6577711,.2696009,4.9761562,9.3003731,9.0662842
004510,20214,0,.89888924,1.0625,.25828093,1.8318573,3.2756336,.22766134,4.4355006,9.2505417,6.3244476
004510,20221,1,.94863755,1.2474999,.21775235,1.9600617,4.884088,.47536692,1.9778371,9.2668438,3.8034797
004510,20222,0,1.3493323,1.7,.18430617,1.2306508,3.348067,.21458441,5.9428005,9.296958,4.5159373
004510,20223,0,1.5579405,1.6675001,.23107974,1.0955977,5.3557525,.31419209,5.6822805,9.3096609,.92876685
004510,20224,0,1.4744377,.58250004,.24026079,2.5444276,3.3795648,.31491822,3.5654843,9.2840271,3.3486168
004598,20131,0,1.0291189,1.2349999,.58732998,1.1529126,8.0384512,1.7309659,-26.754236,10.351757,9.5782948
004598,20132,0,1.1473821,1.9,.52033365,.95193219,10.59378,2.9688973,-25.950008,10.368164,10.170191
004598,20133,0,1.0650589,2.1440001,.62403452,1.4567879,14.648315,1.7040545,-23.8887,10.421299,11.558463
004598,20134,0,1.2026159,2.8640001,.57383507,1.4848691,15.133786,3.3201675,-23.803202,10.424452,9.2726879
004598,20141,1,1.1114194,2.812,.44350588,1.1269453,11.731561,2.575875,-23.709408,10.420553,6.8796978
004598,20142,0,1.0477544,2.9512501,.41581231,2.2304378,9.2945089,2.991231,-19.373465,10.396017,2.7852292
004598,20143,0,.95045567,2.7900002,.40822423,1.9745992,8.7934685,2.1771998,-20.148367,10.406382,-1.4916915
004598,20144,0,.97127843,2.6487498,.41027144,2.0345538,7.4139996,3.590389,-18.503834,10.391668,-3.2782893
004598,20151,0,1.081105,2.54125,.35005805,1.9069853,6.869998,3.2712831,-18.507687,10.403778,-1.6775789
004598,20152,0,1.2580835,2.1246154,.36914101,-2.4786751,9.6322145,3.816329,-13.414147,10.494269,9.8252916
004598,20153,0,1.3253258,2.3953846,.34057349,1.866789,10.15134,3.2614853,-13.337713,10.520536,11.415451
004598,20154,1,1.587881,2.2138462,.40105787,1.8552827,9.5126858,3.6327024,-16.951107,10.525273,13.360427
004598,20161,0,1.5520701,2.3064284,.37412581,1.3213104,9.5045738,2.6061349,-10.268556,10.555058,15.127937
004598,20162,1,1.859658,1.6950001,.43399569,-.18509215,7.5120969,3.3210821,-10.112646,10.540566,4.6297174
004598,20163,0,1.3363049,1.7925,.34666526,1.5521883,7.6719341,2.6376345,-3.1748562,10.737787,21.725069
004598,20164,0,1.3702365,1.4243749,.36313269,1.5359298,6.5584207,3.2166758,-4.4558735,10.727115,20.18416
004598,20171,0,1.381387,1.8087499,.3274371,1.2125658,6.600069,2.3927677,-3.8838029,10.743934,18.887619
004598,20172,0,1.200525,1.9866668,.33993179,2.1803725,6.7826681,2.8344841,-2.0527482,10.753232,21.266552
004598,20173,0,1.1727759,1.5600001,.35806921,1.2275498,8.1747408,2.1502719,-2.2937565,10.790391,5.2603655
004598,20174,0,1.1305199,1.2877777,.33643216,1.5704153,7.0982776,3.1955421,-.57941675,10.806693,7.9578443
004598,20181,1,1.0274416,1.1899999,.32454401,4.1248183,5.5050616,2.7306538,-1.3840795,10.825382,8.1449127
004598,20182,0,.99065173,1.3384211,.32259881,2.1735358,5.3788738,3.2188387,2.2000284,10.85613,10.289708
004598,20183,0,1.2190651,1.131579,.33473742,1.5956429,6.2392511,2.2530098,1.6010642,10.865325,7.493443
004598,20184,1,1.1986897,.88368422,.34290865,1.8015068,4.5644593,2.8034141,.54568648,10.857094,5.040029
004598,20191,1,1.3598397,.84952378,.37363392,1.3867778,3.9839368,2.1073768,-.29395819,10.883485,5.810266
004598,20192,0,1.4682035,.38619047,.48900542,-3.6152322,5.2732081,3.1819184,1.0592192,10.905295,4.9165711
004598,20193,0,1.4404092,.17571431,.51187128,1.3694097,4.2626324,2.6064739,-.73305368,10.904175,3.884948
004598,20194,0,1.5257694,-.14409095,.51041722,.81809151,3.4900367,2.699702,10.795426,11.133888,27.67947
004598,20201,0,1.4469306,.41954544,.52039522,.4502959,2.9033365,2.057066,15.007335,11.155593,27.210796
004598,20202,0,1.475628,.10863638,.59497315,-.47704744,2.5223527,1.6610963,14.648086,11.15645,25.115528
004598,20203,0,2.414542,.68480003,.62907523,1.6930252,6.637475,1.9364402,16.100708,11.205544,30.136936
004598,20204,0,1.4731567,.68440002,.39295161,1.5789204,8.955801,1.8055842,13.347682,11.259941,12.605302
004598,20211,0,1.0956702,.86479998,.32569864,1.0991178,10.275272,1.6954999,12.418654,11.304129,14.853534
004598,20212,0,.98756915,1.2495834,.37865081,2.2562294,10.696556,2.0315728,11.085382,11.324099,16.76483
004598,20213,0,.94100869,1.5683999,.33633688,1.3433684,8.5615568,1.8966621,8.7703762,11.323906,11.836156
004598,20214,0,1.1076806,1.506,.40000403,1.2724259,8.3524275,1.9171704,11.317884,11.31506,5.5118651
004598,20221,0,1.1298938,1.6945001,.47554007,1.3199283,8.1106749,1.4671146,11.487046,11.341508,3.737973
004598,20222,0,1.411975,1.7920001,.48997653,.66343272,7.2109671,2.834451,13.029188,11.339857,1.575817
004598,20223,0,1.7271701,2.092,.49877849,1.0175128,8.0203276,1.4931275,12.005123,11.362033,3.8127282
004598,20224,0,1.4777057,.52200001,.5344103,.91813672,7.9812646,2.1648452,11.473939,11.360077,4.5017548
004809,20131,1,2.5790389,1.65,.26960739,5.6129498,.6651305,1.1302458,-7.1848898,7.598825,25.023857
004809,20132,0,2.2144976,1.87,.20702083,2.1503308,1.4832006,1.1004825,-8.9876652,7.6781402,22.233242
004809,20133,0,1.9370196,2.25,.21535268,1.5721891,1.5661114,1.1835492,-11.107573,7.6757622,20.579281
004809,20134,0,1.6539825,2.79,.22530058,1.5399278,.78175718,1.0927811,-3.2335579,7.8246121,24.886505
004809,20141,0,1.493045,2.8299999,.24286105,2.4387245,1.0146109,.941688,-2.8906016,7.8256502,22.682552
004809,20142,0,1.2241349,2.6700001,.25472906,1.6980935,.3956593,.86503297,-5.6293397,7.8148565,13.671599
004809,20143,0,1.0130671,2.5599999,.26083091,1.795388,1.1043091,.5457136,-5.5771976,7.8176603,14.189824
004809,20144,0,1.043442,2.51,.30165356,1.1307102,1.6298618,1.0178411,-6.092864,7.8148856,-.97264665
004809,20151,0,1.767024,1.61,.27902228,2.5483463,.97967017,.82952327,-6.4062266,7.7869563,-3.8694115
004809,20152,0,1.6411129,1.49,.24402295,2.1363254,1.1460048,.84982497,-9.7914848,7.7927008,-2.2155678
004809,20153,0,1.8178716,1.66,.26872775,1.8040663,2.3497844,.85206664,-11.092242,7.7946696,-2.2990952
004809,20154,0,1.9109391,1.4699999,.2371366,1.1716262,.94395739,1.0723981,-6.4072905,7.9201713,10.528571
004809,20161,1,1.7988321,1.47,.27423838,2.057523,1.216359,.82879055,-4.1620345,7.9673386,18.038221
004809,20162,0,1.7318493,1.09,.29433385,1.8167953,.66659039,.63253105,3.6317439,7.9429564,15.025559
004809,20163,0,1.587337,.89999998,.29695788,1.4271823,1.0040243,.91125894,-2.8468907,7.9437332,14.90635
004809,20164,0,1.6930629,1.115,.37714303,.4641917,.61698842,1.2217689,-3.9165437,7.9408026,2.0631249
004809,20171,0,1.5181612,1.7149999,.28861377,2.1882112,.34222266,.63254505,-3.8430901,7.9233727,-4.3965569
004809,20172,0,1.2113032,1.505,.30749279,1.6348008,.64723349,.52814955,-3.7905872,7.9145174,-2.8439004
004809,20173,0,1.076021,1,.34951517,-1.2334534,.29316151,.70889312,-7.7926874,7.9090147,-3.4718108
004809,20174,0,.97164738,.97000003,.29716495,2.9274094,.84892756,.89533627,-6.7283421,7.8945713,-4.6231542
004809,20181,0,.87594771,.97000003,.29841295,1.9267788,.80658746,.99822384,-10.005111,7.8859777,-3.7395201
004809,20182,0,1.004272,1.035,.28164369,1.7017838,1.3209215,.86074108,-.56251287,7.8899298,-2.4587226
004809,20183,0,1.1208937,.94499999,.29951686,1.4584292,1.7572913,.93688351,-8.009902,7.9073968,-.16183081
004809,20184,0,1.135381,.815,.32432786,.77385592,2.1158226,.90712059,-7.8551383,7.8984618,.38907629
004809,20191,0,1.4101545,.38499999,.32316059,2.3147125,1.430802,.72959864,-3.0316262,7.9535069,6.7529449
004809,20192,0,1.1901129,.090000011,.28279147,1.6390721,1.2805723,.82273114,7.8084321,8.0831223,19.319271
004809,20193,0,1.1592485,-.35000002,.26382074,1.3466088,.76225418,.72048134,2.5425763,8.0770721,16.967545
004809,20194,0,1.1353363,-.28,.26457414,.069140092,.9337495,1.0305581,2.6043444,8.0738478,17.538542
004809,20201,1,.96007085,.10499998,.27694255,-.18163647,.56819612,.68286753,2.556622,8.0639372,11.042978
004809,20202,0,2.17893,.22999999,.29736274,1.6969751,7.7969327,.72937202,10.418529,8.1353683,5.2245612
004809,20203,0,1.7136354,.105,.28240794,1.3047863,9.1657801,.63775563,.49880147,8.131176,5.4103904
004809,20204,0,1.4924396,.089999996,.26173335,1.6489301,9.6609097,.87606794,1.6372293,8.1272478,5.3400049
004809,20211,0,.82361913,.15499999,.2873345,2.1563196,9.2898846,.8208791,-.46454668,8.1086302,4.4693327
004809,20212,0,.80988586,.80666661,.28132346,1.7224243,7.6953163,.94718367,3.7449389,8.0931616,-4.220675
004809,20213,0,.8255505,1.1399999,.27856821,1.1681559,8.8241892,.85549104,.63483715,8.1095037,-2.1672533
004809,20214,0,.76406229,1.0749999,.28067526,1.1831874,9.2897148,3.4281199,1.1516601,8.1087427,-1.8505001
004809,20221,0,.80314398,1.2900001,.2444188,2.630826,5.7759581,1.5521716,-.095295906,8.087429,-2.120105
004809,20222,0,1.1791018,1.6800001,.27004516,1.6108814,6.244236,1.4213749,3.2227159,8.1114292,1.8267552
004809,20223,0,1.4418142,1.6750001,.26013207,1.2131513,5.2312059,.9132759,-1.2188256,8.1139421,.44385204
004809,20224,0,1.3715707,.48000002,.27393588,1.4535608,5.3922358,1.2173276,-2.8416305,8.1147156,.59732848
004839,20131,1,3.5576792,2.09375,.33879915,.84542966,17.757172,.77825713,25.602943,12.157691,6.6198921
004839,20132,1,3.2185771,2.3074999,.35935536,.63882697,16.584633,.82586396,35.525303,12.170497,5.8323312
004839,20133,1,3.5113029,2.6194117,.33246997,.64828497,17.135721,.806279,26.261848,12.186941,7.9385467
004839,20134,1,3.3603339,3.0770588,.32334906,1.5114064,17.524654,.9638387,25.876368,12.211413,8.5033484
004839,20141,0,3.2005072,3.0647061,.45141816,.48954096,17.138884,.75039846,27.564749,12.216151,5.8460784
004839,20142,1,3.0052745,2.8458822,.45187843,.63308251,16.279541,.92330575,37.518372,12.24087,7.0372849
004839,20143,1,3.2452312,2.6356249,.40871659,.39583778,15.477493,.89170158,27.621046,12.259353,7.2411923
004839,20144,0,3.3876925,2.5599999,.47433618,.024900042,14.459263,1.0314363,29.039646,12.2493,3.7886388
004839,20151,0,2.3105042,2.3306251,.43334258,.552926,13.375727,.86319757,29.163023,12.247824,3.1672127
004839,20152,1,2.2824852,2.1112499,.40424877,1.0170736,12.636198,.81601328,38.34235,12.266104,2.5234022
004839,20153,1,2.3965926,2.4768748,.4591974,1.0146034,12.726977,.84473145,28.781441,12.283242,2.3889282
004839,20154,0,2.6546237,2.3018749,.52936625,.85129261,13.257015,.83762091,29.983503,12.298793,4.9493365
004839,20161,1,2.7552462,2.1612499,.53066576,1.0901412,14.428366,.67177951,31.19499,12.323523,7.5698485
004839,20162,0,2.9160454,1.793125,.57121575,.83021474,14.581858,.71432185,40.281712,12.377029,11.092572
004839,20163,0,2.6519091,1.5787501,.64616394,.3992857,16.395748,.71178836,30.658848,12.387052,10.380964
004839,20164,0,2.5297856,1.50375,.68067414,-.33324397,14.540587,.88524574,30.187475,12.367184,6.8390222
004839,20171,0,2.3796928,2.0949998,.63075429,.66904533,16.317225,.71695435,31.525335,12.37982,5.6297755
004839,20172,0,2.1887503,1.8061111,.6903761,.83861136,16.382622,.63827872,39.490543,12.405309,2.8278804
004839,20173,0,2.3325734,1.3116667,.75353724,.63523108,15.803595,.67564017,31.314226,12.419041,3.1988966
004839,20174,0,2.2998679,1.3276471,.72904736,1.0028932,15.155229,.84091806,32.262215,12.434296,6.711194
004839,20181,1,1.9986417,1.184706,.73272425,.67336929,15.099221,.6900484,33.074608,12.45997,8.0150347
004839,20182,0,2.2169108,1.1964705,.85620391,.3989073,14.994947,.7143659,42.206985,12.495865,9.0556316
004839,20183,1,2.3588517,1.017647,.85450637,.38399094,14.133656,.76759446,32.426216,12.461021,4.1980419
004839,20184,0,2.7997043,.88187504,1.0270463,-.044793524,14.033503,.8170957,32.039742,12.464452,3.0156782
004839,20191,0,3.6218948,.518125,1.2221577,.44671395,13.234194,.63654792,32.711906,12.45504,-.49305242
004839,20192,0,3.5565965,.25117645,1.076705,.056213707,14.330695,.72925889,40.504818,12.480977,-1.4887807
004839,20193,1,3.2174621,-.021176523,.91213787,.1620999,14.511946,.68844783,31.338655,12.476802,1.5780809
004839,20194,0,3.7256248,-.078823484,.99715984,-.64766788,14.46058,.88085932,30.693113,12.461323,-.3128852
004839,20201,0,3.3131425,.39764708,.88964075,-.77087611,13.402724,.6884895,31.262436,12.462794,.77542192
004839,20202,0,7.4845781,.66588235,1.6137474,.42286581,17.55442,.44482303,42.832695,12.484272,.32952207
004839,20203,0,5.9925966,.61650002,1.2958943,.8854124,21.209061,.46628004,33.710957,12.503826,2.7024503
004839,20204,0,4.8242455,.58599997,1.2852654,-1.0725428,17.246473,.58897531,29.290819,12.468218,.6894449
004839,20211,0,3.6903913,.82526308,.8572073,1.2205297,18.69371,.51185918,29.668104,12.495981,3.3186891
004839,20212,0,3.0472159,1.5116667,.71556777,.21509169,17.677776,.58009577,34.061485,12.471582,-1.2690444
004839,20213,0,2.7654464,1.3855555,.59355026,.73712838,16.511354,.63331884,29.033581,12.423326,-8.0499439
004839,20214,0,2.5907264,1.2511111,.66411585,4.8607512,18.373655,.70129061,26.975233,12.439867,-2.8350382
004839,20221,0,2.2048981,1.3615789,.58020127,-1.2099519,19.294258,.53300136,23.946125,12.456967,-3.9013445
004839,20222,0,3.0103295,1.7922223,.65805769,.26365095,16.296555,.67157865,35.653996,12.44109,-3.049253
004839,20223,0,3.5079494,1.748889,1.0025164,-.33651403,14.933573,.70476693,20.283934,12.41209,-1.1236506
004839,20224,1,2.7835732,.56333333,.94336569,.52203357,16.269707,.83630663,21.25038,12.416816,-2.3051646
005046,20131,0,.61048687,1.17,.45749387,1.6642863,9.6068087,.21860152,-13.495123,10.443163,-1.6591893
005046,20132,0,.68391699,1.8850001,.46442685,1.8492301,10.820885,.26871622,-20.200943,10.451869,-2.0024126
005046,20133,0,.68061322,2.25,.42605966,1.8744061,10.817426,.29656503,-13.679001,10.455388,-1.3498646
005046,20134,0,.66405773,2.7325001,.41181633,1.3955063,11.460066,.47644553,-14.394346,10.476471,-.09017387
005046,20141,0,.42568961,2.7475002,.43259761,1.6785151,14.954299,.24542992,-14.296246,10.475822,3.2659125
005046,20142,0,.58392805,2.355,.36640206,1.5734978,12.494909,.2181374,-13.912884,10.445289,-.65805924
005046,20143,0,.76638639,1.9975001,.32885015,2.0272632,11.187814,.50972855,-14.61698,10.443833,-1.1554797
005046,20144,0,.78256059,2.0125,.30690861,1.9852171,15.87324,.52108407,-14.420753,10.47195,-.45209312
005046,20151,0,.78656214,1.8,.2602953,2.0251732,13.825485,.27718851,-14.663422,10.473195,-.26270089
005046,20152,0,.73218167,1.6775001,.25687328,2.1870003,12.831177,.26755852,-16.323616,10.445375,.0087251151
005046,20153,0,.98058975,1.77,.24271022,2.1780472,11.980745,.50514054,-16.001329,10.423887,-1.9945943
005046,20154,0,1.0753293,1.64,.24260904,2.3165555,10.224379,.63371742,-15.989009,10.403657,-6.8293214
005046,20161,0,.79942036,1.6075001,.24910566,2.0033128,8.7039413,.20314404,-16.114914,10.373398,-9.9797678
005046,20162,0,.69458807,1.2900001,.25936124,2.252224,6.0153937,.21765187,-15.814418,10.364135,-8.1240654
005046,20163,1,.61389428,1.0649999,.25933844,2.0365765,5.9775252,.34624949,-16.089848,10.366246,-5.7640948
005046,20164,0,.62324339,1.0616666,.24221459,1.7448267,7.0497127,.45304275,-14.845139,10.394152,-.95053118
005046,20171,0,.61433017,1.7859999,.21175987,2.3211246,7.1002679,.18861036,-14.888033,10.400376,2.6979084
005046,20172,0,.59259063,1.5779999,.18714216,2.2552767,6.5279574,.27400559,-15.992329,10.410637,4.6501374
005046,20173,1,.53520954,1.0799999,.18405791,2.2608232,5.4922619,.35510314,-15.13793,10.428009,6.176271
005046,20174,0,.53921217,1.0242857,.18884598,1.8216189,7.7962995,.44394797,-12.782381,10.460643,6.6491885
005046,20181,0,.46649411,.98285723,.19229025,2.2798607,8.5116711,.29675284,-15.465042,10.464417,6.4040251
005046,20182,1,.62456453,.98857147,.17887346,2.1118245,11.639216,.47018993,-9.1914892,10.524574,11.393824
005046,20183,0,.36415225,.83285707,.21643521,1.8048015,3.948931,.35629454,3.1862855,10.761131,33.312275
005046,20184,0,.20520003,.75428575,.20929971,1.9355662,2.1506293,.51742864,1.7240196,10.757115,29.647217
005046,20191,0,.41406745,.36071432,.25334132,1.6406801,2.1207716,.39860815,1.2756616,10.723444,25.902683
005046,20192,0,.24864922,.054999959,.25006658,1.6980575,1.4178571,.38132557,5.4399848,10.767769,24.319427
005046,20193,0,.39249068,-.26250002,.24503686,1.8991554,1.4602488,.5075509,5.8253675,10.780497,1.9365065
005046,20194,0,.32887232,-.23833331,.25498071,2.090678,1.9963926,.78092974,4.7796783,10.795239,3.8124323
005046,20201,1,.22050056,.17083332,.26933044,1.4455069,1.8468091,.37878013,1.6120136,10.796326,7.2881827
005046,20202,0,1.712854,.40882352,.34303796,1.1636566,9.9236641,.41146898,10.738275,10.891355,12.358554
005046,20203,0,.74989092,.39200002,.32268339,1.6606268,4.5796661,.4300904,4.1891665,10.824208,4.3711686
005046,20204,0,.62664396,.405,.36976337,1.9937124,2.9229176,.68645787,.64560771,10.824925,2.9685357
005046,20211,0,.48698193,.53071427,.36635533,1.3799018,5.504015,.26116785,.38813651,10.845602,4.9276562
005046,20212,0,.49257526,1.0142857,.29759982,1.4750916,3.6246822,.34425476,.64408183,10.819038,-7.2316475
005046,20213,0,.40930295,1.02,.28764012,1.6802454,5.7636323,.38293967,2.4198771,10.843163,1.8954268
005046,20214,1,.38087443,.9664706,.28686959,1.8532217,6.1105704,.74946463,3.1542869,10.846809,2.1884608
005046,20221,0,.52685118,1.16875,.30257887,1.4578714,3.2013259,.28158888,.43137074,10.821238,-2.4364746
005046,20222,0,.83348238,1.6325001,.26696149,1.5056216,5.7138929,.44028619,.5515188,10.837147,1.8108567
005046,20223,0,.8192687,1.6813334,.28106076,1.7868109,4.4036369,.50514054,-.33361614,10.829352,-1.3810418
005046,20224,0,.70971978,.59428567,.30482873,1.9406841,4.8830109,.96642935,-.91475844,10.841853,-.49567845
005071,20131,1,.61627555,.82714289,.26503974,1.7357284,3.2017741,.64523441,6.0420456,10.0412,6.6936731
005071,20132,1,.65775394,1.2262499,.23463918,1.6070442,3.295691,.88490528,5.7849288,10.034226,6.1259327
005071,20133,0,.61918139,1.2499999,.22335711,2.0270987,3.2721334,.54638541,4.5868545,10.028268,7.1391621
005071,20134,1,.70206147,2.2366667,.21632388,2.3966424,3.3075321,.63195699,10.536164,10.040838,1.357198
005071,20141,1,.85970825,1.9483334,.20879211,1.7734892,3.3439729,.63752317,5.7612567,10.049841,.86411995
005071,20142,0,.71620506,2.0514286,.20276816,1.7648855,3.6950927,1.0778626,7.466188,10.039984,.57569981
005071,20143,0,.67196083,2.2833335,.19587281,1.4914217,3.7471323,.64201993,5.8577032,10.049564,2.1296029
005071,20144,1,.88523531,2.0616667,.19023004,1.4807811,3.5990555,.72306269,13.902691,10.059328,1.8490338
005071,20151,0,.95603567,1.77125,.17797515,1.4179649,3.6957159,.71600622,11.317074,10.094261,4.4420028
005071,20152,0,1.0122229,1.5762501,.16810158,.79886752,3.3537042,.94726533,11.901628,10.059769,1.9785521
005071,20153,0,.92534536,1.7249999,.1491106,1.942225,1.5329282,.67017233,9.5153599,9.9971828,-5.2381506
005071,20154,0,1.1271362,1.63,.14600153,2.3720038,2.0185549,.65538085,14.804715,10.013369,-4.5959897
005071,20161,0,1.0493542,1.575,.13740622,1.6754136,3.009908,.85276097,7.944572,9.9799252,-11.433549
005071,20162,0,1.0973042,1.06875,.14202274,1.7548401,3.6183174,1.1635755,7.2730541,9.9819107,-7.7858329
005071,20163,0,.91213334,1.1857142,.13433984,1.8837249,3.5173609,.70697254,4.6306429,9.9856339,-1.1548593
005071,20164,0,.85102171,.96999991,.11644512,2.1986847,3.4942567,.75206155,12.003624,9.9948397,-1.8528426
005071,20171,0,1.1029044,1.3100001,.11762852,1.6563205,3.7482467,.72631824,8.6026936,9.980546,.062050253
005071,20172,0,.93846869,1.5385715,.11734597,1.8869143,4.1489968,.96537656,10.89243,9.9836979,.17874509
005071,20173,0,.89414686,1.1442857,.13373244,1.8553498,3.5121903,.53317809,9.0334921,9.990243,.46088645
005071,20174,0,.8432287,.96142858,.12825207,1.938351,3.6956992,.64701748,17.954803,10.00828,1.3439996
005071,20181,0,.73165011,.91499996,.13260768,4.2421646,4.3354435,.62140906,10.642406,10.007464,2.69188
005071,20182,0,.67403615,1.0487499,.15318175,1.5934821,4.2854061,1.0107641,9.5683489,10.009675,2.5976789
005071,20183,0,1.2535278,.97000003,.24431947,1.2810215,1.3028997,.36801201,20.415289,10.329539,33.929623
005071,20184,0,1.1809881,.76666671,.22807612,1.1238824,1.4167987,.46179327,24.306324,10.327277,31.899717
005071,20191,0,1.0914692,.72285712,.26427379,1.4705107,1.7532253,.37552658,17.271713,10.321671,31.420681
005071,20192,0,.81950033,.24857141,.24672547,1.8827306,1.8064572,.5603286,16.553423,10.318434,30.875952
005071,20193,0,1.1705495,.015000062,.23967861,1.7289248,1.4944606,.23180744,14.975458,10.312653,-1.688682
005071,20194,0,1.0923678,-.29214287,.2262425,1.915997,1.6652812,.29261181,21.737513,10.319339,-.7938531
005071,20201,0,.87630647,.24857144,.24016419,1.4911797,1.8395923,.3641749,13.830108,10.32392,.22486547
005071,20202,0,.87484717,-.021428557,.25599581,2.0685186,2.0063672,.63275445,14.436197,10.317208,-.12257474
005071,20203,0,1.2633277,.46846154,.21007563,2.0738995,5.446218,.37978753,13.467092,10.335487,2.2835004
005071,20204,0,.82924736,.47230771,.21673888,2.2020204,5.7471967,.3493036,15.001785,10.350165,3.0826437
005071,20211,0,.74393427,.57615387,.23047318,1.8438386,7.9944038,.37204868,8.8980494,10.383058,5.9137688
005071,20212,0,.57514322,.88,.26635531,1.2766166,8.4358387,.56479865,8.3562288,10.393563,7.635489
005071,20213,0,.64740336,1.1125001,.24719909,1.9691036,5.8576908,.32661369,6.898716,10.368538,3.3050835
005071,20214,0,.66485906,.92749995,.27709594,1.8470751,2.197809,.3720749,12.921706,10.383819,3.3653936
005071,20221,0,.7631833,1.2341667,.25555682,2.0328431,3.1433179,.38883552,7.2958679,10.388429,.53712785
005071,20222,0,.95776653,1.5676923,.24186803,2.6419384,2.7112939,.70029992,7.7100515,10.346371,-4.7192912
005071,20223,0,1.2623008,1.8523077,.25017053,2.6374955,2.6349225,.29237604,6.5002232,10.344645,-2.3893592
005071,20224,0,1.0650611,.51545453,.23078062,1.9477805,1.9108117,.43655491,10.843357,10.345195,-3.8624334
005518,20131,0,1.7295314,1.4825001,.3225328,-.15422897,20.201475,.55951059,8.4674864,8.3722572,4.6036816
005518,20132,0,1.807184,1.6374999,.25621784,.89837945,26.866323,.72289008,9.943512,8.3090973,4.1099644
005518,20133,0,1.9394394,2.5066667,.24948302,3.0293188,25.033585,.59093422,5.6260676,8.3376598,3.9936371
005518,20134,0,2.0160227,2.7133334,.25052992,2.828124,13.335526,.73603338,3.6171169,8.4316673,3.1842246
005518,20141,0,1.8262618,2.72,.23061331,.72887444,16.139343,.50517154,2.518487,8.3898745,1.761802
005518,20142,1,1.6398407,2.6099999,.22071429,.83076125,20.584763,.72955602,4.6745868,8.3013821,-.77151644
005518,20143,0,1.521528,2.2025001,.21294382,4.3603444,14.973172,.64318931,5.5616469,8.3281116,-.95478678
005518,20144,0,1.7015375,2.2579999,.21075569,3.7684288,10.567685,.7792092,4.8068852,8.4137869,-1.7880127
005518,20151,0,1.7866671,1.9549999,.21829845,.58839726,20.227234,.68733501,11.874333,8.4189501,2.9075038
005518,20152,0,1.9683133,1.862,.18305281,.98123801,25.922998,.85799938,13.781876,8.3572216,5.584013
005518,20153,0,2.0012593,2.118,.15271246,4.9064937,21.063612,.71291035,8.0529804,8.3502188,2.2107303
005518,20154,0,2.1143646,1.9680001,.17093825,3.837414,12.534828,.96390015,2.0097733,8.4295082,1.5721222
005518,20161,0,2.1943064,1.87,.19690059,1.0327033,21.168161,.66129786,5.234745,8.4597158,4.076602
005518,20162,0,2.2870653,1.5320001,.16165833,1.1938063,25.627106,.80582958,6.7103,8.3813038,2.4081519
005518,20163,0,2.0832062,1.296,.15296452,5.9340506,21.801796,.85740566,.48868954,8.3766394,2.6420546
005518,20164,0,2.0005915,1.2639999,.17738067,3.88939,17.231819,1.0345001,-.45963824,8.5081825,7.8674121
005518,20171,0,2.0558293,2.0899999,.18969564,1.3473594,25.648441,.59400558,4.1146665,8.5353012,7.558547
005518,20172,0,1.804284,1.86,.14946406,1.4577034,32.000122,.77656066,4.5905919,8.4437342,6.2430339
005518,20173,1,1.6376549,1.3449999,.13120389,5.4060025,29.66707,.73667604,-.28211772,8.499588,12.294824
005518,20174,0,1.5868832,1.272,.16137236,-.095551603,22.890236,.58371603,-2.3449926,8.6205883,11.24063
005518,20181,0,1.6468506,1.082,.17011942,-2.1265097,30.353027,.53374463,3.6941381,8.5735703,3.8268869
005518,20182,0,1.7047203,1.104,.14757498,1.2750704,34.330795,.9202652,1.0731101,8.461484,1.7750336
005518,20183,0,1.8062271,.97599995,.15019931,5.1597266,23.13892,.63083506,-4.1848989,8.5397091,4.0121274
005518,20184,0,1.7371783,.87,.14248317,.15951729,16.947266,.66258085,-3.6445379,8.6116533,-.89346796
005518,20191,0,2.1981514,.51399994,.17082204,.50782937,22.920135,.47883448,-.014057755,8.5684538,-.51161063
005518,20192,0,2.0525815,.266,.15571748,.2722111,24.747198,.66860217,3.0964284,8.5040617,4.2577686
005518,20193,0,1.837041,-.03600008,.12662275,4.2263441,23.327862,.64710307,2.0191729,8.5248852,-1.4823469
005518,20194,0,2.0676992,-.091999978,.12200019,4.8130169,19.539541,.77117729,-4.2562218,8.622386,1.0732275
005518,20201,1,1.7424412,.28444445,.20814493,-.78635865,52.010845,.34817407,12.532788,9.0888081,52.035427
005518,20202,0,3.508306,.49777776,.27809224,-.32534373,12.11286,.31825459,20.614872,9.2519007,74.783859
005518,20203,0,2.630414,.49124998,.2527847,2.160995,10.280256,.27440679,17.964645,9.2323027,70.741692
005518,20204,0,2.4117973,.48000002,.24678923,.98263353,10.70513,.31481305,14.957049,9.2782955,65.590988
005518,20211,0,1.5335717,.67374998,.22691721,1.0740975,13.400115,.22092022,15.905666,9.2890024,20.019381
005518,20212,0,1.3199641,1.16,.22202969,-.22474998,14.038531,.38472486,15.359005,9.2290735,-2.2826757
005518,20213,0,1.1185951,1.02125,.22115703,2.5063848,12.157748,.34645918,14.539968,9.2205086,-1.1793931
005518,20214,0,1.0599486,.96124995,.24564433,.80348766,11.54598,.33820766,10.330537,9.233119,-4.5176935
005518,20221,0,1.0989143,1.3171428,.21424308,.60969537,10.153619,.29090041,12.360514,9.2141132,-7.4889035
005518,20222,0,1.5778435,1.7585714,.26372904,1.4918003,11.113913,.48956266,12.737253,9.1610136,-6.8060236
005518,20223,0,1.7840081,1.7557144,.26282081,1.3595706,6.6105442,.57771236,12.505555,9.1593628,-6.1145682
005518,20224,0,1.6538262,.62714285,.31733686,-1.3390677,5.7302542,.4518964,11.899668,9.1722336,-6.088552
005597,20131,1,1.3799026,1.65,.0884379,5.087575,15.316439,1.9052591,2.3019462,8.466918,7.4789629
005597,20132,0,1.0650668,1.87,.076598614,3.2917082,15.067102,1.2618173,7.3209195,8.4858322,5.2139015
005597,20133,0,1.3550853,1.9749999,.075888291,4.9604335,12.10083,1.3524331,2.5064321,8.4546509,.61711872
005597,20134,0,1.5176902,1.9833333,.089145832,3.6643949,13.811328,2.1326451,-2.3167729,8.5326567,6.9332438
005597,20141,0,1.36567,2.1700001,.10257299,4.7129364,20.877472,1.3723036,-1.3531983,8.5862503,11.933237
005597,20142,0,1.1086366,2.1299999,.09400785,3.0976748,18.53241,1.1602466,3.3548892,8.5994816,11.364932
005597,20143,1,1.0336758,2.0999999,.098289728,4.3151846,12.725573,1.4995267,-.24650097,8.5535192,9.886796
005597,20144,1,.91366339,2.1299999,.099837989,3.4227359,9.7252064,2.2257555,2.0969958,8.6855097,15.285249
005597,20151,1,1.0607259,1.895,.089096874,4.3473897,8.3841133,1.0263938,1.3594508,8.6357784,4.9528265
005597,20152,0,1.168995,1.75,.078328989,-1.7358518,7.0373545,1.453227,9.5926313,8.6582518,5.8770165
005597,20153,1,.93723267,2,.081133626,2.840184,7.3764844,1.455812,6.1109929,8.6032476,4.9728804
005597,20154,0,.80204356,1.6800001,.061578926,3.7897069,6.1079063,1.9345118,6.1235847,8.6359749,-4.9534454
005597,20161,0,.97095251,1.53,.069564566,4.3004498,6.4839997,.62882984,5.3988991,8.5837994,-5.1979613
005597,20162,0,.80356103,1.1766666,.058254544,2.7508557,5.3894954,1.3287623,15.450132,8.5765638,-8.1688652
005597,20163,0,.69155467,.98333329,.041863557,4.0845575,4.493762,1.151636,15.74946,8.6246805,2.1432619
005597,20164,0,.83517694,1.1537499,.060906056,1.9990547,5.7024713,1.7321445,12.255743,8.6734123,3.7437692
005597,20171,0,.60873967,1.6916666,.048495688,2.2635131,5.3756175,.60273343,13.204726,8.6169176,3.3118658
005597,20172,0,.69289494,1.4549999,.049073987,3.8091791,4.3993649,.96192992,15.886622,8.5834274,.68640816
005597,20173,0,.61143571,.95125002,.050532032,5.0797658,3.9786789,1.1939272,11.37923,8.5904856,-3.4194534
005597,20174,0,.69211733,1.0633334,.051456861,3.2027888,4.863533,1.9229501,13.901648,8.6403799,-3.3032794
005597,20181,0,.68568283,.94142866,.055695444,6.3057303,6.8454766,1.0827506,14.618948,8.6222248,.53065377
005597,20182,1,.65104657,.95571429,.065966867,3.093703,6.4973021,1.0335209,29.185364,8.9001122,31.668499
005597,20183,0,.61421418,.83299994,.075796738,3.5609689,6.3107467,1.4218192,27.117125,8.9099989,31.951288
005597,20184,0,.39191148,.74777782,.081439354,4.2978926,10.512597,1.1151721,23.765543,8.9665079,32.612816
005597,20191,0,.66643202,.38,.089658268,3.9511516,7.6333442,1.2049041,21.154701,8.9493675,32.71434
005597,20192,0,.49490488,.074999981,.08337453,3.9814818,5.9302878,1.0621358,27.684206,8.9692078,6.9095545
005597,20193,0,.55178332,-.21666668,.084717371,4.1740489,4.6957102,.77408779,18.921661,8.9610529,5.1054125
005597,20194,1,.53094375,-.17999998,.07583262,2.4477863,3.5754573,.9639709,18.152502,9.0436077,7.7099972
005597,20201,0,.46633896,.24909088,.078799643,3.3307598,6.0594358,1.218823,16.825066,9.0045938,5.5226245
005597,20202,1,1.7008653,.44800001,.084788382,3.0365617,12.362972,.97755694,26.291588,9.088788,11.957959
005597,20203,0,.78688812,.50749999,.09232524,5.0194077,13.077339,1.1925278,18.988544,9.0950499,13.399668
005597,20204,0,.64283878,.49250001,.097956493,3.1484165,13.029547,1.6161475,15.246185,9.1329231,8.9315023
005597,20211,0,.44309887,.66833329,.10029683,4.3342719,12.527447,1.2535365,13.604632,9.119523,11.492905
005597,20212,0,.40610176,1.1899999,.097299866,3.3328805,12.527396,1.2517637,16.448284,9.1092072,2.0419774
005597,20213,0,.30501574,1.0833334,.089090951,5.0082607,4.7974739,1.3489965,13.074252,9.0919914,-.30579513
005597,20214,0,.33234853,1.0141667,.1025162,3.5549264,7.1565094,1.572456,11.15233,9.1526251,1.9701811
005597,20221,0,.46837753,1.1224999,.09844625,5.1235704,3.1623001,1.3547817,15.781283,9.2507362,13.121341
005597,20222,0,.72732723,1.5783334,.092578575,2.9643466,3.175703,.93843675,18.124495,9.27285,16.364237
005597,20223,0,.71827918,1.679,.092134126,3.7727051,3.208292,1.1241328,13.64047,9.2675591,17.556734
005597,20224,0,.6842097,.58399999,.094685003,3.6582608,3.0254207,1.472255,8.4755058,9.2903433,13.771902
006008,20131,0,1.0788751,1.9916667,.50029778,2.4243932,21.531458,2.5773258,-6.1448975,11.342742,17.063213
006008,20132,0,.98612058,2.2166665,.47332656,2.4072313,20.54933,3.2774456,-5.6463571,11.327596,14.571889
006008,20133,0,.95014012,2.5616667,.44365868,3.4438078,20.254257,3.3457465,-7.1273985,11.358153,16.885454
006008,20134,0,.92789096,3.0349998,.48505902,2.8989189,21.143887,3.2556241,-8.2733812,11.413669,19.590635
006008,20141,0,.67969072,3.0616667,.44888055,2.0896945,21.749063,2.9114966,-6.9044156,11.433428,9.0685663
006008,20142,0,.5763852,2.8949997,.4520005,3.0413785,20.717487,3.0761867,-7.459897,11.428804,10.120907
006008,20143,0,.7054249,2.6183333,.38632196,3.6135654,18.858736,2.6636016,-7.774189,11.427291,6.9138393
006008,20144,0,.95726025,2.3800001,.3307223,4.0401254,17.208881,2.3649244,-7.5099154,11.414386,.071757004
006008,20151,0,1.0374544,2.0866666,.32215562,2.1662536,15.283397,2.2021401,-7.9056921,11.429066,-.43621281
006008,20152,0,1.0386268,1.9483334,.36924827,3.0212357,15.762678,1.9728469,-8.1579475,11.402731,-2.6073389
006008,20153,1,1.1125823,2.2799997,.39526847,3.4356627,15.327322,1.3327146,-9.5667648,11.413016,-1.4274594
006008,20154,1,1.2808608,2.0109999,.39792457,3.666085,21.14924,2.3622048,-1.7920941,11.49834,8.3953533
006008,20161,0,1.0210177,1.9239999,.37418234,1.9851551,24.56023,1.305972,-1.2118564,11.543115,11.404965
006008,20162,1,.98355043,1.571,.40057555,1.261058,14.308742,2.1675026,1.3283044,11.566154,16.342234
006008,20163,0,.94929326,1.3976923,.39695483,3.0756342,16.105654,2.2425363,2.6120708,11.606698,19.368137
006008,20164,0,.85292661,1.3384615,.35135251,3.174207,15.8345,3.1456909,.58131218,11.62819,12.985017
006008,20171,0,.71486086,1.8484615,.38862279,2.6154404,15.088196,1.7224493,-.53278655,11.638033,9.4917583
006008,20172,1,.75899649,1.6941667,.39478698,2.4280577,14.954864,2.4021168,.18615723,11.658306,9.2152987
006008,20173,0,.595842,1.0714999,.43659732,3.6983955,21.234655,2.4396636,4.8330665,11.712653,10.595489
006008,20174,0,.4992471,1.05,.39670753,-.54057032,13.773133,3.2017186,4.0494056,11.752635,12.444526
006008,20181,0,.32656598,.98500001,.32353306,3.6138225,11.360742,2.361074,1.8329859,11.721962,8.3929253
006008,20182,0,.4117285,.99449998,.28911445,3.8928118,12.595261,3.5226603,-2.8063059,11.764431,10.612461
006008,20183,0,.42084002,.91100001,.30599949,5.0789065,9.7045374,3.0570285,-1.6228586,11.743814,3.1161952
006008,20184,0,.33226201,.81750005,.3308506,4.0509353,10.282124,3.0333276,-2.0137131,11.761674,.90393442
006008,20191,0,.58475703,.43700004,.33986881,3.1055853,9.1041946,2.5952814,-2.1486177,11.759497,3.7534461
006008,20192,1,.38044402,.183,.31271771,3.2280738,9.2949066,2.7452919,-1.6210749,11.771111,.66807973
006008,20193,0,.66202307,-.09947373,.36182457,4.5809464,9.1343622,3.5729856,-2.9220805,11.781111,3.7296274
006008,20194,1,.54353505,-.090588212,.33877376,5.161922,8.9894447,3.4881287,-2.2868781,11.803863,4.2187853
006008,20201,1,.48710975,.34736842,.30981883,4.146524,9.6122293,2.3937182,-2.1314874,11.824256,6.4759264
006008,20202,0,1.5317324,.64038461,.34205991,3.4560964,14.083677,2.3072236,3.7490354,11.903007,13.18944
006008,20203,0,.84850508,.65692312,.33299536,2.8032176,16.92354,2.4360983,-1.082778,11.935176,15.406437
006008,20204,0,.7772494,.63461536,.36546198,4.0320525,12.565658,2.6621048,-1.9162774,11.886288,8.2425165
006008,20211,0,.67698717,.86541659,.41943711,2.1954262,15.608364,2.5945354,-3.0251355,11.938787,11.453209
006008,20212,0,.64026082,1.3684,.32200733,3.3600669,14.869674,2.391417,-1.7453148,11.922528,1.9522495
006008,20213,0,.5550791,1.3878261,.38847035,4.4134102,16.078577,2.5906065,-4.0112777,11.948577,1.340143
006008,20214,0,.63966095,1.3651853,.42967421,2.7524083,20.620735,4.2592969,-.53724945,12.031493,14.520563
006008,20221,0,.74261075,1.4425926,.46782282,4.817524,16.871727,2.7338693,.28120577,12.034133,9.5345211
006008,20222,0,1.0551023,1.8269231,.51661116,-.25743383,21.94198,4.1064663,-2.0907907,12.08026,15.773129
006008,20223,0,1.053978,1.7592307,.66542679,.59794158,15.869215,4.2829981,.15949756,12.046009,9.7432508
006008,20224,0,1.1782312,.54799998,.94257987,-.37977362,12.90258,3.2595329,-1.7055184,12.071632,4.0139222
006066,20131,1,.73836541,1.3133333,.093102343,2.5433469,9.335391,.59892797,2.2307158,11.688667,2.3595808
006066,20132,0,.76781172,1.4777273,.083817437,2.7511983,10.227874,.73427826,5.6287036,11.672132,1.6440328
006066,20133,1,.73557097,1.6650001,.087451778,3.5092444,8.9941216,.85451531,4.0315809,11.654016,1.1538001
006066,20134,1,.77111179,2.0047619,.10226606,5.247571,8.6825914,.90288091,5.2042813,11.677126,1.7695638
006066,20141,1,.7488237,2.1585715,.1257111,1.8887208,8.767024,.67341131,7.0469184,11.745806,5.7138376
006066,20142,0,.60610116,2.1833332,.086466499,3.3731227,7.9122028,.73952675,13.006109,11.717057,4.4925523
006066,20143,0,.65785563,2.1275001,.098843388,.014479463,7.8189106,.83337355,11.70266,11.730566,7.6548944
006066,20144,0,.70012796,2.0835001,.078561038,4.6110115,8.0438309,.79639393,15.072762,11.686131,.90051126
006066,20151,0,.90957022,1.8866668,.079900563,1.9807372,7.2116532,.72916311,10.509253,11.674466,-7.133955
006066,20152,0,.83492053,1.633913,.079871878,3.0784473,7.8572259,.77206635,12.562931,11.626584,-9.0472984
006066,20153,1,.80450475,1.7756522,.089160226,2.6168954,7.7708492,.84095484,9.5433054,11.632742,-9.7823915
006066,20154,1,1.1168751,1.6204348,.097705178,4.1077609,8.8064213,.83664674,12.510859,11.595868,-9.0262022
006066,20161,1,.81665665,1.4256523,.11346772,1.8227068,7.41572,.86519754,11.445273,11.612725,-6.1740365
006066,20162,0,.93776214,1.1982143,.10703683,2.106751,12.510096,.73197818,15.265182,11.685668,5.9083505
006066,20163,0,.86060005,1.0368966,.11269399,2.4166496,8.9931898,.65053874,12.437659,11.678914,4.617238
006066,20164,0,.7811684,.99615383,.11691974,3.8933966,8.6223898,.84165186,11.491233,11.657943,6.2074561
006066,20171,1,.77902693,1.4775,.12346082,1.489742,7.2588749,.62994808,11.128829,11.673938,6.1212711
006066,20172,1,.69207913,1.3337036,.11645036,1.9847654,9.1025152,.58300358,13.161759,11.674151,-1.1516896
006066,20173,0,.69913769,.92888886,.13301095,2.2615047,10.203743,.70376366,13.444786,11.699364,2.0449171
006066,20174,0,.66043574,.88586199,.15150125,-.86651975,9.4667692,.7859515,14.794842,11.708788,5.0845122
006066,20181,0,.53387916,.87192309,.13328344,1.3393855,10.035419,.69402337,15.118482,11.738913,6.4974709
006066,20182,0,.52423269,.94719994,.13414298,1.9188251,10.50006,.74310571,11.530188,11.738346,6.4195366
006066,20183,1,.52769011,.86363637,.15072137,2.2150598,9.8057919,.66764235,12.963324,11.708673,.93096161
006066,20184,0,.5397833,.76833338,.14959979,1.5993115,12.019018,.6418559,14.359691,11.711695,.29060957
006066,20191,1,1.0107971,.41909093,.20702884,1.2894912,9.9058208,.43685463,12.76381,11.723041,-1.5872456
006066,20192,1,.80089408,.16049999,.13698195,1.907948,13.857447,.44528973,17.334188,11.782388,4.4041133
006066,20193,0,.87742358,-.13370375,.15061437,1.0811369,30.008018,.38020846,25.274261,11.948933,24.025955
006066,20194,0,.81769741,-.13269228,.14546913,2.4528806,7.3238873,.38497528,23.710255,11.915854,20.415968
006066,20201,1,.60629773,.28185183,.22920564,.77208155,5.9197297,.4139671,19.645945,11.932858,20.981823
006066,20202,1,1.742569,.5036,.21178958,.88720566,7.8342667,.38200036,22.615322,11.940824,15.843616
006066,20203,0,1.0373199,.55481482,.20001912,1.1011673,9.2412453,.46952009,19.171501,11.946006,-.29269704
006066,20204,0,.84107804,.49115384,.20426857,.87978822,10.220726,.43989411,18.807993,11.945539,2.968468
006066,20211,0,.77204275,.69653845,.24256043,.6122933,9.1523428,.31672555,15.916482,11.957425,2.4566636
006066,20212,0,.78107268,1.2415999,.18745984,.89148146,7.5846567,.37677708,13.969818,11.909208,-3.1615179
006066,20213,0,.63547176,1.1821738,.17483321,.76968133,5.5614586,.38007274,14.117578,11.896922,-4.9083982
006066,20214,0,.69573677,1.2033334,.18629409,1.6177347,5.8295307,.31203628,15.318889,11.879053,-6.6485124
006066,20221,1,.79059207,1.362381,.19068748,.55529881,6.3363156,.21287717,16.556572,11.790565,-16.68606
006066,20222,0,1.1005778,1.7811539,.16292037,1.044457,8.519227,.25436127,19.087067,11.80017,-10.903861
006066,20223,1,1.2499807,1.7388461,.15283732,-2.5066078,6.4422011,.24862158,17.308561,11.755896,-14.102658
006066,20224,0,1.1534535,.57037038,.18708971,2.153357,7.8760428,.32499006,17.902691,11.742846,-13.620758
006104,20131,0,1.7149737,1.4508333,.38662085,.98902124,4.0493889,.67178804,4.2252836,10.378261,17.492819
006104,20132,0,1.6425982,1.651,.35145807,.79209739,2.8564439,.83185518,9.3538074,10.395069,-3.4595542
006104,20133,0,1.6675072,2.0445454,.36614445,1.1737595,3.7025657,.83269316,4.2291613,10.390379,-1.6546931
006104,20134,0,1.5981756,2.6470001,.38857561,1.3378748,5.9713402,1.3470803,2.4799137,10.39173,.085955493
006104,20141,0,1.445493,2.6330001,.40354913,-.30131945,5.7155547,.87858409,3.674227,10.358631,-1.9629719
006104,20142,0,1.4196261,2.3930001,.39519346,.52451539,4.3687897,1.1630559,10.457388,10.331855,-6.321414
006104,20143,0,1.3713334,2.5827274,.36758223,1.1525226,4.1977792,1.0616194,4.9857588,10.335335,-5.5044127
006104,20144,0,1.5893614,2.4763637,.3543711,.4557358,5.8429413,1.3774104,7.7340751,10.288852,-10.28781
006104,20151,0,1.8242601,2.1440001,.23823769,1.0912007,6.557663,1.1121182,8.0966082,10.264094,-9.4536562
006104,20152,0,1.8974403,1.9060001,.21857058,.8116709,5.6352129,1.2657776,11.8864,10.238781,-9.3074532
006104,20153,0,1.9648565,2.3407693,.25883019,.78075093,5.6426997,1.1533821,9.883091,10.246297,-8.9038086
006104,20154,0,2.2846742,2.1635716,.29535663,.55658048,3.4520495,1.5290328,16.888639,10.372897,8.4045267
006104,20161,0,2.2562375,1.9885713,.27467304,1.0919671,3.4328308,1.010233,18.669024,10.32833,6.4235606
006104,20162,0,2.6313522,1.6357143,.26273701,.12885353,3.7206457,1.0565989,22.465002,10.343128,10.43481
006104,20163,0,2.1283402,1.3961539,.24750909,.99388379,3.9946482,.8473497,16.841019,10.354308,10.801155
006104,20164,0,1.919296,1.40125,.22658366,.66869116,7.858655,1.3649888,18.4154,10.392098,1.9200987
006104,20171,0,1.6917359,1.8973334,.21456754,.62678063,3.0979156,1.1216074,19.371992,10.414663,8.633275
006104,20172,0,1.5827762,1.6574999,.23176593,.24023303,2.996907,.87084472,24.138636,10.413342,7.0214086
006104,20173,0,1.4130015,1.1906667,.21882118,1.1659828,3.0728812,.79995275,19.043028,10.430491,7.6183238
006104,20174,0,1.4046725,1.2513334,.22083886,4.3178658,2.9515276,1.3485937,22.406343,10.4286,3.650238
006104,20181,1,1.3598208,1.1733334,.22579083,2.1502523,3.0026841,1.4423503,19.562847,10.431259,1.6595669
006104,20182,1,1.5218736,1.1635715,.35438412,1.1901263,3.3529241,1.2929769,28.073395,10.434998,2.1655061
006104,20183,0,1.6624119,1.015,.33713928,1.6629187,3.174932,1.056338,21.035089,10.428098,-.23938657
006104,20184,0,1.5764158,.87928575,.36830974,.93482828,3.0352335,.84607869,19.984356,10.428305,-.029578799
006104,20191,1,1.9505452,.52642858,.47378859,1.2628068,1.7542292,.87264711,19.150496,10.421567,-.96919799
006104,20192,0,1.7450562,.27933332,.42597789,.85435075,1.8754754,.98016274,23.228392,10.439338,.43396735
006104,20193,0,1.7817312,.037142802,.46088663,1.001543,2.291321,.82976681,18.168398,10.44427,1.6172227
006104,20194,0,1.7417405,-.049333297,.47960499,.48747343,2.0592058,1.0724415,17.637733,10.429635,.13303575
006104,20201,1,1.4501032,.42666668,.45963272,-.42126021,1.5266948,.85447103,16.23381,10.418435,-.31321338
006104,20202,0,3.0032289,.73846155,.5964033,.800843,3.7302423,.75869334,23.133865,10.410757,-2.8580582
006104,20203,0,2.0273101,.77923077,.53690428,.62732559,2.6046312,.36593992,-5.2494435,10.38958,-5.4690146
006104,20204,0,1.7458413,.80769229,.46903706,.48052761,2.1293969,.29522613,13.006508,10.368479,-6.1156554
006104,20211,0,1.2110951,.99153847,.42523995,1.1003215,1.8759065,.28059775,10.803705,10.364639,-5.3795052
006104,20212,0,1.116505,1.7191668,.38681185,1.3724307,2.5002382,.42253071,10.076144,10.357013,-5.3744459
006104,20213,1,.95334238,1.6008332,.36667392,2.7473924,2.2449758,.40066141,9.1078758,10.356091,-3.3489146
006104,20214,0,.99197364,1.4541667,.4575139,.36306876,12.286654,.68202639,3.3281147,10.291162,-7.7316632
006104,20221,1,1.2325246,1.5979999,.49149108,1.4261379,6.1007013,.73287648,-.78699887,10.136304,-22.833546
006104,20222,0,1.8138041,1.9975001,.5154013,2.0311632,5.604579,.73932743,-1.1062026,10.132931,-22.408119
006104,20223,0,1.9580353,1.8088888,.58103341,3.7615695,3.8644094,.94138122,-.18823743,10.137848,-21.82427
006104,20224,1,2.0423059,.63555551,.75610369,-1.2789061,2.0550976,1.2949929,.16974509,10.121217,-16.994555
006266,20131,0,.49987933,1.6938461,.33516508,2.8818183,17.379086,.48291263,-7.0332422,11.706409,6.5583453
006266,20132,0,.58334595,1.7946154,.29476982,3.1537981,17.828463,.63437992,-6.5728202,11.707966,4.4949307
006266,20133,1,.62127101,2.46,.28772941,2.3985522,20.212347,.65071386,-8.6588144,11.730655,7.1466408
006266,20134,1,.60874689,2.8999999,.28443852,2.7723286,19.875053,1.1257907,-9.3273458,11.751414,6.4947748
006266,20141,0,.54310787,2.5300002,.28508353,3.5626266,22.011862,.47481591,-8.1115131,11.795718,8.9308615
006266,20142,0,.5496617,2.3505881,.27742878,3.244581,22.044552,.62776572,-8.3629827,11.800583,9.2616749
006266,20143,0,.49994019,2.2705884,.2640242,3.512574,23.390533,.55547339,-9.66675,11.81451,8.3856058
006266,20144,1,.51791978,2.2270589,.25379691,1.9084461,24.985426,1.1325011,-10.78707,11.791292,3.9877112
006266,20151,0,.55711275,1.8559999,.238795,3.2947171,25.235855,.41412762,-8.0228519,11.78386,-1.1857517
006266,20152,0,.58019066,1.6925,.24460867,3.5119374,24.355703,.59491408,-8.8834238,11.764384,-3.6198211
006266,20153,0,.71547693,1.8725001,.26222804,2.5432458,25.715715,.59756434,-8.691515,11.79083,-2.3680551
006266,20154,1,.71690762,1.7324998,.2766116,2.4124684,27.993637,1.0250176,-7.7506275,11.800102,.88106298
006266,20161,1,.59718066,1.7938888,.24856405,3.3408039,28.765244,.478971,-8.6148958,11.801189,1.7329282
006266,20162,1,.62983787,1.4147999,.2447288,2.9339871,29.255455,.55567378,-6.0639353,11.822107,5.7722926
006266,20163,0,.64230162,1.1404001,.21637741,3.0554879,30.652153,.52712888,-4.8856273,11.848068,5.7238355
006266,20164,0,.56044829,1.16,.22546859,2.7171242,29.050573,.77866197,-5.1310153,11.85203,5.1927543
006266,20171,1,.54945165,1.6986957,.2228933,3.1315506,29.912611,.3965781,-3.9950206,11.857989,5.6799393
006266,20172,0,.56053203,1.5174074,.20825039,2.6408038,27.318207,.47544128,-.55104196,11.883924,6.1816092
006266,20173,0,.47662956,1.0733334,.20169367,2.463238,8.5447655,.51699203,.039884448,11.936931,8.8862715
006266,20174,1,.48279381,1.0453846,.21104649,-6.8823962,10.456899,.79661822,-.55637509,11.955417,10.338662
006266,20181,0,.4491069,1.0053333,.16776669,2.776171,11.631056,.41830099,-1.2010143,11.965929,10.79399
006266,20182,0,.52242458,1.0725,.18412632,2.5245013,9.707262,.5586592,-9.6952219,11.96161,7.7686348
006266,20183,0,.57264942,.93821424,.19222493,2.5321019,11.675087,.52714574,-3.7581339,11.953532,1.6601501
006266,20184,0,.49761152,.82964289,.17525798,1.9537196,12.436498,.84648335,-4.3243022,11.955706,.028905354
006266,20191,0,.69013304,.47333333,.16955049,2.4510636,12.871189,.42888713,-4.807168,11.937893,-2.8036659
006266,20192,0,.58668005,.21407406,.15741122,3.7373276,10.22216,.55789959,-6.0572848,11.918571,-4.3039136
006266,20193,0,.6098513,-.046666719,.16347654,1.1301147,9.8493395,.48028263,-5.901824,11.951935,-.15975165
006266,20194,0,.61955893,-.078846127,.16628237,2.5784299,11.538634,.81017995,-5.6195722,11.954536,-.11695758
006266,20201,0,.47890815,.37800002,.15399656,3.6746805,12.228013,.39625177,-8.5476656,11.968627,3.0734806
006266,20202,1,1.0641148,.65041667,.17745773,2.3390982,11.627111,.42704996,-7.2927103,11.95129,3.2719512
006266,20203,1,.69951248,.68826085,.16867875,2.2439702,12.081702,.46533653,-7.3737369,11.972753,2.081754
006266,20204,0,.63372135,.68241376,.16496728,1.0182023,18.032959,.77507567,-6.2075453,12.047622,9.3085852
006266,20211,0,.4732078,.91571426,.15055166,3.5432889,14.400151,.38709161,-8.0283566,12.071936,10.330805
006266,20212,0,.46428499,1.5603703,.15046497,3.6382179,14.26717,.4711487,-9.1647921,12.058483,10.719283
006266,20213,1,.35541055,1.467037,.16049074,2.0783269,14.342552,.42337337,-6.3004823,12.080736,10.798367
006266,20214,0,.39562249,1.3133334,.16086951,2.6424444,17.296963,.78949714,-5.0901413,12.096414,4.8792114
006266,20221,0,.49021238,1.434074,.16544157,2.8288412,17.365316,.33348349,-5.5659266,12.111861,3.9925508
006266,20222,1,.69818753,1.8161539,.15831676,2.6991115,17.03793,.48386645,-4.8065977,12.091531,3.3048327
006266,20223,0,.61602914,1.7415385,.16042383,2.5083838,18.325043,.53566206,-5.8163433,12.087987,.72509098
006266,20224,0,.51312757,.5823077,.17336324,2.0100045,19.459925,.90621507,-6.7801342,12.07325,-2.3164444
006304,20131,0,2.020685,.63,.42357907,3.2824972,50.865524,.36103481,-13.991727,8.5308523,7.5324101
006304,20132,0,1.8975281,.72999996,.3939251,2.5944884,55.433975,.36404076,-14.044915,8.5553503,5.1606498
006304,20133,0,1.6320822,1.15,.37768638,2.1030734,55.204918,.41137758,-14.139255,8.5730734,3.601757
006304,20134,0,1.1657959,1.5800002,.34427607,2.6354618,55.869137,.27377418,-14.603837,8.5723543,4.2150488
006304,20141,0,.93389994,1.51,.33063465,3.7417929,54.232777,.33488128,-15.709647,8.6016693,7.0817175
006304,20142,0,.66565901,1.5899999,.31747401,2.3461728,55.165047,.23813294,-15.376637,8.6101093,5.4759326
006304,20143,0,.43780556,1.64,.30531722,1.3041593,56.920536,.24274807,-14.214516,8.6195087,4.6434817
006304,20144,1,.37231702,1.75,.27240753,.38230169,55.502254,.24111715,-14.770823,8.5757589,.34047815
006304,20151,0,1.8117888,1.5233333,.052640956,2.6394293,47.456573,.20704316,35.209984,8.5146627,-8.7006063
006304,20152,0,1.7409424,1.5960001,.052987754,2.8970344,47.729092,.18842484,31.398937,8.4974432,-11.266634
006304,20153,0,1.8421279,1.832,.047497835,2.1735752,49.463428,.15211317,34.11689,8.4817753,-13.773287
006304,20154,0,2.0962369,1.6759999,.037761919,3.3296049,49.645298,.17364776,37.542091,8.4275579,-14.820072
006304,20161,0,1.9548013,1.6160001,.033868697,3.8442075,49.019512,.19582219,36.305882,8.4278193,-8.684432
006304,20162,0,2.2027299,1.272,.042036504,5.678277,46.868721,.15700208,31.68965,8.4726353,-2.4807966
006304,20163,0,1.8697248,.95199996,.060666665,3.5889859,50.203087,.19915639,29.110727,8.5096512,2.7875488
006304,20164,0,1.6576638,.94799995,.071717829,4.7687416,49.931385,.17271478,30.251928,8.5164127,8.8854551
006304,20171,0,1.5643859,1.6125001,.078263052,4.9772143,50.898014,.18478911,27.435684,8.5359077,10.808929
006304,20172,0,1.3547804,1.4175,.076982938,4.8110557,50.775509,.20035891,26.010101,8.5800638,10.742828
006304,20173,0,1.2358242,.875,.092696786,5.0782213,54.530834,.2848067,22.442865,8.6183357,10.868474
006304,20174,0,1.1392504,.84750003,.088131472,-2.36045,53.713013,.23493965,18.324024,8.6465359,13.012299
006304,20181,0,.99705511,.88,.074478626,5.675343,51.008942,.27729344,14.950397,8.595499,5.9591084
006304,20182,0,1.0401288,.92750007,.080636457,6.2300024,51.623566,.40802518,5.9429703,8.6301975,5.0133781
006304,20183,0,1.1840469,.755,.10745711,7.0460744,51.257088,.39737648,7.7080131,8.6339722,1.5636381
006304,20184,0,1.0946655,.69499999,.10067076,6.538404,49.251629,.46705917,8.8135986,8.638545,-.79906863
006304,20191,1,1.6602092,.41000006,.11794429,3.4383252,48.063446,.46306279,9.7717495,8.6314659,3.5966284
006304,20192,0,1.3936099,.22599998,.14762871,2.3710749,20.650301,.60784066,7.8033805,9.1256104,49.541302
006304,20193,0,1.4527608,-.042000052,.13960767,3.846638,19.308229,.36150241,5.1504164,9.1059256,47.195328
006304,20194,0,1.2502604,-.079999968,.13312,4.1232915,18.977638,.37785774,5.4587512,9.1301489,49.160442
006304,20201,1,1.1537285,.322,.11989976,.84806371,18.133963,.46963909,4.461956,9.1324568,50.09911
006304,20202,0,2.483156,.75999999,.13257447,4.649056,18.477741,.4724198,6.5362124,9.0877142,-3.7896018
006304,20203,0,1.6109022,.796,.11001863,4.5319915,21.341385,.60264266,1.4392018,9.1356125,2.9686885
006304,20204,1,1.3376156,.78400004,.11375274,4.9060764,21.925236,.63458574,.68355203,9.1399279,.97789961
006304,20211,0,.98405725,1.0279999,.089773633,5.782135,23.399015,.62338483,-.55381656,9.1916304,5.917417
006304,20212,0,.95983118,1.7139999,.073942117,6.3684745,24.576578,.55714518,-4.0554671,9.2042456,11.653129
006304,20213,0,.85592091,1.472,.081325553,10.402143,24.286749,.67134815,-6.746006,9.237092,10.147923
006304,20214,0,.90451825,1.3320001,.067685775,6.4365091,23.548365,.58225572,-7.286665,9.3188791,17.895054
006304,20221,1,1.023872,1.3559999,.063329436,6.2547708,24.061678,.85874975,-4.5188813,9.365654,17.402271
006304,20222,1,1.4383143,1.7540001,.074476242,6.7015028,21.450626,.6087631,-9.7002182,9.394145,18.989933
006304,20223,0,1.4545039,1.69375,.032153089,8.1446676,21.497095,.66961509,16.185518,9.4412212,20.412922
006304,20224,0,1.2721909,.47499993,.045370325,7.458252,22.505322,.71353614,13.752254,9.4821711,16.329262
006375,20131,0,.91777855,1.1114285,.11489831,2.0482085,1.8506322,.67175978,18.94302,9.6279974,24.361982
006375,20132,0,.78199303,1.2033333,.11896994,2.3121386,1.6552812,.89332628,21.500332,9.6306286,22.686171
006375,20133,0,.74597883,1.5311111,.10820365,2.1623774,1.7378615,.82913238,18.626919,9.6208591,2.9346566
006375,20134,0,.85411358,1.7655555,.13149425,5.3745074,1.9710906,1.8002627,15.782488,9.6303654,2.4341161
006375,20141,0,.88976753,1.5711112,.17581876,2.6237559,1.7642498,.62685794,15.422988,9.6469164,1.8918954
006375,20142,0,.78329074,1.73,.15786953,1.8756357,1.8056968,.82019323,25.184429,9.6631975,3.2569435
006375,20143,0,.84013909,1.937143,.15791087,1.416556,1.8339342,.81578445,15.237334,9.6685877,4.772831
006375,20144,0,.7886852,1.9728571,.15177897,-1.8577225,2.7009892,1.4392595,15.174892,9.6659918,3.5625863
006375,20151,1,1.1143613,1.5357143,.10902396,1.4980532,2.9235137,.54774636,14.541801,9.6259537,-2.0962665
006375,20152,0,1.1188252,1.4399999,.10829835,1.4663335,2.2948449,.88769066,19.517151,9.6295767,-3.3620958
006375,20153,0,1.1498258,1.6414285,.11944842,1.3701377,1.964978,.96243817,14.632219,9.6132689,-5.5318732
006375,20154,1,1.2826998,1.4085714,.11104587,-.2642093,1.9267946,1.2308288,16.528526,9.6497555,-1.6235576
006375,20161,1,1.2207609,1.3471428,.078868225,1.1464133,1.6442842,.9433344,16.151024,9.6333179,.73640943
006375,20162,0,1.201046,1.2555555,.075323366,1.8304242,2.0265412,.68640912,23.218166,9.6354122,.58351254
006375,20163,0,1.2700056,1.0675,.069870569,1.8977059,3.4509652,.82537204,17.443562,9.6412783,2.8009343
006375,20164,0,1.1283455,1.0462499,.079308435,-.34597558,2.2586331,.85514718,15.440872,9.6368494,-1.2906753
006375,20171,0,1.1675963,1.49,.073844373,1.7603072,1.8529547,.86030048,15.55551,9.6231785,-1.0139672
006375,20172,1,1.0601615,1.3044444,.076286912,1.8344462,1.9316783,.89453554,20.322197,9.6438742,.84624904
006375,20173,1,.96133125,.97000003,.07537923,1.8538784,2.1499839,.68233025,17.807415,9.6508512,.95725459
006375,20174,0,.9195314,.88750005,.091702759,2.66607,1.7070521,.81196856,17.480865,9.6576509,2.0801785
006375,20181,0,.80304044,.92333341,.092653878,2.7155964,1.7186545,.80733943,18.796673,9.7019835,7.8804941
006375,20182,0,.9619804,.9733333,.11259601,3.5684352,2.2153034,.82624835,24.528614,9.7232838,7.9409251
006375,20183,0,1.0782508,.86545449,.11999536,2.1227865,1.435674,.66476732,16.734949,9.7926121,14.176104
006375,20184,0,.93643099,.77181822,.12680212,-.46372974,1.705863,1.0433918,15.656692,9.8044405,14.678945
006375,20191,0,1.3608611,.39699998,.12879312,1.5860517,1.8053994,.83239591,15.403795,9.7858295,8.3846331
006375,20192,0,1.1801398,.10299997,.1287863,1.5488763,1.4730572,.79068506,22.338428,9.8236322,10.034858
006375,20193,0,1.1022112,-.20000003,.14615887,1.3230488,1.821201,.76061922,17.990091,9.8346195,4.2007818
006375,20194,0,.95210093,-.17499998,.11396158,.82861876,2.5887194,.8571918,13.937306,9.7698994,-3.4541383
006375,20201,0,.76186562,.21599999,.1271722,1.975632,2.2603052,.63766795,12.671378,9.7736063,-1.2222878
006375,20202,0,2.2364707,.43000001,.13053308,1.9243422,5.5701756,.58114034,19.614744,9.8113718,-1.2260064
006375,20203,0,1.1898024,.38777778,.12744746,1.8759096,6.7220101,.58217889,13.130379,9.8282785,-.63406986
006375,20204,0,.93989372,.37777779,.13896704,1.083395,8.3447838,.94598877,12.220705,9.8480806,7.8181529
006375,20211,0,.73619509,.47444439,.14605461,2.0448987,2.4172039,.96132475,9.2400465,9.797905,2.4298158
006375,20212,0,.86138695,1.01,.14644128,2.1036315,2.164526,.70859164,15.178076,9.8016768,-.9695977
006375,20213,0,.65436852,.96624994,.15499376,1.6856091,2.1687806,.58749247,11.372009,9.8098907,-1.8388072
006375,20214,0,.64793068,.89875001,.15778615,2.352366,2.3903949,.78774381,10.873837,9.8204861,-2.7594237
006375,20221,0,.74904591,1.12875,.1747884,2.3214874,1.5733304,.75915939,9.0303783,9.8079672,1.0062561
006375,20222,0,1.0976379,1.7042856,.17528422,1.7515581,1.6817107,.69310123,15.436271,9.831562,2.9885526
006375,20223,0,1.2785445,1.6500002,.1681582,1.6370069,1.7056557,.43829539,7.2658448,9.8488731,3.8982055
006375,20224,0,1.0743172,.56285721,.18052299,-.51535547,1.9615061,.72570467,4.2658062,9.8530359,3.2549701
006386,20131,1,1.642517,1.14,.54018444,1.7388912,6.9913974,.62685877,-15.450337,8.0393314,15.900395
006386,20132,1,1.5921199,1.3000001,.55976957,1.9252715,10.196139,.91888678,-13.824862,8.0579891,-1.2471406
006386,20133,0,1.7424147,1.6999999,.57892209,1.1462148,11.43022,.75654972,-14.514877,8.1019926,8.4293423
006386,20134,0,1.659447,2.1850002,.51588893,.72692847,10.008215,.7155481,-8.7549896,8.1108217,9.9068832
006386,20141,0,1.4100029,2.1700001,.4613924,1.3356705,4.2878261,.97571033,-6.7508698,8.2449121,20.558067
006386,20142,0,1.1961734,2.1299999,.54568952,1.1729587,4.1757121,.81065881,-7.5540276,8.2623634,20.437469
006386,20143,0,1.019096,2.0999999,.53382462,1.0208666,4.5999236,.79631114,-8.2042875,8.2605152,15.852255
006386,20144,0,1.4407356,1.75,.58920306,-10.349716,4.1631603,.63622576,-2.5163741,8.2299948,11.917259
006386,20151,0,1.5241528,1.61,.52422929,-1.4213624,4.4971423,.70556194,-5.9426188,8.087162,-15.775023
006386,20152,0,1.5201194,1.49,.49990669,.70441908,4.8691759,.77676976,-17.737099,8.0070496,-25.531364
006386,20153,0,1.5829216,1.66,.49872434,-.21849225,3.7021558,1.3060755,-12.915468,7.9549088,-30.56061
006386,20154,0,1.8319815,1.47,.66835541,-6.1491475,3.5318892,.87055427,-3.5850942,7.9200978,-30.989674
006386,20161,0,1.7258016,1.47,.67500341,.65562904,5.6952314,.90605402,-9.5039101,7.7998567,-28.730509
006386,20162,0,3.1275244,1.09,.63481486,-2.6691663,5.4802308,1.100027,-17.311768,7.8208165,-18.62336
006386,20163,0,2.2866318,.67999995,.60051614,-.91422087,6.8211532,1.7841998,-10.032296,7.7701359,-18.477318
006386,20164,0,1.8596814,.68499994,.40426791,.31472203,5.1750584,1.2268612,-6.0844955,7.7438908,-17.62068
006386,20171,0,1.7805494,1.0700001,.36163235,1.7247351,4.5237651,1.0432055,-11.656875,7.720808,-7.9048462
006386,20172,0,1.6000351,.91999996,.30069447,1.0554928,4.3181272,1.0246542,-11.305279,7.7556553,-6.5161014
006386,20173,0,1.4134555,.57499999,.33913368,1.6221514,7.8919196,1.7431617,-11.42295,7.78966,1.9524107
006386,20174,0,1.1601518,.56,.32538247,1.7336333,4.6129518,1.7967664,-4.2634487,7.7830992,3.9208076
006386,20181,0,1.1632057,.69000006,.2887879,2.0544772,6.4599752,1.7402835,-11.808649,7.8143435,9.3535366
006386,20182,0,.87048161,.755,.36233371,2.6177468,8.4766121,1.6308728,-13.595721,7.8701134,11.445785
006386,20183,0,1.1315539,.77333331,.41301879,1.937939,19.008987,1.4787043,-4.8129916,7.9813018,19.164177
006386,20184,0,1.4928701,.755,.34359384,2.1772516,4.0635238,1.783812,-7.1137056,7.8289156,4.5816727
006386,20191,0,1.7027985,.38499999,.46524587,2.7083001,3.8037095,2.2861924,-15.406839,7.8364124,2.2068937
006386,20192,0,1.5227656,.090000011,.43877375,2.3767843,4.3178945,2.5463603,-15.702698,7.8662171,-.38958666
006386,20193,0,1.401683,-.23000008,.4382354,.24342413,6.8522801,2.7276981,-15.975852,7.8846779,-9.6623907
006386,20194,0,1.3562804,-.215,.51011753,-.2284369,4.3672299,2.888238,-7.1085052,7.8630381,3.4122117
006386,20201,0,1.1754795,.19500002,.42274398,.11120714,4.0110054,2.231348,-10.273685,7.8720865,3.5674129
006386,20202,0,2.3045216,.36999997,.81031853,-.35877231,3.3580236,1.500729,-10.131422,7.8391709,-2.7046318
006386,20203,0,2.058495,.30000001,.51653147,-.71355885,19.972538,1.2952698,2.1316588,8.0188198,13.414227
006386,20204,0,1.5032268,.29500002,.50846428,.7576409,3.8409595,1.143847,-10.4711,7.8473701,-1.5667578
006386,20211,0,1.2726542,.42499998,.4238376,.82682359,3.9462664,.97329617,-12.538356,7.8689528,-.31337255
006386,20212,0,1.5874859,1.1849999,.378113,1.3423047,4.3712382,1.2709849,-12.792307,7.8690119,2.9840679
006386,20213,0,1.4244303,1.1399999,.44052339,1.3578862,5.7787251,.66937733,-13.151494,7.8882446,-13.05752
006386,20214,0,1.2893004,1.0749999,.46172366,1.2049925,4.1155591,.76285642,-10.793058,7.8661733,1.8802993
006386,20221,0,1.2885352,1.2900001,.43811384,1.3518089,3.8990424,.85852545,-9.8703308,7.8674397,-.15132909
006386,20222,0,1.6079601,1.6800001,.55552387,1.5683323,3.7594101,1.3826967,-9.2095881,7.8858981,1.6886573
006386,20223,0,2.0644836,1.6750001,.65806568,1.0956182,3.3256345,1.1456664,-7.0993958,7.8530316,-3.5213404
006386,20224,0,2.3510547,.48000002,.7164197,.87031758,2.5660834,.84007365,-3.8366346,7.8305082,-3.566498
006502,20131,1,1.7348688,1.65,.28483775,1.8736312,5.4951739,2.3967881,3.2292545,10.112857,2.8715618
006502,20132,0,1.7180701,1.7390909,.29615706,1.9511601,4.8393641,2.506896,4.1447072,10.112614,4.8879409
006502,20133,1,1.7443452,1.789,.25553867,1.3074861,4.5287685,2.0292845,1.4627278,10.095965,1.8903053
006502,20134,1,1.632947,2.6392307,.2376249,1.2218045,5.2713304,2.7623405,-.11658072,10.105285,3.8531184
006502,20141,1,1.5874848,2.7758334,.22521126,1.6562009,4.8076925,2.1350079,-.51452219,10.145649,3.2792437
006502,20142,1,1.1640871,2.701875,.29147425,1.7110072,4.6412349,2.4930842,5.4649773,10.284694,17.208082
006502,20143,1,1.1792076,2.5131249,.19956908,1.2001522,4.1572995,2.1339881,7.2522345,10.272047,17.608091
006502,20144,1,1.200557,2.4146667,.20670387,1.2448846,4.1404448,2.4863303,5.4909973,10.277772,17.248667
006502,20151,0,1.3485587,2.0923529,.19310142,1.7139832,3.9904706,2.5180333,5.6267052,10.316325,17.067631
006502,20152,0,1.4244717,1.6535293,.16577293,2.0257885,4.1104856,2.8766854,5.4613738,10.327316,4.2622223
006502,20153,0,1.3247473,1.707647,.1626668,1.4211632,3.9845083,2.6815019,4.4945388,10.324432,5.2385631
006502,20154,0,1.5443907,1.9811764,.15409768,1.3904681,3.9050064,2.715961,3.8317919,10.334653,5.6881351
006502,20161,1,1.6160997,1.7258823,.16860618,1.7519666,3.8737581,2.5605667,2.0831676,10.370581,5.4255285
006502,20162,0,1.460336,1.5110526,.19260354,2.0532792,3.5401363,3.2156236,1.7504781,10.431082,10.376545
006502,20163,0,1.2742791,1.2654999,.1880679,1.1331025,3.7957456,2.8283186,2.8650105,10.428246,10.381343
006502,20164,1,1.2049309,.96050006,.20134972,1.1251515,3.6870348,2.8244185,1.7087221,10.4534,11.874637
006502,20171,1,1.209066,1.1719048,.22768858,1.3860356,3.8814473,1.8462213,3.4993024,10.50526,13.46786
006502,20172,0,1.1890172,1.5826087,.21639284,.83002329,3.3748801,2.2380495,4.9897938,10.505204,7.412272
006502,20173,1,1.2053627,1.2330436,.22691375,.98606104,3.6537335,1.9693288,3.8498135,10.485675,5.7429571
006502,20174,0,1.2780102,1.0572001,.28909793,1.0846995,4.907104,1.6803279,4.628861,10.507804,5.4404254
006502,20181,1,1.2773297,1.0872,.34182176,2.3063629,4.0914984,1.8148428,5.981791,10.519429,1.4170359
006502,20182,1,1.1029717,1.0404167,.22310959,5.4466758,4.0540905,2.0377989,7.9901876,10.523983,1.8778875
006502,20183,0,1.3024856,1.0204545,.32475427,1.3894587,4.7701101,1.993928,5.4094734,10.506738,2.1062138
006502,20184,1,1.3879009,.86500001,.32241723,.85775357,3.7286575,2.0835025,7.8848124,10.51751,.97068346
006502,20191,1,1.4017429,.8490476,.3248046,.67905927,4.0035658,1.8615137,5.3814979,10.549046,2.9615436
006502,20192,0,1.7799897,.36391303,.34039736,2.0252898,4.2237263,2.3637128,5.4103942,10.548442,2.4458499
006502,20193,1,1.5423095,.19590905,.41339049,.67014152,3.3281438,1.5343306,11.998799,10.699169,19.243137
006502,20194,0,1.4690689,.015454514,.51678479,.59151638,3.6255679,1.7588053,13.617745,10.70239,18.487982
006502,20201,0,1.4503847,.13636364,.45149994,.72037542,3.4785099,1.6852819,12.930566,10.723113,17.406809
006502,20202,1,1.2087986,.30782607,.39955792,2.678098,3.4868305,1.5423369,13.94119,10.720091,17.164865
006502,20203,0,2.004473,.60227269,.37376484,1.7447062,8.2399559,1.3740361,10.979,10.756668,5.7499318
006502,20204,1,1.2640235,.58499998,.36653793,1.3272196,8.156826,1.5123152,10.813156,10.76939,6.6999674
006502,20211,0,1.158751,.75863636,.40547681,-.15887754,6.7718973,1.6568657,9.5179529,10.788597,6.548398
006502,20212,0,.84239131,.98238093,.35901281,.28769881,6.2759442,1.6850932,9.2294846,10.792654,7.2563181
006502,20213,0,.8549028,1.4872727,.33652544,.95675159,6.8017454,1.0223105,8.6046009,10.795711,3.9042902
006502,20214,0,.87843204,1.2785715,.30434766,.99667776,6.7683296,1.4217618,10.030455,10.788515,1.9124786
006502,20221,0,.86719775,1.527,.32180354,1.1338779,6.879528,1.2161593,8.6378365,10.816353,2.7755256
006502,20222,0,.97091782,1.6425,.29288787,1.3527279,5.9141102,1.5177443,8.6947975,10.80133,.86754233
006502,20223,0,1.3265543,2.0265,.24065021,1.4870343,5.0762868,1.3953679,8.8868084,10.801431,.57200211
006502,20224,0,1.4269707,.866,.29030466,.81861269,4.4910855,1.7049302,7.2384596,10.794276,.57612139
006649,20131,1,1.4048007,.82333332,.36823505,1.5084949,11.032597,.60831362,-4.8140168,8.0879164,11.025743
006649,20132,0,1.2008623,.92333329,.29835549,2.0799906,13.110067,.64470959,3.1518579,8.1397028,6.4836121
006649,20133,0,1.4098725,1.1633333,.32150277,2.1746423,8.5491199,.55204809,-7.4865284,8.0952024,1.7010299
006649,20134,0,1.245558,2.1850002,.3393099,.16943511,9.0435991,.62327921,-7.5558991,8.1032219,1.8074069
006649,20141,1,1.0783318,2.1700001,.30912769,1.7084392,8.7738495,.48582736,-7.874331,8.0417671,-4.6149945
006649,20142,1,.84630454,1.5899999,.30332235,-.74189043,8.3377314,.72326553,-1.375106,8.0776024,-6.2100739
006649,20143,0,.62252653,2.0999999,.26013514,1.4860948,9.3790464,.75846332,-2.4894862,8.0843773,-1.082484
006649,20144,0,.82937747,2.51,.25088048,.64684272,7.6270924,.97654414,-4.8144193,8.0661135,-3.7108638
006649,20151,0,1.1567522,1.99,.19248998,2.2830031,10.596702,.69095075,-5.7506618,8.0521688,1.0402257
006649,20152,0,1.5389692,1.37,.17556553,2.5038669,8.4493427,.95385408,-.15454292,8.0401888,-3.7413251
006649,20153,0,1.5773909,1.5566666,.16511372,3.0282788,8.7508354,.86522251,-5.4880886,8.0531559,-3.1221712
006649,20154,0,1.7637269,1.4366667,.19097495,2.6253994,8.1925507,.80555743,-6.3512177,8.0281944,-3.7919083
006649,20161,1,1.6601272,1.74,.19292666,3.0159051,8.5321474,.93341422,-5.1134291,7.9955087,-5.6660318
006649,20162,1,1.6270839,1.0933334,.16622493,4.0074067,8.2727146,.99854517,1.6329795,8.0144682,-2.5721111
006649,20163,1,1.5427957,.90999997,.15531501,3.0839765,9.3937597,.83118939,-4.7692986,8.0169115,-3.6243949
006649,20164,0,1.5964882,.68499994,.18226521,2.6577208,10.334495,1.3321174,-4.8597903,8.0295305,.13362667
006649,20171,1,1.1413602,1.335,.16695035,2.8852921,9.4467344,1.1494253,-5.5838165,8.0010538,.55446488
006649,20172,1,1.170278,.76999998,.15996286,2.8081422,8.6103544,1.4361275,2.8461635,8.0454283,3.0960009
006649,20173,1,1.2818252,.60000002,.16284689,2.5171416,10.211793,1.2159073,-2.2034259,8.096056,7.9144135
006649,20174,1,1.1514521,.76999992,.18579456,1.0921563,10.316815,1.2155129,-1.846388,8.1088343,7.9303346
006649,20181,1,1.0359582,.9333334,.19085689,2.193872,14.81638,1.1349555,-2.2745996,8.1749287,17.387474
006649,20182,1,1.0322142,1.0000001,.20499706,2.3020258,13.395082,1.1076807,5.1496296,8.2140322,16.860394
006649,20183,0,1.1433065,.92333329,.19246086,2.4698133,12.250275,1.1361141,2.3458452,8.2008371,10.478134
006649,20184,0,1.3352342,.815,.20460701,1.4933363,10.242033,1.0425178,.48950911,8.174449,6.561543
006649,20191,1,1.4786985,.36000001,.24641751,1.8095801,7.9272618,.94027203,-2.5194378,8.1262226,-4.8705678
006649,20192,0,1.4041227,.079999954,.2163282,1.7400782,5.3151116,.78121847,14.571136,8.5079098,29.387833
006649,20193,0,1.4377942,-.22500004,.24664514,1.9912034,5.7916837,.6497401,14.272139,8.5175934,31.675587
006649,20194,0,1.3233914,-.23499997,.23275942,1.7868171,4.981679,.82547653,12.764314,8.4883413,31.389162
006649,20201,1,.98680025,.21249999,.19644569,.91562158,5.140769,.50244999,10.053852,8.4797821,35.355953
006649,20202,0,2.6700647,.40499997,.34693787,-.12244079,10.15255,.37735847,14.49691,8.513587,.56764579
006649,20203,0,2.245882,.24000001,.26408792,2.3351738,4.5568628,.20296371,10.883859,8.4299126,-8.7680426
006649,20204,0,1.7264082,.22750001,.23632175,2.3157082,5.2532272,.29804021,2.6559739,8.4475861,-4.0755091
006649,20211,1,1.2264658,.37249997,.23505299,1.8405553,7.3390827,.50483805,2.0218909,8.4667416,-1.3040391
006649,20212,1,.93665153,.80250001,.23991671,2.2843881,6.7961559,.50899911,2.368319,8.4993553,-1.4231663
006649,20213,0,.80983627,.61749995,.22261974,1.887342,4.4970002,.52037823,1.7203212,8.546771,11.685872
006649,20214,0,.91382879,.78333336,.26321813,2.0152433,4.4832001,.58833641,4.6234875,8.5631409,11.555538
006649,20221,0,1.1972635,1.1875,.29849917,1.7033143,6.8151417,.3523449,5.5911598,8.5768385,11.009686
006649,20222,0,1.3977619,1.6950001,.35940224,1.7821709,6.1271482,.41371822,6.1537685,8.5833178,8.3962917
006649,20223,1,1.5402111,1.6675001,.34868428,1.3650441,5.1600199,.4722212,7.2923717,8.5622816,1.5509863
006649,20224,0,1.3470078,.57499993,.35214245,1.0202504,4.3708453,.67243779,8.3770695,8.5516329,-1.1507961
006730,20131,0,1.0826277,1.48125,.25658032,4.500144,16.524656,.45902628,-4.9027863,10.44578,2.172034
006730,20132,0,1.1052063,1.8957142,.23221453,3.734354,14.651348,.4222897,-5.3302736,10.382826,.19182414
006730,20133,0,1.0832621,2.2657144,.2789214,3.6209595,14.178655,.76385963,-5.7121572,10.411088,4.3470263
006730,20134,0,1.1735893,2.5814285,.30854782,2.1418729,15.837495,1.366088,-6.5743895,10.433104,-1.0409164
006730,20141,0,.98921674,2.5885715,.29777151,2.0650408,15.312055,.57307076,-6.9677906,10.470184,2.4404061
006730,20142,0,.8455354,2.4822223,.27965268,2.1103723,14.996735,.73337954,-6.581974,10.456134,7.3307791
006730,20143,0,.81216031,2.3911111,.25879836,1.4295342,14.639446,.84783995,-9.2205887,10.463629,5.2540936
006730,20144,0,.97098231,2.2311113,.24473959,1.2366951,13.881866,1.1798388,-8.0507994,10.453018,1.9914845
006730,20151,1,1.1177746,1.95,.19724786,1.4242218,12.983415,.50728655,-2.6783586,10.523478,5.329392
006730,20152,1,.9178614,1.8075,.18351966,1.6850891,11.611072,.62798178,-2.469933,10.481614,2.5480425
006730,20153,0,.85621792,1.8455555,.15212628,2.2191327,11.740563,.75895065,-3.6340044,10.49229,2.8661451
006730,20154,0,1.0842453,1.7,.16402152,1.3177358,11.897082,1.0472474,-5.1559286,10.499702,4.6684117
006730,20161,0,.98150623,1.7766665,.1552365,1.2373168,12.51599,.43380594,-5.9675736,10.479227,-4.4250908
006730,20162,0,.89903587,1.3909091,.18910669,2.1552644,8.6331644,.70737177,-4.6126814,10.454259,-2.7355189
006730,20163,0,.88657129,1.3349999,.16997333,2.1329501,10.787574,.62370974,-3.2824903,10.504391,1.210023
006730,20164,0,.85624969,1.268,.17801794,2.0531893,11.24439,1.0901748,-3.2828913,10.534501,3.4798832
006730,20171,0,.81852901,1.6233332,.17361087,-.28552359,15.561035,.43550077,-1.0835737,10.566328,8.7100639
006730,20172,1,.73636699,1.5725,.15257895,2.6791196,9.3173828,.58898103,1.0972261,10.535405,8.1146765
006730,20173,0,.75952411,1.275,.15711121,1.3568926,13.27122,.59272468,3.6600442,10.620022,11.563102
006730,20174,0,.7745378,1.2454545,.15658441,-3.8523242,16.142839,1.0311459,4.9874601,10.669197,13.46959
006730,20181,0,.54575753,1.0333333,.11454596,2.7064762,17.861097,.52577758,3.837213,10.713996,14.766788
006730,20182,0,.73785913,1.0927273,.17156284,-.58594632,10.79796,.69889712,-2.8678477,10.699994,16.458885
006730,20183,0,.78451174,1.005,.12646008,2.7136962,16.311687,.63693362,3.7103267,10.653941,3.3919296
006730,20184,0,.75535977,.89800006,.11369579,2.5210028,20.248919,.88358343,4.9873395,10.706052,3.6854534
006730,20191,1,.8925072,.51666665,.081526458,9.6601105,18.416521,.46392033,1.8731415,10.689861,-2.4134533
006730,20192,0,.82371598,.29833332,.017914874,3.4920068,5.622941,.63225532,15.569282,10.545521,-15.447387
006730,20193,0,.90897268,.072857082,.026419146,3.242867,6.1239219,.68121159,9.745842,10.562726,-9.1214628
006730,20194,0,.83269066,-.0099999551,.031217705,3.9471567,4.3622718,.86163443,13.61205,10.542524,-16.352745
006730,20201,0,.65662146,.44999999,.021338455,3.7074182,6.2070298,.65748441,11.863807,10.578626,-11.123488
006730,20202,0,1.4012516,.69666666,.023275027,3.4352891,4.3242798,.68559808,13.453663,10.623832,7.8311152
006730,20203,0,.97657329,.76692307,.025382098,2.8794053,5.6899471,.93668836,7.3670387,10.644639,8.1912594
006730,20204,0,.9789263,.81687498,.035221901,4.8168206,8.2608204,1.0346789,4.8967896,10.690717,14.819257
006730,20211,0,.72657031,1.0531249,.033687845,2.9063048,7.8941784,.64396316,2.660501,10.750066,17.143982
006730,20212,0,.63296163,1.6335715,.037863616,2.9680839,6.5147543,.81407738,3.8514524,10.754457,13.062499
006730,20213,0,.52775317,1.6430769,.027938524,2.3219478,6.8422265,.70446986,1.2784392,10.774969,13.033031
006730,20214,0,.62955076,1.5126667,.033757426,3.5820863,7.9384484,.60472739,-1.1002332,10.782845,9.2127666
006730,20221,0,.79053444,1.4735714,.033632461,3.898906,8.008441,.74867845,-1.9083083,10.795609,4.5542669
006730,20222,0,.9138599,1.8357143,.032355838,2.0300815,5.4738665,.79071939,-1.5442312,10.756185,.17278603
006730,20223,0,.84373152,1.7613335,.025728861,3.0845494,5.8148971,1.3114169,-2.6426256,10.759255,-1.5714027
006730,20224,0,.80349958,.56199998,.02929152,4.0826774,5.7775249,1.0549604,-7.8779459,10.767674,-1.5170419
007017,20131,0,1.4779611,1.39,.83569014,1.0848014,1.9373479,3.894522,-14.007154,10.471808,11.816902
007017,20132,0,1.5061284,1.5733334,.78039098,1.2133641,2.1874733,3.7056024,-14.554487,10.466213,9.7388725
007017,20133,0,1.472741,1.9566666,.77883738,1.6234878,.70189458,3.2583885,-15.76638,10.464474,8.3200502
007017,20134,0,1.2547292,2.4250002,.76345193,1.0481888,.98949021,2.649821,-14.365278,10.485032,3.4638207
007017,20141,0,1.087082,2.4133334,.78349233,3.2257159,.74115664,2.9505897,-14.004273,10.480662,.88543564
007017,20142,0,.91167557,2.3399999,.8102417,1.4937346,5.4327683,3.2613206,-15.181611,10.49546,2.9247103
007017,20143,0,.97889191,2.0783334,.73867041,1.1993878,3.2530959,3.9209683,-14.070132,10.489467,2.49932
007017,20144,0,1.2890335,1.89,.80421698,2.5231607,2.0735693,4.1444139,-13.948022,10.510532,2.5499477
007017,20151,0,1.8128971,1.6750001,1.0878949,-.76643246,6.6590762,4.0321016,-13.219729,10.49158,1.0917169
007017,20152,0,1.7691615,1.5799999,1.1617873,-1.1112391,3.2415938,2.4988484,-15.360916,10.455532,-3.9927998
007017,20153,0,1.8205425,1.9344443,1.128325,-2.0939336,6.9807096,1.7556611,-11.177943,10.484865,-.46021974
007017,20154,0,2.4845083,1.6988888,1.815192,-2.2870162,6.8639321,1.5227548,-10.829319,10.453746,-5.6786633
007017,20161,0,3.7349458,1.6333332,2.150538,-1.2596329,3.7788987,1.4050943,-15.103934,10.383163,-10.841672
007017,20162,0,5.3364253,1.3244444,2.0248218,-.51722038,6.3040042,.90969938,-15.843177,10.400255,-5.5277071
007017,20163,0,3.6565099,1.1166667,1.4997017,-.59027886,7.9441695,.70710486,-14.75176,10.389826,-9.5039043
007017,20164,0,2.9311533,1.0799999,1.4042381,-4.2432685,6.0445681,.81089449,-15.102932,10.383132,-7.0613346
007017,20171,0,2.2700262,1.5537499,1.285763,-15.941982,8.0079756,.91014344,-14.285,10.34477,-3.8392856
007017,20172,0,2.0625079,1.3674999,.94114828,-.56649143,10.14794,2.0051351,-11.834431,10.107938,-29.231735
007017,20173,0,2.1538465,1.0442858,1.2339654,-2.4710202,10.783383,2.1863785,-7.8113585,10.0958,-29.40251
007017,20174,0,2.1185257,1.1257143,1.0223223,-.12202031,7.8223734,2.9154139,-9.0153875,10.040942,-34.21896
007017,20181,0,1.5731477,1.0185715,.80661464,1.6172996,2.5576959,3.0074506,-14.765568,9.9993429,-34.542713
007017,20182,0,1.5511625,1.0542856,.87571186,.44374597,7.4558563,2.9490616,-11.048433,9.9820213,-12.591603
007017,20183,0,1.5233672,.94857144,.68306857,1.1613553,7.6219649,3.5160716,-9.9730673,9.9929171,-10.288385
007017,20184,0,1.4255898,.83857149,.60911638,1.7907981,7.1815596,3.1407845,-11.846942,9.9886551,-5.2286921
007017,20191,0,2.2145886,.45285714,1.0165683,.81609684,6.857089,2.8844802,-11.195859,9.9674482,-3.1895258
007017,20192,0,1.6585191,.19285709,.89031368,.75198507,4.7594581,3.0219524,-9.0370626,9.9716129,-1.0408049
007017,20193,0,1.9664072,-.051666722,1.0409904,.77530307,4.515553,3.1575983,-9.45574,9.9656172,-2.7299912
007017,20194,0,1.8973228,-.098333299,1.2437161,-.098169141,5.7183528,3.0236096,-8.0301523,9.9219656,-6.6689787
007017,20201,0,1.5444311,.37166667,1.1187481,-.2272166,4.2380834,3.0624845,-8.2526979,9.9156628,-5.1784654
007017,20202,0,7.8068309,.57999998,4.5666227,-3.8042097,4.144053,1.6535633,-8.1336765,9.8891354,-8.2478333
007017,20203,0,4.0754666,.52999997,2.3077674,-1.7073301,2.8114398,.77556956,-8.3667364,9.8291407,-13.647583
007017,20204,0,3.6242206,.51833338,3.3771,-1.81107,5.9958205,1.3556235,-11.09243,9.8342981,-8.7667542
007017,20211,0,2.4529026,.70833331,2.001996,.54020941,4.1323233,1.1639563,-10.211611,9.79568,-11.998353
007017,20212,0,1.6306417,1.2833333,1.2652557,.087752976,6.1701312,1.5027697,-12.062758,9.8109884,-7.8146629
007017,20213,0,1.4229947,1.436,.99034488,1.0337079,5.4494381,1.6235955,-11.209112,9.7869539,-4.2187357
007017,20214,0,1.7047409,1.4525,.99940485,3.7818308,2.8261757,1.5966436,-15.714465,9.7503948,-8.3903589
007017,20221,0,1.7459776,1.5650001,.83630735,7.6732965,3.4129694,1.9536307,-14.855292,9.7406158,-5.5063982
007017,20222,0,1.9393533,1.8750001,.58955252,5.3723378,3.7873309,1.9743062,-13.032653,9.7970705,-1.3917495
007017,20223,0,2.1824961,1.8325001,.73927206,4.4678988,6.3545885,2.3515258,-10.218866,9.8138914,2.6937282
007017,20224,1,2.3085163,.58499998,.74307936,2.9398589,6.2101016,1.8647105,-11.181273,9.7902069,3.9812219
007146,20131,0,.88250351,.61000001,.22434169,1.8365582,1.8965766,.29769048,-7.8090487,8.334568,1.8805381
007146,20132,0,.72734886,1.3150001,.21107797,1.9333839,1.6788625,.5433054,2.6730955,8.3153467,.15675135
007146,20133,0,.58282804,.79999995,.20787379,2.4852688,1.7130773,.46093896,-5.0840082,8.3449326,5.9495187
007146,20134,0,.67782384,2.2933335,.22025916,2.9910407,3.3723869,1.0544453,-4.9858866,8.3786201,7.0421481
007146,20141,0,.50793386,2.2,.25051802,1.876531,1.4158258,.41575837,-8.257267,8.4005919,6.602437
007146,20142,0,.69379276,1.8666666,.24950223,1.9233809,2.0181954,.65241438,.38460493,8.3960867,8.0740891
007146,20143,0,.48053357,1.5600001,.22935529,2.7963622,1.8460979,.69398773,-6.0015769,8.3914709,4.6538377
007146,20144,0,.88652009,1.02,.23817034,3.3183515,2.0974488,1.223139,-6.148571,8.4056129,2.6992836
007146,20151,0,.9640488,1.0549999,.21831667,1.6242666,1.7511271,.35113156,-6.1307135,8.3926048,-.79874068
007146,20152,0,.66396296,1.3366667,.19207101,2.0369267,1.9487791,.64800477,2.9100716,8.3422441,-5.3842754
007146,20153,0,.83352989,1.4299999,.18866958,2.18573,2.0441256,.62351543,-4.4727831,8.3844385,-.70325857
007146,20154,1,.88596976,1.4000001,.18983643,3.3224218,2.4138777,1.3004655,-3.5323441,8.4097643,.41504943
007146,20161,0,.7540372,1.4833333,.18044247,2.0874929,2.4978924,.49691641,-5.8108778,8.4135647,2.0959959
007146,20162,0,.80299282,1.0675,.1589548,2.1317699,2.5408514,.73634696,2.5067985,8.3893824,4.7138157
007146,20163,0,.81134111,1.0374999,.15697682,2.7517602,2.8314278,.71270156,-5.2911134,8.4433956,5.89573
007146,20164,1,.86097533,.79750001,.14982243,3.2926958,2.8453302,1.3972225,-4.7792463,8.4588223,4.9058409
007146,20171,0,.4587633,1.0433334,.16332899,2.0405962,2.5539808,.63849527,-7.4255319,8.4415855,2.8021126
007146,20172,0,.77588391,1.5533334,.1536918,2.0984614,2.6457031,.77034789,4.9895377,8.4661312,7.67489
007146,20173,0,.59878767,1.1033334,.15247709,2.2290182,2.6682539,.86615628,-3.0114322,8.4912806,4.7884393
007146,20174,0,.96633124,1.0385714,.33633098,1.6962539,1.5999306,.71279269,13.849807,9.2477999,78.897766
007146,20181,0,.83458352,1.0128571,.29846641,4.077683,1.7986096,.30137303,14.952662,9.2481947,80.660919
007146,20182,0,.78478038,1.12,.28787756,1.2004246,1.7330889,.27598187,21.600845,9.2459974,77.986565
007146,20183,0,1.0659529,1.0057143,.30109915,1.6862806,1.9511161,.50752133,17.714939,9.2480021,75.672188
007146,20184,0,.93710649,.77714288,.24887803,2.0791984,.71025491,.54971784,14.007831,9.2377605,-1.0038953
007146,20191,0,1.0313336,.69,.21228346,1.4478765,.9418509,.24765025,10.607409,9.2356567,-1.2537588
007146,20192,0,1.0801073,.2057143,.242053,1.4675545,1.0002053,.28060502,16.168442,9.2328749,-1.3122489
007146,20193,0,.91381919,-.034285672,.2133832,1.8775582,1.3617671,.51774502,9.169981,9.2337341,-1.4267597
007146,20194,0,.89616179,-.32714286,.20806687,2.0625119,1.5714837,.64248502,7.7445121,9.2462864,.85255307
007146,20201,0,.77872193,.20714283,.19803748,1.4051205,1.499696,.3715463,4.9259095,9.2459106,1.0253018
007146,20202,0,.72368765,-.044999972,.23583566,1.8729091,1.6279535,.46322331,12.168879,9.2583399,2.5465188
007146,20203,0,1.4242198,.31625,.20091465,1.9638618,1.749227,.55313396,6.0326247,9.2663517,3.2617435
007146,20204,1,.69284689,.34285715,.18143824,1.8589963,2.0348597,.7338385,-.37714839,9.2929058,4.6619549
007146,20211,1,.59359968,.30666667,.20013686,1.3449465,3.5038092,.40199506,.91579258,9.4001093,15.419893
007146,20212,0,.57122123,.6811111,.23325272,1.4639223,2.0189042,.50610554,10.167253,9.4481831,18.984362
007146,20213,0,.5844959,.91222227,.22853774,1.6634792,2.2778192,.60185003,3.7325859,9.4580202,19.166842
007146,20214,0,.53576988,.76111108,.23899415,1.5670114,2.4261897,.68377262,7.0545969,9.4637728,17.086651
007146,20221,0,.60885537,1.16,.24330498,1.2196066,2.7251313,.33860743,6.8924546,9.4654322,6.5322971
007146,20222,0,.7549389,1.4725,.22695182,.92498147,2.6149852,.44742212,12.964922,9.4681406,1.9957033
007146,20223,0,1.1271527,1.79,.23314558,1.7317621,2.5142963,.50316793,5.8909359,9.4694605,1.1440493
007146,20224,0,1.0061387,.46625003,.25671053,1.4427015,2.6574454,.73564637,4.5613766,9.4681559,.43832889
007241,20131,0,1.0987433,1.8559999,.68828219,1.4473845,2.0937006,.48246145,-14.850771,11.096076,2.0988851
007241,20132,0,1.050742,1.9719999,.61488175,1.7012775,2.3551493,.73560572,-13.677957,11.09844,.09388677
007241,20133,0,1.0540041,2.244,.60993457,1.884316,1.7787097,.79355502,-14.962058,11.101704,1.0540543
007241,20134,1,.9556495,2.6459999,.60715872,1.8656442,2.3788805,.96453065,-13.984516,11.124392,4.5392065
007241,20141,0,1.0585555,2.5215385,.491146,1.578447,5.8398342,.54246008,-9.6533194,11.177816,8.1740494
007241,20142,0,.98313552,2.4030769,.47501174,1.7110214,3.9109058,.69072533,-10.917465,11.195773,9.7333593
007241,20143,0,1.1118727,2.4209092,.47910428,1.3059111,2.3583541,.75076109,-11.267739,11.192624,9.0919952
007241,20144,0,1.0121747,2.3391669,.45733538,1.7954224,1.6445581,.95139724,-11.214286,11.206074,8.1682949
007241,20151,0,1.2241857,2.0492308,.38035235,1.6444001,3.387114,.56429452,-11.802934,11.21522,3.7403691
007241,20152,0,1.1814055,1.9015385,.35000187,1.7205464,2.2101989,.70742595,-12.447892,11.210874,1.5100592
007241,20153,1,1.4422164,2.0476923,.34775412,1.6687201,1.8803235,.73391551,-12.486203,11.220807,2.8183122
007241,20154,0,1.4576848,1.8788888,.3963986,1.6218791,3.2599986,.9495247,-.58218241,11.433471,22.739676
007241,20161,0,1.515895,1.8827777,.39379328,1.2236137,2.7194977,.63850003,-.31967461,11.447394,23.217445
007241,20162,0,1.3784364,1.4933333,.35329747,.99747396,2.0122201,.54407668,-.46770871,11.436412,22.553753
007241,20163,0,1.3745099,1.2218182,.37947282,1.6604131,1.3013757,.54448617,-.16913116,11.437641,21.683451
007241,20164,0,1.1553267,1.1914285,.42371368,1.8129487,2.4034581,.65529549,-2.5570512,11.452708,1.9237343
007241,20171,0,1.2022736,1.7395456,.48773241,1.0078126,3.6607313,.48379242,-.53758919,11.455953,.85584652
007241,20172,0,1.1882265,1.4663637,.47258082,1.1848495,2.4840834,.46509117,-.0028640032,11.4368,.038855072
007241,20173,0,1.1225545,.96619046,.46786568,1.3888139,2.3442314,.56633341,-1.2234688,11.435234,-.24072595
007241,20174,0,1.0635769,.98949999,.47546142,3.540004,2.757046,.54494739,-2.5800228,11.438773,-1.3935384
007241,20181,0,1.2642163,.96900004,.5540024,1.0490797,1.9142026,.50666976,-1.7624706,11.46301,.70572519
007241,20182,0,1.2757241,.95655173,.66059512,-1.8965658,31.194548,.3181909,20.466646,11.814059,37.725906
007241,20183,0,1.1806353,.875,.5909555,1.0428389,32.95446,.40513164,19.706276,11.800282,36.504833
007241,20184,1,1.0633483,.78370374,.49499637,-.31861666,31.711861,.4448466,15.561575,11.786808,34.80349
007241,20191,0,1.4140493,.41185188,.77778465,.72331715,3.3529136,.3644582,7.1364431,12.188193,72.518364
007241,20192,0,1.4025375,.14269227,.96103543,.88092899,3.7894506,.26072949,13.488158,12.300327,48.626858
007241,20193,0,1.3721526,-.15875003,.96990252,.69893652,3.8971419,.27454957,12.954304,12.296389,49.610607
007241,20194,0,1.2603135,-.14814812,.85212147,.79368323,3.422333,.25759494,12.277553,12.301896,51.508858
007241,20201,0,1.0631491,.26714286,.73625475,.90222925,3.6215041,.3335596,11.209792,12.312453,12.425938
007241,20202,0,2.4951091,.5316667,.93389642,1.2898946,5.5120773,.19424294,11.606145,12.348609,4.8281274
007241,20203,0,1.4484174,.52444446,.88502705,.51975626,7.4162931,.22675642,9.5051231,12.369445,7.3056407
007241,20204,0,1.2456781,.49448276,.99518168,.41777948,5.1898255,.3061426,7.9448819,12.358356,5.6459537
007241,20211,0,.94888705,.66766667,.85217065,.96352643,4.7045054,.35931778,6.9053292,12.348938,3.6485322
007241,20212,0,.94840688,1.1746666,.78517443,1.2120764,3.8274262,.21166694,5.2960305,12.34412,-.44889212
007241,20213,0,.87090832,1.0899999,.72642493,.69128412,4.3800073,.26301673,5.8213415,12.350883,-1.8562267
007241,20214,0,.87491739,1.0534375,.72010738,.55600256,5.4667907,.25416043,5.5576949,12.366877,.8520987
007241,20221,0,1.012753,1.293,.59734631,.99227893,6.6910157,.4510749,4.3724594,12.358789,.98509789
007241,20222,0,1.3556713,1.7378571,.59966516,1.2672143,6.1213622,.17520279,4.6379328,12.358249,1.4128444
007241,20223,0,1.4244231,1.7044445,.66362214,-1.483418,6.5676851,.2518684,4.6573219,12.347047,-.38357979
007241,20224,0,1.2366315,.59321427,.59255856,.99562305,8.7106209,.29756242,3.0567498,12.35109,-1.5786538
007366,20131,0,1.9814267,1.14,1.569443,.38651001,1.3392951,1.7669187,2.9013724,10.673654,5.9628577
007366,20132,0,1.6892331,1.3000001,1.5802643,.3927187,.71826977,1.5423981,3.5548358,10.664129,4.4505143
007366,20133,0,2.0261869,1.15,1.4402897,.56442231,.80507535,1.633899,3.2531798,10.675036,5.572083
007366,20134,0,2.4956689,.98000002,1.5982816,.3493481,.95806432,1.4374808,2.0685406,10.676465,3.0476394
007366,20141,0,2.1104231,.88999999,1.6504577,.93546706,1.8085126,1.4056414,1.8237352,10.678363,.47095451
007366,20142,0,1.8831216,.96999991,1.5898665,.44278786,2.070533,1.2630785,1.7766714,10.68914,2.5011091
007366,20143,0,1.380199,1.025,1.3111454,.53207707,1.4723828,1.4645482,1.7147571,10.695365,2.0328608
007366,20144,1,1.3461579,1.15,1.4017593,.28065193,2.3988986,1.7453732,1.2525648,10.70418,2.7715023
007366,20151,0,1.5353882,1.11,1.2280098,.65107018,3.0562897,1.3245249,.96708834,10.747807,6.9443188
007366,20152,0,1.4235058,1.05,1.3971999,.33145791,2.5455127,1.3372682,.57447255,10.744571,5.543014
007366,20153,1,1.7341368,1.3299999,1.5484704,-1.552413,1.9677017,1.6559305,.15112758,10.742155,4.6789961
007366,20154,0,1.8967606,1.0966667,1.5484763,.23278256,2.3103039,2.0830452,1.2852341,10.715342,1.1161934
007366,20161,0,1.655264,1.12,1.4595026,.52688515,3.0258257,3.696723,-1.030153,10.706557,-4.1248775
007366,20162,0,1.7071728,1.09,1.2701795,1.2465526,2.3765705,1.4866041,2.1824479,10.734959,-.96121246
007366,20163,1,1.5348328,.89999998,1.2495892,.85708016,2.1712363,1.59325,1.906696,10.73372,-.84349895
007366,20164,1,1.1365154,1.04,1.3695748,-3.6983774,2.7387595,1.9096245,1.8725216,10.773487,5.8144903
007366,20171,0,1.061707,1.6266667,1.2008817,.18745685,2.5876455,1.9884942,3.6087899,10.734317,2.7759345
007366,20172,0,1.0039353,1.4266667,1.1577203,.91214776,2.389905,2.1509767,.69120526,10.721464,-1.3494165
007366,20173,0,1.0083133,.78666669,1.1496133,.87300557,2.0312002,1.9434637,5.3528366,10.736549,.28295454
007366,20174,0,.9391194,.76333332,1.1999258,-1.0252737,1.1773908,2.4222732,5.7788553,10.745021,-2.8465636
007366,20181,0,.80568159,.82000011,.86422008,.29160416,1.6727054,2.0395465,7.0685148,10.751653,1.7335523
007366,20182,0,.89112222,.88333338,.88439047,.52633452,2.5498247,2.0362945,7.4791102,10.763875,4.2410774
007366,20183,0,1.0380189,.83999997,.79993469,1.133532,1.7067237,2.1956611,8.2939711,10.771064,3.4514103
007366,20184,0,.91126281,.75666672,.88965464,-.12857538,2.0382857,2.4344058,8.5866566,10.788725,4.3703346
007366,20191,1,1.280104,.36000001,.8443749,.53577554,.9963218,1.9715188,8.5740862,10.784671,3.301796
007366,20192,0,1.0002824,-.0033333146,.73752034,.48489496,1.9826398,2.2632303,8.9636774,10.811854,4.7979689
007366,20193,0,.92841291,-.29000002,.73648864,.73065078,1.2575885,1.8819045,8.5443764,10.83103,5.9965906
007366,20194,0,.77639323,-.21666668,.63400686,.77139932,1.8924998,2.8919342,9.4247665,10.829853,4.1128216
007366,20201,0,.77121097,.10499998,.62182271,.23836945,.82306612,2.1607451,9.4174471,10.853676,6.9004989
007366,20202,0,2.5334914,.22999999,.78500098,.69472325,2.7853339,2.172148,11.858064,10.869617,5.7761474
007366,20203,0,1.1744851,.52749997,.80777097,.9850952,1.7529517,1.9284891,6.5846086,10.884916,5.388639
007366,20204,0,.84073019,.44399998,.79291153,.7001003,2.2109122,3.1194654,5.3094206,10.934361,10.450794
007366,20211,0,.7050631,.61399996,.77535915,.58233106,3.0204718,2.7222929,7.8849764,10.972314,11.863869
007366,20212,0,.95917863,1.1271428,.79014927,-.0023778018,2.9703877,2.346911,9.757638,10.979644,11.002729
007366,20213,0,.76411486,1.0728571,.77374101,.9572652,1.2276851,1.9282176,12.790245,10.9322,4.7284861
007366,20214,0,.82664573,1.1700001,.80280298,.44776061,1.6994843,3.9265103,12.182316,10.982636,4.8275971
007366,20221,0,.94932765,1.3533334,.73125809,.47259876,.74436909,2.6390598,15.883642,10.992962,2.06481
007366,20222,0,1.3724715,1.7266667,.70353401,.2745668,1.1725718,2.2430818,17.458797,10.999321,1.9678047
007366,20223,0,1.6128935,1.6616669,.71583474,.97733474,1.0027896,1.9438822,16.175228,10.965221,3.3020186
007366,20224,0,1.5011452,.51333332,.82959962,.18830428,1.7015446,2.1820188,15.962869,10.984874,.2237267
007435,20131,1,.23204601,1.14,.27268711,3.3327432,13.375251,.95642936,-8.7663755,10.430462,6.9043479
007435,20132,0,.12470736,1.3000001,.24706164,3.5175879,12.85962,1.157836,-7.8443809,10.434968,6.1008558
007435,20133,0,.059061375,1.6999999,.23653547,3.6038675,12.458248,1.1837093,-8.3634634,10.437932,2.344888
007435,20134,1,.099154256,2.1850002,.21693869,3.2823472,9.852993,1.6158792,-8.7728605,10.4224,-2.5705335
007435,20141,1,-.15536655,2.1700001,.1863769,3.5976157,9.9463482,.87332344,-8.2134857,10.420793,-.96699351
007435,20142,1,.37153149,1.51,.19459148,3.7767909,8.3882313,1.0164843,-8.2490768,10.420703,-1.4265662
007435,20143,0,.40165377,1.9975001,.18567249,3.8357372,8.8578157,1.0862526,-7.0174589,10.433233,-.46989805
007435,20144,1,.37308714,2.0125,.175896,3.5971444,8.2255316,1.4949963,-5.032198,10.397451,-2.4948568
007435,20151,0,.43865436,1.8,.12461478,3.8344686,8.0686941,.93063414,-5.3876204,10.350383,-7.040967
007435,20152,1,.50633633,1.5475,.13322131,4.2424045,9.1668568,1.2074536,-8.7307911,10.330159,-9.0543184
007435,20153,1,.49347168,1.77,.13633184,4.1289663,11.102969,1.1278195,-3.0206532,10.354181,-7.9052129
007435,20154,0,.55474812,1.5528572,.13869241,3.1210537,5.2859464,1.3410307,4.4187574,10.41205,1.45988
007435,20161,1,.3576782,1.5228572,.126252,3.8969376,5.8561039,.95971638,4.2364955,10.39568,4.5298195
007435,20162,1,.39669538,1.1028572,.11585445,3.9142563,4.5873508,.97932202,3.4824519,10.403717,7.3557706
007435,20163,1,.39468458,.9357143,.11107878,3.9987962,5.6115541,1.04408,4.8227696,10.411359,5.7177882
007435,20164,0,.49796361,1.1588888,.11299985,3.3919706,7.829432,1.2804323,5.3617535,10.435615,2.3564062
007435,20171,0,.41598436,1.6544445,.096877404,4.0205436,8.1383333,.87218136,5.4044218,10.40141,.5729627
007435,20172,0,.45459816,1.3455555,.095374919,4.7548962,6.9506192,.90712488,4.5642672,10.413073,.93551695
007435,20173,0,.39828479,.95333338,.092931129,4.2082634,8.2280531,.95709282,3.7995844,10.43285,2.149148
007435,20174,0,.47075295,1.0700001,.097084977,1.4842353,9.6971941,1.302608,3.9407909,10.469851,3.4237266
007435,20181,0,.40180925,1.0063637,.083994202,1.5847527,10.869508,.80027378,7.1905255,10.544999,14.358899
007435,20182,0,.48001978,1.01,.083293565,4.8139987,10.615685,.94620866,7.7038231,10.56036,14.728726
007435,20183,1,.52718174,.89090902,.089621559,4.1954427,8.6627874,1.0250694,6.2228351,10.512655,7.9804821
007435,20184,0,.3189593,.82733345,.082326621,3.613682,9.451375,1.4245473,9.5373659,10.526078,5.6226196
007435,20191,1,.48368475,.45199999,.088437065,2.4410958,8.8575344,1.0712328,8.4998636,10.505068,-3.9931736
007435,20192,0,.35736898,.17705882,.080620177,2.8794072,8.8834953,1.075626,12.182432,10.574901,1.4540564
007435,20193,1,.69028258,-.10437503,.1009129,4.0622034,7.6676331,.89558363,10.347337,10.570521,5.7866616
007435,20194,0,.55828321,-.13199997,.11315784,2.2773209,18.239719,1.2643948,16.890652,10.658435,13.235701
007435,20201,1,.48101261,.303,.097367682,2.9288609,6.5406747,.74341118,18.323025,10.706811,20.174358
007435,20202,0,1.4579368,.54260868,.12958291,2.8261058,9.6879597,.82013327,19.847509,10.740994,16.609455
007435,20203,0,.7067005,.49826089,.12113705,3.1722088,9.907052,.81634468,18.227938,10.716172,14.565004
007435,20204,0,.60996604,.49409088,.12769502,3.0953956,10.04847,.92972022,13.744977,10.723047,6.4611964
007435,20211,0,.48245233,.6857143,.12654886,3.430213,10.641264,.65478206,10.691682,10.765196,5.8384237
007435,20212,1,.46415505,1.2279999,.12339436,3.2301824,10.888088,.83509964,8.9649229,10.761725,2.0730569
007435,20213,0,.33326977,1.128,.12613247,2.968514,11.385514,.710042,9.5160036,10.785332,6.915997
007435,20214,0,.46546698,1.0310527,.14003296,2.77352,11.874973,1.1516633,10.280106,10.784731,6.1684155
007435,20221,0,.5384469,1.1826316,.1468838,2.7596023,10.122791,.90074784,11.014348,10.759434,-.57617515
007435,20222,0,.788544,1.6838889,.1756112,.1701014,7.325264,.83742237,10.139269,10.733239,-2.848583
007435,20223,0,.68473357,1.6894119,.1811468,8.4564142,6.5389843,.95323658,10.560637,10.728408,-5.6923428
007435,20224,0,.92971241,.59117645,.22300163,1.1716043,7.7724361,1.0958073,6.6964092,10.740215,-4.4515791
007620,20131,1,2.3408511,2.0250001,1.0482123,2.0579031,6.0659742,5.9067631,-21.949396,9.7712488,21.461796
007620,20132,1,2.4310305,2.2799997,1.0157225,2.2682016,7.5071349,5.2310357,-20.72286,9.784236,17.264256
007620,20133,0,2.2276144,2.635,1.0636504,1.5129317,5.8661962,4.0174985,-18.051594,9.8429394,22.708303
007620,20134,1,2.0424492,3.1499996,.92427063,.43119675,7.5680265,4.9764376,-18.503273,9.7694464,5.2901101
007620,20141,1,1.8438935,3.1950002,.8294,.88667941,6.4250722,5.6895909,-16.326979,9.7704983,-.075125337
007620,20142,1,1.6485447,2.9850001,.86793578,.73734254,5.815093,4.8106623,-13.496932,9.7728739,-1.136165
007620,20143,1,1.7530071,2.5599999,.83040082,1.3746722,6.0896387,5.4054189,-11.88529,9.7910986,-5.1840997
007620,20144,0,2.0189221,2.51,.98184788,2.1026726,6.3556304,4.8905659,-11.086006,9.7895212,2.0074902
007620,20151,0,3.2741044,1.895,1.0892435,-.086254537,9.8828735,4.9207082,-14.956504,9.7256937,-4.480381
007620,20152,1,3.1709037,1.75,1.1022753,-.48700479,9.0305042,4.0220404,-16.144245,9.6264706,-14.640321
007620,20153,0,3.1313174,2,1.1899956,-10.53089,8.6126413,3.5739622,-14.702903,9.6257534,-16.534529
007620,20154,0,4.271306,1.8100001,1.5152934,-4.6494594,10.245233,4.5507503,-9.963974,9.4436684,-34.585274
007620,20161,1,5.5684185,1.74,1.4361975,-1.7296437,3.9714501,1.8273225,-21.552822,9.3495646,-37.613007
007620,20162,0,7.6526933,1.345,1.2474883,.025565634,4.9661031,3.4427052,-11.927777,9.3466787,-27.979206
007620,20163,0,5.2963114,1.135,.95450139,-.1631528,4.0214,1.7860571,-15.893118,9.201767,-42.398651
007620,20164,0,4.5238647,1.1899999,.98108488,-.61498851,8.3801212,1.3977275,-11.580571,9.2489853,-19.46834
007620,20171,0,3.1956036,1.8033333,.93007743,.56783992,9.5605326,2.055496,-11.367739,9.2394972,-11.006693
007620,20172,0,3.4482288,1.4266667,1.0170188,-.17105746,10.586092,2.1419711,-11.919126,9.2371759,-10.950305
007620,20173,0,3.6614618,.93000001,1.1198301,-.65003741,10.837649,2.7105494,-9.5998878,9.2239275,2.2160819
007620,20174,0,3.141331,.97000003,1.0785197,-2.8136542,9.7834845,2.9751513,-9.7353191,9.2294331,-1.9552594
007620,20181,0,2.6550169,.97000003,.91150081,1.7062569,9.7859612,2.7776353,-8.6622601,9.1963367,-4.3160172
007620,20182,0,2.8579612,.98250008,1.0167986,.45802012,9.4445076,3.4336467,-10.443136,9.2041426,-3.3033557
007620,20183,0,2.5848188,.91249996,.79765111,.94458282,9.0625172,2.4454603,-6.4486117,9.2048702,-1.9057406
007620,20184,0,2.4126942,.78750008,.829319,1.0310453,9.452158,10.363133,-8.2858477,9.2129984,-1.643401
007620,20191,0,3.5590816,.34750003,1.1819749,.3635529,3.5048175,2.4459252,-7.1748257,9.31042,11.408281
007620,20192,1,2.5362287,.029999945,.9790433,.77001667,2.3890362,13.361232,-5.3360519,9.3912544,18.711182
007620,20193,0,3.357897,-.285,1.1080676,8.0452127,2.4087133,2.5906057,2.0653338,9.5131102,30.823952
007620,20194,1,3.1652915,-.26749995,1.5914853,-.60867298,3.6906931,2.8385985,-7.5575294,9.3744698,16.147085
007620,20201,1,2.6482303,.198,1.2922872,-3.5508287,2.6177402,3.2097101,-7.8427701,9.3689241,5.850461
007620,20202,0,16.980911,.384,5.1038485,-2.830538,3.6387722,1.9017498,-5.1495552,9.3241854,-6.7068577
007620,20203,0,6.3780746,.22800002,2.1148496,-2.2647603,1.3530277,1.2499965,-8.3056183,9.2830362,-23.007401
007620,20204,0,6.4192772,.214,3.1235533,-1.6422795,2.0978949,1.424243,-7.5383573,9.2562075,-11.826238
007620,20211,0,5.1737843,.34999999,2.2426341,-2.7063553,2.9244924,2.4318104,-5.9426785,9.2705746,-9.8349895
007620,20212,1,4.3600821,.68666667,1.5188801,-.61337894,2.2448685,1.9910749,-6.9321065,9.2383776,-8.5807419
007620,20213,0,3.3338134,.80800003,1.0761845,1.0227655,3.942781,1.1214058,-7.8290281,9.2690048,-1.4031361
007620,20214,0,3.8165293,.79800004,1.0335332,1.6300682,4.888917,1.0284626,-6.6288142,9.2428904,-1.3316891
007620,20221,0,3.4053721,1.0600001,1.045969,-1.099822,5.0576134,2.3766079,-6.0443401,9.2403784,-3.0195847
007620,20222,0,2.898551,1.5899999,.63943225,3.3254199,4.558898,3.3619504,-5.9589744,9.2630978,2.4719591
007620,20223,0,3.0839539,1.6240001,.93797606,4.9982734,4.0863638,3.094471,-10.609099,9.2659845,-.30202511
007620,20224,0,3.0146303,.61000001,.88697731,1.9492993,4.5555601,1.833269,-8.5526438,9.2330027,-.98874009
007881,20131,0,2.9437332,1.7483333,.60292816,1.0590219,5.5952783,1.7200675,-12.605056,10.297217,7.6222024
007881,20132,0,2.533509,1.915,.6738199,-6.9912739,4.957387,2.0712371,-10.617153,10.290483,1.6777768
007881,20133,0,2.255631,2.2016666,.72689271,1.5032482,7.0856624,1.5410182,-7.2525978,10.183994,-7.9263763
007881,20134,0,2.8004413,3.0840001,.82912546,-4.4292698,5.8435016,1.3881115,-17.232134,10.19612,-9.6805048
007881,20141,0,3.081758,3.1080003,.82755411,.40381196,6.5942497,.94895822,-6.4877806,10.117146,-18.007114
007881,20142,0,2.5320594,2.9399998,.86142474,.72586501,6.2827644,1.0242761,-12.505234,10.118518,-17.196486
007881,20143,0,2.1895235,2.8140001,.79668349,.85281867,6.9546766,1.1090647,-8.1230555,10.12567,-5.8323298
007881,20144,0,2.1768098,2.7460001,.89506322,.059710994,7.4041634,1.3693722,-7.9030542,10.131459,-6.466042
007881,20151,0,2.9367404,2.2120001,1.0934267,.7344678,9.9373903,1.1398299,-6.8711729,10.123265,.61191821
007881,20152,0,2.819047,2.0680001,.97120011,.28122804,10.299977,1.2577143,-9.5951529,10.150426,3.1907468
007881,20153,0,2.6822746,2.4139998,.91758597,.84357309,12.869305,1.2903972,-9.6291065,10.164351,3.8680048
007881,20154,0,3.5984271,2.214,1.3674569,-.99397355,11.716365,1.8001096,-9.9701691,10.148549,1.708971
007881,20161,0,4.0395727,2.0879998,1.2034039,.2064967,11.18259,1.1794139,-9.9596548,10.133884,1.0619286
007881,20162,0,3.2949269,1.71,.81776732,.093674913,10.194273,1.1974097,-13.848708,10.108589,-4.1836424
007881,20163,0,2.6718907,1.408,.56426662,-1.4492167,12.002591,.97558999,-13.93901,10.11468,-4.967072
007881,20164,0,2.2007818,1.378,.53326422,-1.4285121,9.0486269,1.249948,-16.432085,10.089178,-5.9370713
007881,20171,0,1.9866612,1.88,.59167206,.21872474,13.370739,.85587937,-15.211577,9.9537525,-18.013191
007881,20172,0,1.6245868,1.6720001,.61712939,.84410322,14.163765,.87271684,-17.849607,9.9508009,-15.778889
007881,20173,0,1.4658185,1.1659999,.63387972,.9743638,14.974931,.91760474,-15.115355,9.9590168,-15.566312
007881,20174,0,1.4266485,1.124,.55786544,-2.6060665,14.614129,1.4830102,-16.34277,9.944438,-14.47409
007881,20181,0,1.2725832,1.0439999,.56504583,.93371588,16.155231,1.123377,-15.90276,9.9312487,-2.2504196
007881,20182,0,1.2831984,1.064,.50761157,1.4255724,15.481131,1.2595811,-17.937817,9.927351,-2.3449883
007881,20183,0,1.4358976,.91000003,.53604382,-.7020092,15.415154,1.3265553,-14.166397,9.9357128,-2.3304162
007881,20184,0,1.4552726,.78400004,.65281695,.0097280992,15.209884,1.3084295,-12.893051,9.9310541,-1.3383459
007881,20191,0,2.0543904,.53500003,.58255368,.4199855,16.635288,1.0861695,-13.912786,9.9386129,.73647314
007881,20192,0,1.6828401,.30250001,.55212748,-.1197318,17.255747,1.8199233,-14.383392,9.9465475,1.919649
007881,20193,1,1.7176154,.052499913,.61272484,5.8885555,5.0936813,1.1571634,-16.33588,10.518322,58.260906
007881,20194,0,1.3632202,-.056666661,.70327222,1.3860608,7.084856,1.0548781,-15.676263,10.61553,68.447601
007881,20201,0,1.1741017,.39666674,.59884334,2.0563366,6.2090359,.82053339,-11.74385,10.595984,65.737114
007881,20202,0,2.1898675,.63700002,.59294677,.86652058,9.78866,.70530742,-15.154661,10.589081,64.253426
007881,20203,0,1.8838816,.63,.44353765,2.1035478,10.324684,.74213362,-16.491899,10.593756,7.5433812
007881,20204,0,1.4287226,.62444443,.44614002,2.0320091,12.677862,.98148006,-19.501036,10.610315,-.52143663
007881,20211,0,1.1144445,.83999997,.47508883,1.3512533,14.097513,.96449029,-19.738821,10.630287,3.4302566
007881,20212,0,1.0783999,1.4577777,.47847345,1.5829335,14.027225,1.0106422,-19.569128,10.622863,3.3781474
007881,20213,0,1.0445879,1.5287499,.45843005,.0073751756,11.815031,.97843987,-19.836845,10.613418,1.9662509
007881,20214,1,1.1391869,1.35625,.52285486,-.11538944,12.028095,1.1062335,-18.86878,10.593254,-1.7061696
007881,20221,0,1.2524223,1.4233334,.44327468,1.1044276,12.513558,1.0773098,-19.408907,10.610637,-1.9650834
007881,20222,0,1.6151712,1.8325001,.33998212,.9696089,11.008945,1.3003283,-23.167946,10.594458,-2.8405387
007881,20223,0,1.7738402,1.7837501,.45085058,.53665912,10.980096,1.3328295,-20.186556,10.588855,-2.4563556
007881,20224,0,1.9873183,.52499998,.63507301,-3.773344,9.7871904,1.6503589,-19.114532,10.574977,-1.8277138
007922,20131,0,.90822649,1.55,.16502282,3.4361765,14.01089,1.7422868,-.94771087,9.0197849,-.89135736
007922,20132,0,1.0853695,1.5033333,.17789938,1.7925577,15.885771,1.8420076,1.8482924,8.9982605,-4.8501668
007922,20133,0,1.2672675,1.2083333,.16944528,2.2618315,14.62815,3.4173324,3.120172,9.003931,-1.5006686
007922,20134,0,1.3467646,2.214,.16749135,1.6027142,13.196069,2.2695367,-.11068285,9.0534525,3.5969105
007922,20141,0,1.2615875,2.2220001,.16784394,3.1217239,11.030868,2.1199768,.94616711,9.0577717,3.7986763
007922,20142,1,1.0329163,2.4679999,.19237764,1.6328435,13.925822,2.0293913,.32105148,9.0564899,5.8229251
007922,20143,1,.88600206,2.388,.17377262,2.1197729,11.757211,2.3398588,2.053359,9.0633478,5.9416327
007922,20144,1,1.0959411,2.3099999,.15769915,1.5944308,8.668313,2.6948123,-.45127869,9.0944805,4.102787
007922,20151,1,1.3712748,1.9233333,.16288316,2.7511058,4.6714859,2.6432195,-3.0473619,9.1344309,7.6659002
007922,20152,0,1.3937994,1.6083333,.17148769,1.3845322,8.9453754,2.8015144,-3.4255385,9.1318378,7.5348496
007922,20153,0,1.3543969,1.6633334,.17689486,2.2066512,8.0422506,2.7400124,-3.6469162,9.1655521,10.220485
007922,20154,0,1.4580661,1.9850001,.17036174,.8350516,4.3608246,3.4639175,-5.1563978,9.1798811,8.5400677
007922,20161,1,1.5643619,1.7933333,.11030785,2.096436,9.5620785,2.6205449,-3.0566335,9.057888,-7.6542525
007922,20162,0,1.8200557,1.6366667,.12084735,.59755778,7.72928,2.6630294,-1.6532838,8.9487162,-18.312231
007922,20163,0,1.7936282,1.425,.099644855,1.5196779,6.1046891,2.6237173,-1.6189098,8.9488459,-21.670645
007922,20164,0,1.9303409,1.0933334,.1144566,-.12300123,10.97171,2.681427,-5.5975289,9.0033159,-17.656496
007922,20171,0,1.6554989,1.275,.099679783,2.5232236,6.6658297,2.7742908,-4.1557193,8.9829378,-7.4950485
007922,20172,0,1.7533543,1.5166667,.11336976,.80173069,12.814966,1.9470605,-6.0298471,8.9692879,2.0571568
007922,20173,0,1.8152565,1.4116668,.081451245,1.4155192,8.4030371,2.419251,-3.2373576,8.9581537,.93084061
007922,20174,0,2.1066091,1.165,.091132887,1.3846343,11.260875,2.3894131,-6.7350569,9.007122,.3805787
007922,20181,0,1.993775,1.2266667,.1278936,1.8446127,8.2091379,2.3821158,-6.0263724,9.0101805,2.7242894
007922,20182,0,1.8775959,1.12,.13026288,1.0720887,14.553297,1.5896488,-4.862669,9.0014696,3.2182078
007922,20183,0,1.7701113,1.0483333,.12683046,2.0209579,12.050899,1.7465069,-4.7793179,8.9891949,3.104069
007922,20184,0,1.8767393,.86500001,.12778126,.78916371,15.818611,1.8845701,-7.3312311,9.0466442,3.952229
007922,20191,0,1.6258402,.85499996,.11067495,2.8476288,12.940637,2.5835342,-7.3387861,9.0721121,6.1931596
007922,20192,0,2.1688759,.375,.10662536,.46918589,12.135429,3.1574943,-6.180191,8.9728441,-2.8625166
007922,20193,0,1.8203046,.17666665,.10525203,1.4992503,4.7976012,2.4737632,13.980794,9.1418476,15.265255
007922,20194,0,2.2772763,.035999935,.14061052,1.278309,9.6225462,2.6270759,9.8936195,9.2038193,15.717487
007922,20201,0,2.3585355,.108,.16128892,1.9057072,4.8337469,1.9255582,10.778862,9.2178125,14.570013
007922,20202,0,2.0799065,.26999995,.17579342,-5.3507237,8.7603989,1.3453835,11.212021,9.1836882,21.084402
007922,20203,0,6.6861877,.53499997,.11681854,-2.5579295,13.592136,.97301638,24.186117,9.2072353,6.5388179
007922,20204,0,5.8638263,.51166666,.074891321,.55584687,10.393288,.8704772,15.446544,9.1627245,-4.1094637
007922,20211,0,6.1570306,.6133334,.18827093,.33635715,9.0612574,.75425541,11.696166,9.1912594,-2.6552904
007922,20212,1,3.7678969,.96799999,.046333581,-1.7404069,7.1398616,1.3210316,13.700676,9.1630392,-2.0649242
007922,20213,0,3.0126753,1.5320001,.030067373,.85717344,4.0394297,.97503483,15.317472,9.1413116,-6.5923772
007922,20214,0,2.8562403,1.266,.052666035,.69339114,5.2762733,1.56013,6.8795295,9.1302147,-3.251019
007922,20221,0,2.6670103,1.3542857,.080379203,2.0977554,2.8005033,1.5208727,10.389033,9.1626196,-2.8639848
007922,20222,0,2.8971021,1.5471429,.15204172,.22550456,3.6306236,1.0824219,11.952913,9.0903177,-7.2721772
007922,20223,0,2.9802215,2.0371428,.14060597,1.3734467,5.2757792,1.2971442,12.364766,9.1241283,-1.7183111
007922,20224,0,4.139976,.83571428,.17085132,-.21829295,5.3918357,1.2006112,9.3693733,9.1228199,-.73945534
007923,20131,0,1.4736845,1.8576471,.50383496,1.4830928,2.2015686,1.2490937,-3.6540568,10.320288,6.1296358
007923,20132,0,1.3167735,1.9579999,.42011392,1.5196575,2.2451713,1.6503807,-3.7444921,10.328723,4.0823355
007923,20133,1,1.3866909,2.3235292,.4480772,1.5749061,1.9179873,1.9147198,-4.3722391,10.328918,4.7302952
007923,20134,1,1.4121698,2.8168421,.42959747,1.635581,3.2010202,1.5973217,-3.3222346,10.353448,4.9842844
007923,20141,0,1.3754534,2.914737,.39531156,1.1329002,4.8055906,1.1729213,-1.9597232,10.388473,6.818398
007923,20142,0,1.1617233,2.731111,.36431631,1.7186545,4.6850152,1.3088685,-2.3939729,10.39513,6.6407747
007923,20143,0,1.1367104,2.54,.37933943,1.6918887,5.0453997,1.7251816,-3.9782882,10.405475,7.6555557
007923,20144,1,1.193248,2.5022221,.36022943,1.5388784,4.3124733,2.2255015,-3.9469509,10.410486,5.7037959
007923,20151,0,1.3270788,2.1131248,.373873,.93258321,2.927108,1.1792666,-3.3048272,10.411539,2.3067179
007923,20152,1,1.3459563,1.9705882,.3620052,1.321129,1.5987794,1.5072464,-3.9819658,10.397421,.22909518
007923,20153,1,1.5226874,2.3094735,.45434731,1.3569498,2.6688683,2.6748724,-3.3644528,10.413613,.81387031
007923,20154,1,1.7115453,2.1466668,.52766514,1.0767441,1.2914964,1.8134639,-2.4619341,10.420106,.96205014
007923,20161,0,1.6118156,1.9947059,.49303067,1.1295972,3.2136605,1.1617045,-1.3890147,10.441733,3.019444
007923,20162,1,1.8399922,1.6126316,.49746913,1.1987569,1.7433772,1.5805831,-3.7517071,10.427773,3.0350888
007923,20163,0,1.4795885,1.5184211,.48974872,1.3397799,2.5222812,1.0834742,-2.8483987,10.443892,3.0278466
007923,20164,1,1.4933525,1.4714999,.43773749,1.2012012,2.8413029,1.6834142,-3.4584105,10.452534,3.2427025
007923,20171,0,1.3213394,1.92,.39489487,1.2409722,2.7398829,1.2553021,-3.335896,10.460012,1.8279083
007923,20172,0,1.2807069,1.7589999,.36167768,1.4141414,2.717314,1.2661829,-3.4309893,10.467237,3.9465442
007923,20173,0,1.2040993,1.2804999,.36068133,1.4489434,1.8383827,1.2370425,-3.6405206,10.460873,1.6980886
007923,20174,0,1.1309329,1.2605263,.33671668,11.287799,2.0595682,1.1606406,-2.8973846,10.467465,1.4931853
007923,20181,1,.9713406,1.105,.32030979,1.5457423,1.9321777,1.0724987,-3.7122726,10.483214,2.3201189
007923,20182,0,1.0638674,1.106842,.39933342,1.963387,2.9644377,1.2526962,5.6616783,10.495764,2.8526483
007923,20183,1,1.1750629,.97809517,.38949391,1.9615514,1.20152,1.369174,-4.3720455,10.485368,2.449564
007923,20184,0,1.1815605,.9036364,.30722865,1.932713,2.0070481,1.7207202,-.83377361,10.500179,3.2713656
007923,20191,1,1.3879293,.53434783,.37805605,1.8681532,1.2307183,1.288667,-1.6195118,10.497891,1.4677122
007923,20192,1,1.2225443,.27181816,.30862176,1.948087,1.3463925,1.3814689,.19672215,10.520348,2.4583342
007923,20193,1,1.2868676,.04719995,.29023749,1.7674593,.96847087,1.3854514,-.37195086,10.523311,3.7943146
007923,20194,1,1.2027062,-.0039129974,.32393914,1.7759999,1.4399999,1.4000001,.29728115,10.532096,3.1917315
007923,20201,0,1.0615964,.45879999,.30204183,1.0046674,1.5294149,.96511358,.77802539,10.543313,4.5421901
007923,20202,1,2.3478768,.73720002,.36774102,1.0470644,1.6240183,.98562956,.13482571,10.530441,1.0094045
007923,20203,0,1.3495893,.81259257,.33141127,1.4988673,3.0109057,.83767974,-1.7470479,10.544341,2.1029868
007923,20204,0,1.2449344,.79551721,.27409393,1.7575108,3.5595484,1.1550852,-2.7092636,10.550041,1.7944694
007923,20211,0,.94541132,.98839998,.24615002,1.7728255,2.9371479,.69806647,-1.2433946,10.544341,.10278711
007923,20212,1,.99248725,1.6266667,.21724215,2.1588423,2.6306772,.95421356,-2.8982372,10.543682,1.3240658
007923,20213,1,.94982332,1.6089655,.21639213,1.9430252,4.3092327,1.0269908,.45174658,10.564989,2.0648317
007923,20214,0,.85987186,1.4307407,.23588526,1.9687079,3.7949436,1.1527302,2.9621363,10.561111,1.1070272
007923,20221,1,1.0669223,1.4968965,.18865024,1.8263061,2.1796172,1.0105734,4.695621,10.558231,1.3890747
007923,20222,1,1.4000851,1.8555171,.19753121,2.0807397,3.9912603,1.1381824,4.3434052,10.580531,3.684859
007923,20223,0,1.4060247,1.7503334,.24398796,2.4354281,3.2006304,1.1312792,5.0356092,10.579895,1.4906154
007923,20224,1,1.3486811,.52833331,.26270613,2.0098712,3.088587,1.6943978,5.8221283,10.579132,1.8021282
007977,20131,0,1.2719562,1.6174999,.68639261,.7596814,.26435834,2.3522186,6.6033931,10.346271,5.4217582
007977,20132,0,1.1634879,1.8050001,.64019418,.62320822,.35760781,2.6036043,6.5619111,10.360522,6.9962649
007977,20133,0,1.1729896,2.1675,.66731298,1.1304439,.18229876,2.591363,7.1339607,10.381778,7.8838058
007977,20134,0,1.19686,2.6100001,.70750117,.45297363,.30740806,2.7669291,5.7839127,10.408093,6.4497895
007977,20141,0,1.3455437,2.2900002,.69552261,.77039319,.3159892,2.3614872,6.6071539,10.431391,8.5120735
007977,20142,0,1.1708698,2.2024999,.65417963,.57067579,.38689423,2.1331539,6.6507668,10.439944,7.942214
007977,20143,0,1.0981188,2.135,.61843485,1.0616561,.286713,2.0227582,7.0695968,10.455004,7.3225865
007977,20144,0,1.1378995,2.1324999,.67368323,.55520332,.38986024,2.481529,6.2753944,10.473433,6.534039
007977,20151,0,1.1676655,1.8850001,.56976902,.41145751,.21540195,2.0508451,6.2108335,10.517534,8.6143064
007977,20152,0,1.0252618,1.77,.58457172,.5339973,.36076155,1.88377,5.0042539,10.515388,7.5443668
007977,20153,0,1.1240072,1.8766665,.6360814,1.1442894,.3638351,1.8594182,4.678431,10.525912,7.0908728
007977,20154,0,1.2131834,1.7549999,.6002878,.54963624,1.0634032,3.8963814,4.5827894,10.546123,7.268878
007977,20161,1,1.2799262,1.5733334,.58749139,.61790055,.21749632,1.7596511,5.8180361,10.572689,5.51544
007977,20162,0,1.179882,1.2714286,.51025879,.50370049,.25976813,1.7867489,5.2852602,10.573106,5.7718096
007977,20163,1,1.1979657,1.42,.47455701,1.1592633,.19425343,1.9147933,5.8322639,10.583807,5.7894869
007977,20164,1,1.0438772,1.382,.53657204,.5641126,.8763476,2.6126933,5.3225784,10.604721,5.8598099
007977,20171,0,1.0226179,1.7442858,.53822601,.58072752,.20526166,1.785336,6.4104137,10.625108,5.2418761
007977,20172,0,1.0424565,1.5385715,.49953616,.55225414,.17920405,1.7157032,6.2052817,10.628263,5.5156579
007977,20173,0,.96018714,1.0685714,.48237014,1.1753187,.14663294,1.8135644,6.4418464,10.64211,5.8302717
007977,20174,1,.90513939,.97285712,.48402655,.44503263,.39521018,2.4529305,6.3212128,10.656525,5.1804123
007977,20181,0,.78380269,.91428572,.47456178,.67627239,.19288869,1.9986056,7.9031229,10.669653,4.4545388
007977,20182,0,.8591913,.95714283,.50229216,.61400867,.26877359,2.3031118,8.8245211,10.672647,4.4383473
007977,20183,0,.94169641,.89999998,.50334543,1.1098553,.7504521,1.869349,9.4483013,10.697385,5.5275016
007977,20184,0,.87774199,.78999996,.50505829,.47730565,.47507527,2.8459909,7.5761557,10.710744,5.4219537
007977,20191,0,1.0638089,.42000002,.48391804,.68497622,.31965557,1.8353013,8.2639666,10.736115,6.6461196
007977,20192,0,.91413486,.15249999,.42707285,.49738768,.19644722,1.7659352,9.5676899,10.775826,10.318015
007977,20193,0,1.1223558,-.16000004,.40441644,1.0847192,.72657669,2.7354686,11.208084,10.79105,9.3664904
007977,20194,0,1.0091753,-.14285713,.38862941,.5812102,1.7197453,2.4024682,10.55496,10.824567,11.382244
007977,20201,0,.89972329,.33333334,.39792234,.58476055,.49159533,3.1854582,10.961455,10.828698,9.2584352
007977,20202,0,2.1396482,.565,.42123151,.56128138,.47718698,1.8813683,11.927355,10.842185,6.6358962
007977,20203,0,1.2168894,.62777776,.54838777,1.1280305,3.0398834,2.0802155,10.016736,10.886614,9.5564623
007977,20204,0,.90491122,.55800003,.51070678,.53623295,1.6477993,3.142921,7.7837257,10.891317,6.6750445
007977,20211,0,.72757405,.83444446,.40529162,.67090464,.23907927,1.8978076,7.3906717,10.895943,6.7244329
007977,20212,0,.8319363,1.3755555,.41011521,.55033535,1.8385801,1.6687016,8.9504538,10.94219,10.000524
007977,20213,0,.66845715,1.3044444,.41586304,1.0725796,.94753343,1.8756936,11.18294,10.946921,6.0307651
007977,20214,0,.71554905,1.1533333,.452521,.54766417,1.097067,2.107203,11.977541,10.959836,6.8518586
007977,20221,0,.88996756,1.2711111,.4219873,.65685987,.28694406,1.6283211,12.808451,10.965626,6.9683304
007977,20222,0,1.2568456,1.71,.398918,.56566352,.15521255,1.8935932,11.898247,10.967939,2.5749047
007977,20223,0,1.3878909,1.6466668,.41070363,1.0941213,.56476223,2.1663268,12.253889,10.990651,4.3729401
007977,20224,0,1.2097749,.56666666,.46943042,.63192999,.19508129,2.1892455,11.502704,11.001683,4.1847253
008030,20131,0,1.0494547,1.3275,.55866235,.59912837,8.1756935,2.3359499,-8.5965576,9.5576153,-2.9128516
008030,20132,0,1.0093377,1.505,.51674026,.60648865,6.6400909,2.0708084,-7.5653372,9.5495949,-5.3764186
008030,20133,0,1.0526801,1.8925,.54762119,1.0721344,4.9258385,1.936731,-9.6100302,9.5300045,-7.0116496
008030,20134,0,1.4450849,2.6699998,.48749927,1.1297146,11.737419,2.0476251,-4.8935146,9.6219053,.62833089
008030,20141,0,1.1643351,2.6766667,.4528085,.73030937,9.9415569,1.6973834,-4.7571778,9.6292667,7.1651263
008030,20142,0,1.020699,2.5650001,.47284758,.97262132,8.2850981,1.2484447,-4.4769406,9.623642,7.4046931
008030,20143,0,1.0405756,2.2766666,.48885444,1.603088,7.6256909,.72138858,-4.9105496,9.6363192,10.631514
008030,20144,0,1.0789839,2.2583334,.44472072,1.3581549,9.00982,.71470183,-4.6231537,9.6481819,2.6276689
008030,20151,0,1.4914995,1.8166667,.50534105,.43417209,7.1987019,.49643549,-3.3677101,9.6560469,2.6779962
008030,20152,0,1.3929193,1.7033333,.50113332,.8397935,8.5212164,.65787363,-3.3289313,9.6061211,-1.7520821
008030,20153,0,1.5915635,1.8766665,.54289967,1.5073224,11.207275,.71564066,-5.1291704,9.6203403,-1.5979173
008030,20154,0,1.8351016,1.7549999,.64093173,-.40618312,13.068071,.59619629,-4.9904137,9.6336107,-1.4571369
008030,20161,0,2.0926275,1.6833333,.57350492,.614474,14.311663,.56627887,-2.4361582,9.5645399,-9.1506453
008030,20162,0,2.1155896,1.2900001,.49421933,1.6923809,16.175554,1.0187144,-5.6436481,9.5746431,-3.1477847
008030,20163,0,1.7716457,1.0783334,.48150837,2.0466034,15.619532,.67066532,-6.6533537,9.6107655,-.95753175
008030,20164,0,1.5037298,1.0583333,.49428365,1.056255,15.579971,1.8354498,-6.1852665,9.6233559,-1.0255051
008030,20171,0,1.2588198,1.6379999,.41682801,2.3443925,14.424793,.62098002,-5.9358358,9.6305971,6.6056566
008030,20172,0,1.0543748,1.448,.4266215,2.034889,10.757225,.5965181,-8.6295605,9.6725302,9.7886372
008030,20173,0,1.1113772,1.2399999,.45384511,1.5816692,9.6901855,.6397242,-7.716876,9.6873646,7.6599612
008030,20174,0,1.0977257,1.1975,.47323593,2.3260717,9.8519173,.94670725,-8.3022957,9.7113476,8.7992487
008030,20181,0,.96924675,1.1125001,.42329833,2.235801,6.3069739,1.0870539,-10.869548,9.670373,3.9776332
008030,20182,1,.86104506,1.13,.46345881,4.2375946,4.7158513,1.1741215,-10.508968,9.6878929,1.5363508
008030,20183,0,1.1198418,1.025,.47238925,3.8773088,8.5175295,1.508467,-9.47894,9.7671919,7.9827271
008030,20184,0,1.0901476,.88500011,.48814946,3.6006396,10.756369,1.9918395,-8.2943325,9.7960634,8.4715414
008030,20191,0,1.368691,.505,.598894,2.8001647,7.8060279,1.6114762,-8.0768719,9.7937059,12.333241
008030,20192,0,1.214398,.24833328,.5698449,2.1368356,8.8507423,1.9968321,-7.0422454,9.8029318,11.503872
008030,20193,0,1.1967179,-.0033333937,.61557704,1.5172884,8.174737,1.8464644,-7.7463641,9.8051291,3.7937245
008030,20194,0,1.1665719,-.053333297,.67830247,.58262974,10.46122,2.6620553,-8.6035166,9.8258648,2.9801195
008030,20201,0,.99280787,.42166668,.60828143,.11082785,10.000973,2.2707255,-8.8126926,9.8170938,2.3388631
008030,20202,1,2.8044603,.66833335,.9388746,.60942924,7.7865906,2.0192475,-9.8167343,9.790658,-1.2273872
008030,20203,1,1.4161605,.61624998,.82355875,1.0306691,16.181751,2.1409183,-7.2068033,9.8397999,3.4671004
008030,20204,0,1.0539496,.60624999,.76441687,2.0433288,16.79867,1.8655303,-7.8452735,9.879158,5.3293219
008030,20211,0,.75869268,.73499995,.67317325,4.6828003,15.143431,1.5577832,-8.9112282,9.9097376,9.2643547
008030,20212,0,.7730487,1.26625,.48006582,7.1171308,13.523819,1.8366735,-10.311955,9.960454,16.979595
008030,20213,1,.59718257,1.18625,.42825603,9.2528334,13.572454,2.1948128,-9.9303141,10.043057,20.325726
008030,20214,0,.5866586,1.0962501,.46625498,9.0199003,8.0624533,1.6629646,-8.7296677,10.124608,24.54504
008030,20221,1,.84046227,1.385,.42488119,8.1153126,10.13769,1.7336512,-7.2603822,10.159023,24.928595
008030,20222,1,1.2944555,1.747,.38008207,8.9450798,14.571136,1.8199818,-6.1778083,10.262311,30.185646
008030,20223,0,1.4766474,1.7254546,.6044445,5.3515334,7.4711404,1.4567492,-8.4990635,10.363076,32.001904
008030,20224,0,1.4126543,.54999995,.63236654,3.9152701,10.686003,1.6143696,-8.3332729,10.375761,25.11524
008068,20131,0,.90212262,1.4349999,.66678774,2.1102631,2.4793646,3.2237968,-21.014294,11.069914,6.7081332
008068,20132,0,.90268487,1.6266667,.67630756,2.0083859,3.2510941,3.3574381,-23.344019,11.09474,6.5965562
008068,20133,0,1.4014742,2.0457144,.60782146,2.3478982,4.5519266,3.3683367,-19.757158,11.118727,4.7676163
008068,20134,0,1.5179943,2.3742857,.59427911,2.3661737,5.4308219,3.5802238,-20.292578,11.148175,5.6463146
008068,20141,0,1.0981772,2.302,.58602148,2.0016418,4.8860216,3.2674279,-20.080349,11.148262,7.8347311
008068,20142,0,1.0628088,2.2071428,.59526914,2.0656803,3.3662937,3.8368821,-20.708736,11.14584,5.1099577
008068,20143,0,.87617934,2.1657143,.5557161,1.7185211,3.4014766,3.6959584,-20.148914,11.160427,4.170085
008068,20144,0,1.0411376,1.8033333,.60634571,-4.7727594,4.0511818,1.9647602,-17.674202,11.177592,2.9417434
008068,20151,0,1.4867615,1.7114285,.53388864,-.38749358,13.878669,2.9773014,-17.32723,10.937721,-21.054026
008068,20152,1,1.399487,1.5871428,.60718536,.32965592,10.148158,2.6035326,-25.844002,10.88536,-26.047935
008068,20153,0,1.4097956,2.0550001,.56109595,-4.7986908,9.4502382,2.0728724,-18.367476,10.903549,-25.687807
008068,20154,0,1.5139135,1.7614286,.58054852,-10.3376,8.6086769,2.156162,-16.85947,10.821557,-35.603588
008068,20161,0,1.7041726,1.7111112,.45326263,.17957041,10.1158,1.4872113,-19.688656,10.679067,-25.865442
008068,20162,0,1.7732157,1.3745455,.45665368,-.33081061,7.6372027,1.4303393,-28.60586,10.645853,-23.950663
008068,20163,0,1.3529125,1.1809092,.40028924,-.56846327,8.9515276,1.4105437,-17.405916,10.654786,-24.876371
008068,20164,0,1.0959419,1.1999999,.39597538,-.65337497,7.7155895,2.0946434,-17.099705,10.636577,-18.498035
008068,20171,0,1.0420563,1.7535714,.3884033,.27140504,5.237885,1.6748242,-14.136353,10.671487,-.75798202
008068,20172,0,1.1086948,1.6438462,.43289405,1.1939244,3.5770636,1.8132581,-13.309813,10.656435,1.0582108
008068,20173,0,1.0667399,1.1561538,.46140382,.45257491,5.3332381,2.2557287,-10.625304,10.644997,-.97894764
008068,20174,0,.9556005,1.0783334,.41924313,1.1992376,4.4374204,2.7990251,-9.4986572,10.632074,-.4502072
008068,20181,0,.80043179,1.0241667,.35417289,1.6846714,4.1046019,2.4556227,-10.737284,10.646044,-2.5443318
008068,20182,0,.93339348,1.0557142,.41851419,1.9809382,3.9174922,3.0064476,-9.4480438,10.66448,.80447942
008068,20183,0,.96046042,.94428563,.32784206,4.2412691,3.2564051,2.9931693,-9.1467304,10.693466,4.8470249
008068,20184,0,.88639951,.85538465,.34801084,1.5703894,6.7331009,2.9739528,-10.25367,10.713462,8.1387491
008068,20191,0,1.1610922,.47499999,.45639628,1.4388653,7.3220229,2.8708897,-7.7362776,10.688622,4.2577462
008068,20192,0,.86966145,.21307692,.42912957,1.4308246,4.1595316,2.7287066,-8.858633,10.700544,3.6063917
008068,20193,0,1.3323339,-.058333371,.56856543,-1.773509,4.0071478,3.8284566,-9.3798656,10.709293,1.5827069
008068,20194,0,1.7521394,-.10774997,.6340515,-.90798211,4.2489419,1.7306665,5.6709914,11.739607,102.6145
008068,20201,0,1.6771281,.33380952,.66532487,-1.8412147,3.2717462,1.1826581,4.4750662,11.602126,91.350487
008068,20202,0,9.5168409,.59952384,2.0561018,-7.999567,2.2264199,.3758252,5.8270545,11.529222,82.867775
008068,20203,0,7.0324054,.56261903,.7321651,-3.996557,1.268837,.27500781,6.0261817,11.401458,69.216385
008068,20204,0,6.3540683,.57166666,1.0443873,-1.3170049,2.3059433,.7271952,-2.054265,11.343725,-39.588131
008068,20211,0,4.6911759,.74760866,.52179921,-.18235411,2.7203238,.72317147,4.3916197,11.290582,-31.154451
008068,20212,0,3.6038752,1.2734091,.3403393,.12979649,3.0911725,.8795917,6.1996698,11.281687,-24.753521
008068,20213,0,2.957078,1.2313954,.28611061,1.0358157,5.9409285,.82064623,7.1938515,11.288994,-11.246335
008068,20214,0,2.3563726,1.1912501,.3305952,2.0288286,3.0082631,1.2368331,4.7781973,11.235299,-10.842611
008068,20221,0,2.3403597,1.3327501,.39898643,6.4982138,3.7155497,1.1434511,3.5937576,11.225723,-6.4858317
008068,20222,0,2.1869698,1.7459999,.24275671,5.0591469,2.6056964,1.3095847,1.2162894,11.214816,-6.6870852
008068,20223,0,2.5491664,1.7214636,.3311055,3.6997616,1.8660488,1.5453848,-1.0123998,11.214803,-7.4191699
008068,20224,0,1.7479311,.58399999,.33595279,2.6710467,1.7520515,2.1068974,-3.0359089,11.186419,-4.8879929
008099,20131,0,2.429724,2.4000001,.74544656,.38884258,.3412292,1.692259,8.7901983,10.827866,6.3050389
008099,20132,0,2.3531718,1.7633333,.74396348,-.32524195,.13287324,1.2077582,10.745621,10.828222,5.5724549
008099,20133,0,2.4484456,2.1399999,.81863779,.43463525,.14155552,1.3098869,12.318042,10.822913,4.2957573
008099,20134,0,2.8192286,2.6266665,.82255453,.2818411,.44062483,1.5263084,10.728682,10.827409,3.3194802
008099,20141,0,2.2168958,2.6333334,.92951429,.41250199,.43233383,1.7372679,10.846538,10.828222,.035703659
008099,20142,0,1.8053923,2.52,.89708298,.12493167,.21277426,1.9344889,11.612457,10.844042,1.5819006
008099,20143,0,1.6400225,2.4366667,.86842656,.64801121,.14789446,1.3699696,12.309223,10.84716,2.4246595
008099,20144,0,2.1074133,2.0166667,.91205561,-.59737623,.21279089,1.9014524,11.775255,10.843964,1.6554356
008099,20151,0,2.1740408,1.77,.74695003,.42556456,.16294138,1.395545,12.039393,10.862186,3.3963687
008099,20152,0,1.8914886,1.6666665,.84480953,.35604808,.17136003,1.6279202,12.053275,10.868968,2.4926832
008099,20153,0,1.8795075,1.9466666,.91883594,.74521273,.17734176,1.0244316,12.769562,10.878141,3.0981567
008099,20154,0,2.2328246,1.8133333,.97043902,-.42914382,.16330251,1.4583293,12.121189,10.871669,2.7704949
008099,20161,0,2.1215639,1.5333333,.91461581,.62850899,.25102037,1.6230096,12.418363,10.862589,.040248003
008099,20162,0,2.3024914,1.2233334,.83136868,-2.0666099,.27706614,1.580795,11.460712,10.872276,.33074847
008099,20163,0,2.3234458,1.0366668,.76031774,.73928523,.38715202,1.3054221,13.584516,10.847413,-3.0728621
008099,20164,0,1.9784421,.9733333,.83530325,-11.15452,1.0604107,1.3779566,10.432449,10.858249,-1.3419685
008099,20171,0,1.7362155,1.2633333,.21667579,.47510895,.46120328,1.6686752,21.580433,10.672391,-19.019735
008099,20172,0,1.5983496,1.0933334,.44411618,.40266594,.37952423,1.5458668,8.6047201,10.673874,-19.840235
008099,20173,0,1.6000099,1.164,.49692962,.91397977,.26311538,1.4194382,21.610073,10.676531,-17.088163
008099,20174,0,1.4719548,1.126,.48438111,-5.7252173,.91411024,1.9198607,21.604719,10.683936,-17.431307
008099,20181,0,1.2341442,1.066,.31648377,3.2396998,1.3938519,1.3796531,23.302809,10.651525,-2.0866046
008099,20182,0,1.2596513,1.1059999,.4631274,.77071786,.77071786,1.86622,13.694397,10.566047,-10.782686
008099,20183,0,1.3037965,.98599994,.44295737,-1.1752329,.83138746,1.6294168,18.79344,10.570573,-10.595821
008099,20184,1,1.1906888,.85600007,.38404909,.34987196,1.2346931,1.8583778,18.845997,10.582612,-10.132379
008099,20191,0,1.5388097,.45399997,.35230851,.798742,1.0708134,1.382822,17.860048,10.598208,-5.3316808
008099,20192,0,1.2808905,.17999998,.31741247,.77056062,.51864654,1.6646085,19.072563,10.60881,4.2763658
008099,20193,0,1.2402864,-.10000004,.32169968,.95636433,1.1593778,1.6730262,20.963373,10.618494,4.7921009
008099,20194,1,1.153537,-.11799998,.28264171,-.2674312,1.8069677,1.8141955,20.091824,10.633594,5.0981402
008099,20201,0,1.0004412,.30800003,.26565966,.17493676,1.605163,1.4562303,19.726482,10.652566,5.435751
008099,20202,0,2.4570026,.55250001,.31089601,.73414117,.43953434,1.6060822,21.659904,10.647566,3.8755152
008099,20203,0,1.3050377,.49700001,.34384903,1.0706789,.38912341,1.6201684,17.503754,10.654974,3.6480327
008099,20204,0,1.6014358,.48499995,.46961004,.56360334,.68936604,1.579021,17.997345,10.667513,3.391922
008099,20211,0,1.8520293,.66799998,.43507367,.75341851,4.050468,1.3584024,21.201691,10.702435,4.9869146
008099,20212,0,1.6197467,1.1899999,.39492407,.13146859,3.0056441,1.4098873,19.50095,10.6946,4.7035012
008099,20213,0,1.4503431,1.127,.37176633,1.0436625,2.9574194,1.2217388,20.317736,10.700161,4.5186677
008099,20214,0,1.2805196,1.0744445,.38990542,.97368538,1.559721,1.5437589,19.82612,10.688622,2.110872
008099,20221,0,1.4537408,1.2233334,.38498524,.63391447,3.3258498,1.1445677,21.950161,10.723972,2.1536829
008099,20222,0,1.834487,1.7275,.33733597,.41912279,.69480246,1.4052939,21.264917,10.705871,1.1269757
008099,20223,1,2.2740812,1.6725,.49748886,.74024826,1.179078,1.4206561,16.349911,10.717081,1.6919818
008099,20224,0,1.7048306,.5625,.5142464,-.89853072,.6176005,2.1582575,16.902536,10.711102,2.2479949
008123,20131,0,3.2136686,1.14,.58157945,1.4580408,5.9473662,1.0872304,-11.524442,7.9293785,12.569851
008123,20132,0,2.7658589,1.3000001,.51144505,1.5971055,3.3988743,.89174771,-5.1444082,7.9143252,11.461304
008123,20133,0,2.7655869,1.6999999,.54684436,2.5013459,5.0816436,.56701952,-10.846678,7.9325414,11.415156
008123,20134,0,1.7069485,2.1850002,.5996604,.86880058,9.9824133,.71755189,-11.180955,7.9526153,.9151845
008123,20141,0,1.1410491,2.1700001,.47290581,1.0524814,10.981483,.66359842,-9.9825296,7.9384098,.90313482
008123,20142,0,1.2203795,2.1299999,.50945067,1.3495911,8.7886248,.5029307,-7.0201559,7.9243617,1.0036448
008123,20143,1,1.2834046,2.0999999,.53048486,.93524921,8.8006592,.61633283,-11.91044,7.9340477,.15061325
008123,20144,0,2.2722926,2.51,.56891054,.46494734,9.5750093,.80276066,-10.877594,7.9204464,-3.2168608
008123,20151,0,2.8569715,2.1800001,.57647461,.48552686,9.5178089,.86357063,-11.173021,7.9003029,-3.8106773
008123,20152,0,3.4214721,1.49,.40893012,1.577593,7.3397236,1.0368105,-6.8248749,7.8940568,-3.0304794
008123,20153,0,3.2107532,1.66,.50052601,.21842954,8.6039019,1.0588279,-14.301435,7.9014144,-3.2633364
008123,20154,0,3.7549348,1.47,.80154765,-2.314678,9.3768454,1.8901359,-12.973089,7.9042611,-1.6185495
008123,20161,0,4.4228683,1.47,.85474652,-.40657386,4.2051964,.8163659,3.3073397,9.140111,123.9808
008123,20162,0,4.2603884,1.09,.82212728,-.01096864,3.4617028,.67237765,9.8359947,9.1178856,122.3828
008123,20163,0,3.9495063,.89999998,.56370461,.19642396,.74753344,.69590199,3.7564754,9.0948505,119.34366
008123,20164,0,3.7248333,.88999999,.68721938,.19902648,1.4443636,.89391321,3.4028471,9.0816889,117.74275
008123,20171,0,2.8614016,1.45,.5375163,.15292265,2.1055396,.94720751,2.862361,9.078248,-6.1863079
008123,20172,0,2.5540228,1.505,.41902986,-.066945039,1.9119048,.77043527,7.3366585,9.0840063,-3.3879235
008123,20173,0,2.3336153,1,.44541085,.59925181,2.0979497,.67202616,2.5810003,9.0818586,-1.2991891
008123,20174,0,2.1512227,.97000003,.4026106,5.2239361,2.7320771,.90001607,1.8701136,9.1448946,6.3206291
008123,20181,0,1.7526646,.97000003,.39149404,.22672294,2.3692005,.97089481,2.5885315,9.1289463,5.0697975
008123,20182,0,2.4249957,1.0699999,.54009104,.63972402,1.191022,.9443025,11.185363,9.1226234,3.8617413
008123,20183,0,2.3220134,.96666676,.57800782,2.1350873,1.5780604,1.07794,2.0552845,9.1201754,3.8315873
008123,20184,0,2.2082012,.83333337,.69326299,.5776338,1.6982217,1.1997008,.36100745,9.1299219,-1.4973012
008123,20191,0,3.0071759,.40999997,.84165609,.46346724,1.9872408,1.1358837,1.8075556,9.1046906,-2.4254992
008123,20192,1,2.3549118,.11666665,.74291545,-.2181049,1.1526843,.97165722,6.9533439,9.123682,.10583686
008123,20193,0,2.5689166,-.18666673,.76332694,.47859842,1.3740755,.87165552,1.898244,9.1307888,1.0613443
008123,20194,0,2.6890905,-.20249999,.86820436,-.83616745,1.9214522,1.2325889,2.4459064,9.130496,.057421766
008123,20201,0,2.3051939,.25749999,.86518478,-.87071985,2.4042752,1.0437754,3.5937877,9.1256313,2.0940871
008123,20202,0,6.4182787,.47499999,1.2393192,-1.3076521,2.1177213,.76869476,9.5101805,9.1252613,.15800115
008123,20203,0,5.2788897,.33750001,1.1817228,-8.2066364,2.6497812,.63265055,9.6576061,9.1025438,-2.824482
008123,20204,0,4.7319632,.32999998,.74685383,-.39919674,3.4197855,.91452348,11.398613,9.0199785,-11.05174
008123,20211,0,2.7891934,.50749999,.38534048,2.945266,2.2935836,.61903781,2.6367486,9.0204983,-10.513318
008123,20212,0,2.418124,1,.29020321,4.2090569,3.0745754,.41641033,11.757109,9.0423002,-8.296133
008123,20213,0,1.596543,.94749999,.2710588,4.5130067,3.1511345,.57062328,4.2788,9.0661469,-3.6396935
008123,20214,0,1.1973617,1.16,.3085565,3.5434027,3.5376239,.74889922,2.163413,9.0656271,4.5648108
008123,20221,0,2.0956862,1.33,.28739992,4.6139216,2.1191168,.55531424,.33817291,9.049902,2.9403021
008123,20222,0,2.886338,1.6766667,.34653732,4.9226213,2.3079524,.66008139,4.0636301,9.056571,1.4270939
008123,20223,0,3.3004656,1.6833335,.38710198,3.6333456,3.5111585,.74349868,.11910796,9.068224,.20770356
008123,20224,0,3.4152355,.57000005,.40394822,2.3916693,1.9902192,.83331305,.38961172,9.0143499,-5.127687
008214,20131,1,3.1428852,1.5599999,.80162734,.29069766,.72674423,.59460884,-4.2762337,8.9316845,.54322755
008214,20132,0,2.7219648,1.7633333,.75937963,.62683892,.79314315,1.0234106,-2.8649926,8.964056,-.20447291
008214,20133,0,2.7039323,2.1399999,.78131944,.65510601,.92485547,.95054591,-2.1846919,8.9599543,.90323192
008214,20134,0,2.5717962,2.6266665,.80498147,1.061214,.66002327,1.9930115,-1.98102,8.9524755,.45398614
008214,20141,1,2.3005679,2.6333334,.79063761,1.5692427,.74539036,.66692817,-3.2908618,8.9420691,1.0384582
008214,20142,0,1.9816955,2.52,.74828315,.26362038,.81596786,1.1423551,.6246984,8.9829378,1.8881636
008214,20143,0,1.7644696,2.4366667,.85385317,.6670087,1.0389943,1.269882,.54645836,8.9613657,.14119764
008214,20144,0,1.8897358,2.4166665,1.0403775,.42884994,.66276801,1.9493177,-1.1951476,8.9483261,-.41499218
008214,20151,1,2.2068214,2.1224999,.87423468,.2382528,.88682997,.74123096,-2.0465822,8.929965,-1.2103819
008214,20152,0,2.0242507,1.9725001,.71084505,1.1824324,1.0005198,1.3253639,.25761724,8.9484558,-3.4481771
008214,20153,0,2.0530791,2.2924998,.76859307,1.4585233,1.0418023,1.1720276,-1.6990155,8.9462442,-1.5121452
008214,20154,0,2.5062838,1.9224999,.76573116,1.4512049,.82545596,2.0370123,-2.676183,8.9241238,-2.4202156
008214,20161,1,2.4712541,1.8324999,.67991489,.7723577,1.300813,1.3279133,-4.2516203,8.9065285,-2.3435957
008214,20162,1,2.9519207,1.3175,.69618738,1.8511066,.7243461,1.1938297,-3.73438,8.9166403,-3.1815763
008214,20163,0,2.555387,1.12,.65861058,1.4040365,.83991474,1.1783879,-1.9026011,8.9843178,3.807307
008214,20164,0,1.9424539,1.1559999,.64261788,1.0919249,1.396648,1.1681056,-1.8099606,8.9715757,4.7451549
008214,20171,1,1.8322408,1.6860001,.6602847,1.304741,1.5243509,.86552131,-2.0097017,8.9542866,4.7757239
008214,20172,1,1.5964661,1.482,.56901896,1.2051218,1.3432087,1.2929952,-1.203385,8.9829378,6.6297541
008214,20173,0,1.4507011,1.0883334,.53708673,1.1047181,2.3705409,.90909088,1.8133223,9.0699282,8.5610542
008214,20174,0,1.5037285,1.1919999,.47542208,-.046210721,2.021719,1.0166358,.36708713,9.0660076,9.4432564
008214,20181,1,1.3823873,1.1060001,.41623086,1.0658016,2.9309547,1.1700649,-1.6362935,9.0632315,10.894535
008214,20182,0,1.4909601,1.175,.45636705,1.1847645,1.439342,1.9876627,6.0539098,9.2314167,24.847893
008214,20183,1,2.0205359,1.025,.59270883,1.6019901,1.5522388,1.2039801,6.7113428,9.2153282,14.539968
008214,20184,0,1.9435439,.89666677,.6992504,1.7021701,1.4334064,1.1148716,7.3174505,9.2149296,14.892181
008214,20191,1,2.5063007,.52499998,.90413815,.45031217,.86992121,1.002968,5.7820024,9.1871738,12.394258
008214,20192,0,2.2916222,.24499996,.83104759,1.3443741,.87676573,1.1203117,9.5343857,9.236495,.50786316
008214,20193,0,2.2147963,-.0050000204,.7028262,1.4730433,.9820289,.99184912,5.2733364,9.2284746,1.3147029
008214,20194,0,2.1158991,-.064285673,.65971899,.73329985,.42189854,1.336012,3.9625645,9.2058306,-.90996075
008214,20201,1,1.7362164,.40142858,.65370733,-9.1645012,1.7889267,.91944832,1.8072605,9.2109404,2.3766098
008214,20202,0,2.6204567,.66428572,.83504921,1.0490657,2.6335919,.52453285,8.129838,9.1216183,-11.487689
008214,20203,0,2.4120438,.66249996,.60716283,2.1985059,6.2860193,.67235857,-3.0757189,9.1452684,-8.3206568
008214,20204,0,1.8585619,.64999998,.52459198,2.4686103,6.9589272,1.1066184,1.2129813,9.1482525,-5.7578039
008214,20211,0,1.2277068,.85874999,.47464964,2.2149563,7.6363249,.88598251,1.943168,9.1570454,-5.3895116
008214,20212,0,.99332416,1.4612499,.40785974,3.1171548,6.4016738,.97280329,1.6763031,9.1653433,4.3724561
008214,20213,0,.96122569,1.29625,.40471974,2.6059937,8.9706326,.66152149,.71351528,9.2080374,6.2769346
008214,20214,0,.93316287,1.16875,.47960815,2.2743213,9.2876463,1.7332932,1.2259245,9.2084389,6.0186386
008214,20221,0,1.2140722,1.3714286,.47129595,3.0354469,9.6455317,1.0683974,1.6393334,9.2118397,5.4794173
008214,20222,0,1.603062,1.7328571,.47922042,3.3249323,7.3187284,1.0178363,.76765418,9.2414513,7.610836
008214,20223,0,1.9927598,1.6757144,.6311456,4.4579344,7.749218,.89158684,.64215064,9.263217,5.5179691
008214,20224,0,1.8341717,.53857142,.61755258,1.1566085,7.0702357,1.3058484,.59728026,9.2799597,7.1521149
008247,20131,0,1.5224986,1.5442858,.19930658,15.178233,15.102657,.40937147,-4.0039511,9.6726894,9.8957081
008247,20132,0,1.4631562,1.5,.25011989,2.217742,15.478667,.58532774,-7.5988588,9.640563,3.5886009
008247,20133,0,1.5445672,1.6542858,.24100563,1.4066974,11.085522,.64732975,-8.4741592,9.6844606,8.0930071
008247,20134,1,1.5313476,2.2474999,.21563016,1.5266259,13.51725,1.5386465,-8.4767447,9.7194443,6.4033775
008247,20141,0,1.3882264,2.0650001,.18410251,7.9556198,11.031961,.64930969,-7.9717579,9.6717443,-.094514988
008247,20142,0,1.2892964,2.18625,.2233109,2.2550681,17.754278,.75363678,-10.243398,9.7478275,10.726427
008247,20143,0,1.0462375,2.0025001,.21545096,2.1445086,16.83815,.7283237,-9.4832745,9.758462,7.400126
008247,20144,1,1.1343499,1.7285714,.22254871,.48574939,17.779598,1.3402002,-8.551693,9.7460728,2.6628704
008247,20151,1,1.2631079,1.6480001,.16234857,1.8313143,6.756526,.40948641,-4.8944144,9.7746878,10.294317
008247,20152,0,1.0969285,1.536,.16545862,1.9403501,6.7653155,.51819438,-3.8731039,9.7623844,1.4557312
008247,20153,1,1.0825361,1.4125,.1633811,2.4607866,6.745851,.59104341,-3.8137972,9.7754269,1.6965102
008247,20154,0,1.3262063,1.6060001,.21546344,1.7867304,8.0744286,1.1949471,-3.4063845,9.7741756,2.8102598
008247,20161,0,1.3875076,1.5333333,.18884471,2.0320919,8.5441551,.45092529,-3.076479,9.745429,-2.9258556
008247,20162,0,1.537657,1.3066666,.17339982,2.1368754,5.9485993,.52555591,-4.8015299,9.7593288,-.30562547
008247,20163,0,1.4178054,.88999999,.20032147,-1.0667903,9.6996756,.52179962,-.55033863,9.7554512,-1.997541
008247,20164,1,1.2508231,.84999996,.17345551,2.0861127,5.9369316,.87325644,-3.5303802,9.7105093,-6.3666401
008247,20171,0,1.2980297,1.256,.20134979,2.1371045,11.839685,.39951807,-4.6980739,9.665801,-7.9627981
008247,20172,0,.84961832,1.3000001,.19273461,3.070447,8.5984898,.44571003,-3.5687327,9.6899233,-6.9405479
008247,20173,0,1.0046707,.76749998,.19796659,3.5939434,9.5268955,.42420313,-2.4239957,9.7393789,-1.6072347
008247,20174,0,.88075411,.74250001,.21112974,.85717535,13.215259,.8685286,-1.2710512,9.7765627,6.6053443
008247,20181,1,.80923539,.70999998,.18998997,2.0195913,9.0397873,.45350102,-3.2247961,9.7134161,4.7614775
008247,20182,0,.80245483,.84666663,.19195351,2.1146829,8.0255356,.24509805,.17038286,9.7724676,8.2544308
008247,20183,0,.66341233,.73750001,.1930664,2.2508037,6.4725494,.64308679,1.8675983,9.7287769,-1.0602167
008247,20184,0,.75737977,.71499997,.18885767,1.5432467,6.9625559,1.1065917,1.7914206,9.7242413,-5.2321596
008247,20191,0,.98266166,.34750003,.1908378,1.9481735,6.0380893,.29347488,2.7348785,9.6812811,-3.2134981
008247,20192,0,.9274413,.11199999,.18282226,1.5658282,4.8529158,.495078,4.2781143,9.762557,-.99098617
008247,20193,0,.9795962,-.15600003,.18522641,2.0439987,6.0930104,.50682265,4.6823025,9.7956238,6.6846943
008247,20194,1,.92604339,-.15833332,.18669373,1.6164747,8.2705936,1.0462799,4.5875669,9.8016768,7.7435026
008247,20201,1,.89734727,.24666667,.16806352,1.3722612,7.2170773,.20894511,3.08325,9.7817717,10.049073
008247,20202,0,2.1787076,.43833336,.23927501,.56465894,10.745129,.30447298,8.691803,9.8016768,3.911886
008247,20203,0,1.221131,.505,.19295025,2.4325812,12.669235,.42927903,8.5167294,9.8075275,1.1903254
008247,20204,0,.82569897,.49833333,.18473989,1.4863387,11.47541,.73224044,1.3398796,9.8146563,1.2980052
008247,20211,0,.69258583,.61833334,.16550547,1.9329107,9.8588667,.40908164,1.3275087,9.8810377,9.9265623
008247,20212,0,.73868167,1.0271428,.1638041,2.1401262,9.6032572,.30786037,1.2738824,9.9104137,10.873722
008247,20213,0,.49275452,.81333333,.15676652,1.5389433,5.8649845,.34894645,4.0651708,10.014716,20.718864
008247,20214,1,.48992252,.75666666,.1841245,1.3069506,5.986382,.69003338,4.2469711,9.9934654,17.880901
008247,20221,1,.57472044,1.0033333,.15298958,.084305182,5.0489435,.9086225,4.9293966,9.968854,8.7816429
008247,20222,1,1.0462993,1.5914285,.19972913,2.0148027,4.7605996,.31980994,5.2552314,9.9936934,8.3280306
008247,20223,0,1.0258867,1.7083334,.22672386,1.5251251,4.6402745,.48210645,5.4754376,9.9791517,-3.5564363
008247,20224,0,1.1819658,.6242857,.23066439,1.1405022,5.2616448,.71880388,6.9835606,9.9459724,-4.7493196
008272,20131,0,1.0152421,.9328571,.59940612,.49316418,1.4274364,1.4548343,5.7120681,10.50504,9.0047197
008272,20132,0,.93146497,1.0357143,.54862553,.65999514,4.0994825,1.6070614,5.4623308,10.526025,9.0586023
008272,20133,0,1.0842164,1.8100001,.53743798,.81307405,2.8173962,1.7693139,4.7324777,10.519214,7.9174185
008272,20134,0,1.1435757,2.26,.5254063,.76420695,2.9511397,2.1327336,4.2982817,10.515994,4.1809359
008272,20141,1,1.0972149,2.1283333,.50211185,.66319406,2.4916763,2.150682,5.1735878,10.525246,2.0205996
008272,20142,0,.93222958,2.0733333,.46941712,.72030735,2.3209903,1.8994771,4.646626,10.53167,.56449717
008272,20143,0,.75495636,2.1071429,.43597603,.90845013,2.1118855,2.1066644,5.8842449,10.553388,3.4174342
008272,20144,0,.79148531,2.1171429,.43836311,.76189011,1.7674824,2.0599251,6.2628746,10.570855,5.486135
008272,20151,1,1.0361283,1.8414285,.41362074,1.0998691,1.4622974,1.9631531,6.9870801,10.589912,6.4666047
008272,20152,0,1.0045741,1.5762501,.43154797,.74840081,.97848344,1.7344694,6.2878728,10.585346,5.3676801
008272,20153,0,1.168888,1.72875,.47988278,.61990702,1.6097585,1.9022146,6.2668743,10.596785,4.3396797
008272,20154,0,1.5409179,1.48875,.4838514,.90962875,1.7502341,2.2900951,5.9514909,10.610685,3.9830275
008272,20161,1,1.4367622,1.474,.50860918,.8578372,1.0449574,2.3596597,4.8330455,10.624979,3.5067017
008272,20162,0,1.6326189,1.161,.46484792,.040635832,.95374686,2.474005,5.8522196,10.641489,5.614233
008272,20163,0,1.3062583,1.0011111,.4087157,1.4507289,1.4763849,2.5212829,6.2208233,10.666044,6.9259462
008272,20164,0,1.1330073,.94666666,.46899912,.8324914,1.168563,2.4755085,6.4464598,10.726039,11.535332
008272,20171,0,1.132755,1.307,.51648766,.92286438,.86845523,2.0759218,5.8419228,10.774488,14.950879
008272,20172,0,1.0184952,1.089,.48866358,.53848064,.74973077,1.6775744,5.3861322,10.784856,14.336693
008272,20173,0,.95888478,.72818184,.47646502,.1154407,.59340566,2.1832471,6.7615089,10.80722,14.117557
008272,20174,0,.9570865,.745,.45910856,-.99942154,.49472362,2.132498,7.3239832,10.822355,9.631609
008272,20181,0,.58500224,.77090913,.50392509,.74325132,.69370121,2.0513735,8.5936098,10.828817,5.4329319
008272,20182,0,.57899332,.8770588,.48992547,-.88451684,.48441762,1.497892,13.652908,11.010151,22.529516
008272,20183,0,.62754548,.80823529,.4402808,.51746875,.52080727,1.458928,14.967192,11.000548,19.33289
008272,20184,0,.6029228,.729375,.46518582,1.485026,.47025824,1.598878,10.31171,11.012133,18.977772
008272,20191,0,1.120295,.39533335,.50619316,.78663546,.37105444,1.2912695,10.928914,11.012677,18.385973
008272,20192,0,.95038778,.12071425,.43796363,.63293195,.19312538,1.4086794,10.317299,11.028709,1.8558635
008272,20193,0,.94045615,-.15615387,.40158746,1.3534842,.34753773,1.496963,11.161333,11.046547,4.5998616
008272,20194,0,.80668032,-.1276923,.40432832,.74630332,.20747851,1.731052,11.877179,11.075737,6.3604789
008272,20201,1,.67309487,.26833335,.41797024,1.2122135,.2116805,1.53811,10.899946,11.092321,7.9644299
008272,20202,0,2.4343913,.47727275,.53321248,3.3341632,3.3239131,1.7395635,12.240211,11.131562,10.285324
008272,20203,0,1.6037258,.55272728,.60090297,.58346128,7.2047963,1.6304744,5.5344462,11.132909,8.6361523
008272,20204,0,1.272139,.50181818,.58892745,.68578738,5.270596,2.0276098,4.3590903,11.115756,4.0018392
008272,20211,0,.98276573,.66090906,.55496055,1.34338,1.4739654,1.7726611,3.2312961,11.106805,1.4483804
008272,20212,0,.99444652,1.0809091,.56439185,.65613896,1.1250203,1.8327657,1.9079089,11.124627,-.69353908
008272,20213,1,.84937066,1.0227273,.60067654,-.92846316,.53638059,1.7228311,4.4726849,11.136165,.32556435
008272,20214,0,.87525529,.94545454,.57712597,.87268704,1.282779,1.9993756,6.5281811,11.162971,4.721489
008272,20221,1,1.3815856,1.45375,.59592491,.86473727,.80227637,1.6711777,3.4910262,11.185046,7.8241057
008272,20222,1,1.6670704,1.8366667,.48187461,.76212597,3.3808496,1.5442727,6.3798008,11.224203,9.9575691
008272,20223,1,1.6700106,1.7633333,.55015165,.65624088,2.6911168,1.5598952,4.6995821,11.232973,9.6809015
008272,20224,0,1.4423345,.56777775,.55485481,.59420615,.97137487,2.4046161,5.3766279,11.232722,6.9751277
008479,20131,1,.64805871,1.426923,.25960967,1.4402852,8.8681374,.40595943,8.5912914,11.220405,2.3808067
008479,20132,0,.66163379,1.7061539,.22149029,2.6673744,9.3039608,.80684757,16.035463,11.229965,1.2875313
008479,20133,1,.80468029,1.9323077,.21914691,2.4956622,10.61798,.76448411,8.556488,11.247044,5.7220573
008479,20134,0,.85587192,2.4192309,.22259919,2.2678158,12.444346,1.6897962,8.893898,11.249143,3.7092118
008479,20141,1,.65875518,2.4138463,.23761606,1.5694778,12.491288,.45819458,8.6398096,11.25775,3.7344265
008479,20142,1,.7500633,2.21,.22471726,2.5524886,13.015368,.73038858,16.842667,11.257943,2.7977331
008479,20143,0,.64966035,2.1585715,.21781683,2.4964879,14.047716,.76958466,9.8052979,11.295179,4.8135796
008479,20144,1,.74071908,2.1128573,.20603566,1.6292596,16.039072,1.6392016,10.638207,11.29559,4.6447821
008479,20151,0,.90968299,1.8826667,.1604095,1.7316937,12.375725,.38292983,10.837337,11.163496,-9.4253664
008479,20152,1,.83787805,1.7386668,.14852245,2.8438063,12.201077,.80718136,17.421509,11.150879,-10.706391
008479,20153,1,.84257436,1.8694736,.15648748,.73759377,13.25593,.87321138,11.087683,11.188054,-10.712614
008479,20154,1,.97589779,1.6320834,.13421793,2.4577265,15.277102,1.8525935,14.437201,11.15485,-14.074047
008479,20161,1,.72399616,1.5507143,.1156912,1.3363572,17.237717,.55837053,13.993743,11.151482,-1.2013613
008479,20162,0,.67857963,1.2293333,.10775766,2.8635085,17.343864,.75693738,23.113493,11.156522,.56429356
008479,20163,1,.73400617,1.0413334,.11346769,2.7396131,18.400242,.88982415,15.066955,11.194248,.61942768
008479,20164,1,.67886835,1.0688889,.11372722,1.8958821,20.000813,1.9946684,15.526739,11.210427,5.557797
008479,20171,0,.60253382,1.5206451,.10747138,1.7779816,21.752621,.42763293,17.71771,11.213562,6.2080069
008479,20172,1,.4857232,1.3277419,.10045488,2.820884,21.426657,.75178903,25.19173,11.220191,6.3668737
008479,20173,0,.45639145,.95484841,.10178353,2.7864783,22.302223,.77459937,18.88426,11.25082,5.6572208
008479,20174,1,.46191752,.91062498,.1112597,-.90488511,23.295057,1.9053568,18.632587,11.270383,5.9954944
008479,20181,0,.28896058,.88085717,.082742959,1.682873,24.447397,.44108066,18.691629,11.287329,7.3766813
008479,20182,0,.33746257,.94093746,.091126353,2.2225749,25.168831,.72416866,25.373137,11.313095,9.2904882
008479,20183,0,.39133132,.86799997,.087354161,3.1728289,23.026508,.80400354,20.044029,11.273792,2.297209
008479,20184,0,.29003423,.77100003,.086456589,9.3084526,18.874947,2.3142111,15.565986,11.206835,-6.3547463
008479,20191,0,.54772782,.43714288,.11574116,1.8197507,14.153616,.56923556,9.1203365,11.259941,-2.7387836
008479,20192,0,.35913745,.18074074,.10357421,2.6965785,7.3556304,.96069753,21.983149,11.231438,-8.165803
008479,20193,1,.4789528,-.10000004,.095992997,2.7968674,4.9730968,1.0548186,8.9436617,11.226363,-4.742949
008479,20194,0,.47526318,-.08862067,.092960946,2.2803574,7.6287379,2.935024,9.7907906,11.25731,5.0475383
008479,20201,1,.41167364,.36241379,.099296205,1.7034388,7.3051801,.61619157,8.637372,11.271453,1.1511379
008479,20202,1,1.3648685,.61176473,.10505404,1.9350592,13.22212,.82763165,20.759439,11.351135,11.969818
008479,20203,0,.74647248,.60742855,.091134354,2.5590618,10.19045,.98966771,13.611594,11.402273,17.591043
008479,20204,1,.67895162,.60147059,.09240932,2.0045414,10.544213,2.3532991,11.350003,11.42999,17.267904
008479,20211,0,.49772304,.80294114,.086673118,1.8446373,10.278955,.50689858,12.760064,11.439472,16.802021
008479,20212,0,.52690279,1.3848485,.094319791,2.584846,7.2623434,.91423309,16.043049,11.421073,6.9937615
008479,20213,0,.39989915,1.3399999,.097298965,2.4073172,6.25318,1.0510365,11.158836,11.43372,3.144671
008479,20214,0,.43390805,1.2853334,.098098315,1.4176335,7.3455296,2.5189269,11.254025,11.443082,1.3092823
008479,20221,0,.5294379,1.3990909,.08686696,4.6126204,6.4821334,.56507576,13.121828,11.433633,-.58393538
008479,20222,0,.79848403,1.7865624,.10046884,1.5371872,7.4266901,1.0509671,13.935876,11.439946,1.8872787
008479,20223,1,.7202971,1.7566668,.10163042,2.9021621,6.1136594,1.1353018,10.745779,11.441462,.77417797
008479,20224,0,.7180559,.58199996,.10527436,.54837447,7.1373372,2.8064494,6.4981432,11.455942,1.2860098
008539,20131,0,1.6036146,1.2950001,1.2108582,-.0050920388,2.0610027,1.8420451,-3.4810214,11.271542,35.478176
008539,20132,0,1.5075017,1.4299999,.98041481,.62625414,1.175824,1.3688126,-2.6960313,11.267574,.78911817
008539,20133,0,1.5101213,1.65,1.1486331,.94108647,1.4090793,1.7457283,-3.4131436,11.269835,1.2653036
008539,20134,0,1.411299,1.9449999,1.2328477,.62138313,2.2482772,1.8930217,-3.1110108,11.285536,1.6555873
008539,20141,0,1.4844931,1.8100001,1.3848577,.11260698,2.222111,1.5226966,-3.4351766,11.288832,1.7289897
008539,20142,0,1.3061609,1.6899999,1.1052771,.65686822,1.4106307,1.6157446,-2.6328444,11.28311,1.5535057
008539,20143,0,1.1925559,1.585,1.03825,1.1858085,1.875538,1.9281342,-3.6291897,11.334469,6.4634151
008539,20144,0,1.7240134,2.99,1.1533946,.022283731,3.6134827,2.3022614,-2.4107666,11.353508,6.7972198
008539,20151,0,1.9809802,2.52,1.0037782,.79825836,2.4754071,2.0549681,-2.4779944,11.371523,8.2691717
008539,20152,0,1.7819849,2.3800001,1.1319543,.73005229,2.4281676,1.9178176,-3.5959034,11.378147,9.503788
008539,20153,0,1.5798258,2.2366664,1.2310539,.68103194,6.818995,2.150456,-.3916651,11.431856,9.7387972
008539,20154,0,1.7600473,2.0733333,1.4238585,.32587671,7.995543,2.2927003,-.93576014,11.462978,10.947104
008539,20161,0,1.5162998,1.4233333,1.4547297,.18137214,7.0315781,2.3085632,-1.8840313,11.465666,9.4142952
008539,20162,0,1.6555396,1.15,1.1042835,.23894328,1.0542141,2.046679,2.1586804,11.623948,24.580034
008539,20163,1,1.6020874,1.55,1.1333112,.43448192,1.6386175,1.6661052,1.9562751,11.633177,20.132017
008539,20164,0,1.4138145,1.505,1.2130704,.17811149,1.9365261,1.9077137,1.6925573,11.648636,18.56571
008539,20171,0,1.3244022,2.0899999,1.1153581,.86158878,.77281904,1.8397967,2.1233411,11.651853,18.618614
008539,20172,0,1.3178678,1.7725,1.1318523,.082003623,.73717839,1.4786278,2.3464589,11.67051,4.6562324
008539,20173,0,1.2276107,1.29125,1.1611265,.70108622,.6729061,1.4610944,2.6839077,11.670817,3.7641146
008539,20174,0,1.098109,1.245,1.1102457,1.5860153,1.285525,1.7117825,1.5416473,11.682441,3.3804634
008539,20181,0,1.0006846,1.0825,1.0845551,.50128537,.94687229,1.6109682,2.4838924,11.667362,1.5509542
008539,20182,0,1.1360255,1.0687499,1.1336325,.46146744,.85115105,1.6467552,4.9821286,11.670083,-.042719346
008539,20183,0,1.2712609,.95125002,1.0483196,.62516522,.7675972,1.4413769,3.7116318,11.672055,.12374497
008539,20184,0,1.1867712,.85625005,1.0421373,.12721263,1.8060844,1.7550319,3.3880444,11.690947,.85057545
008539,20191,0,1.5583838,.47000003,.98964268,.75794297,1.3337121,1.5651898,3.4556329,11.69246,2.509799
008539,20192,0,1.2539088,.25,.92090738,.39804924,.90712458,1.3972844,3.8592398,11.708435,3.8351634
008539,20193,0,1.2462596,-.0037500416,.96012181,.63571173,.81170434,1.3873812,4.5931282,11.708459,3.6404197
008539,20194,0,1.2546158,-.025714245,.96685386,.62898207,1.6229693,1.6205249,4.420939,11.717807,2.6861162
008539,20201,0,1.1217273,.43571427,1.0344886,.4656857,.7561391,1.613097,3.8707228,11.735885,4.3425193
008539,20202,0,2.8524826,.7411111,1.2693059,.41787979,1.5006778,1.4092414,4.8368335,11.733481,2.5046992
008539,20203,0,1.536662,.89250004,1.3170781,.39663374,1.9807937,1.4511571,.086596608,11.746518,3.8058882
008539,20204,0,1.5088896,.71874994,1.3365119,.28098023,1.833807,1.9112917,-1.8389165,11.757963,4.0156288
008539,20211,0,1.202068,.95749998,1.1217506,-.22348183,.8513962,1.6548481,-1.33425,11.770022,3.4137032
008539,20212,0,1.1532147,1.6437498,1.0531498,.30846155,1.7553846,1.4615384,-1.0142326,11.77529,4.1808057
008539,20213,0,.99605638,1.5324999,1.046921,.92970413,1.5124115,1.4915453,.81521571,11.770633,2.4114516
008539,20214,0,.97562599,1.3987501,1.014412,.29482511,2.5863175,1.5163511,2.3753614,11.795251,3.7287142
008539,20221,0,1.1086748,1.505,.8605445,.44882834,1.1840948,1.4449716,4.3183594,11.798203,2.8180113
008539,20222,0,1.594216,1.7900001,.50551111,.50162899,3.1349111,1.7098535,14.308607,11.437102,-33.818756
008539,20223,0,1.6483339,1.7375,.53311592,.73243403,1.9253482,1.8115824,13.056007,11.432745,-33.78875
008539,20224,0,1.5015736,.53499997,.66338801,.46225455,1.2733401,2.1058264,11.824995,11.445235,-35.001541
008549,20131,0,.90470117,1.2737501,.68906665,1.8259578,3.7270367,2.8947279,-7.4117794,11.671159,-26.853613
008549,20132,0,.97710741,1.5985714,.66834122,1.7405331,4.6230259,3.1456954,-2.0110176,11.676574,-32.420139
008549,20133,0,1.0453364,1.8742857,.66175944,2.1206188,3.4066715,3.5785441,-6.9558291,11.669477,2.5452218
008549,20134,0,.98862463,2.2328572,.6066376,2.0766535,3.2423179,3.5537741,-7.4138937,11.693245,3.7354052
008549,20141,0,.7676568,2.2185714,.6037786,1.7982838,5.5210619,3.2992537,-9.242259,11.678923,.77636117
008549,20142,0,.76411372,2.4449999,.61895579,1.7338054,6.4403253,3.5375965,-5.8727384,11.695456,1.8881576
008549,20143,0,.70063335,2.375,.52938139,2.2228067,5.2857423,3.7715375,-9.8733082,11.708887,3.9410789
008549,20144,0,.78907639,2.3699999,.59163618,-.032776967,4.8593955,3.6609347,-9.7918377,11.686761,-.64839005
008549,20151,0,1.2750266,1.8983334,.60696286,.23339826,4.3436103,2.8591287,-8.885911,11.665981,-1.2941577
008549,20152,1,1.1734606,1.7883334,.62624866,-.16266516,2.4208939,2.1873467,-6.1094046,11.608618,-8.683794
008549,20153,0,1.2169054,2.0799999,.64260483,-.95622438,3.4043729,1.9410195,-9.3329697,11.626281,-8.2605972
008549,20154,0,1.6271122,1.7749999,.73580855,-3.2562838,2.2775109,2.0170081,-8.6856127,11.570713,-11.604799
008549,20161,1,1.9463669,1.6850001,.66395545,-1.5069139,2.4291165,1.8679987,-7.9630466,11.487444,-17.853773
008549,20162,0,2.7790861,1.3733333,.76725024,-1.0727808,5.1816015,1.1348839,-2.3922265,11.511264,-9.7353306
008549,20163,0,1.7662332,1.1783334,.68367273,-1.0827243,4.3225689,.95363027,-5.9544296,11.472666,-15.361511
008549,20164,0,1.6922534,1.105,.65892351,-.037121885,4.586144,1.0595647,-5.8801117,11.454067,-11.664634
008549,20171,0,1.4312729,1.4549999,.56185281,.6527648,4.0769949,1.0760593,-5.8781834,11.405028,-8.2415142
008549,20172,0,1.2700824,1.28,.55230373,-3.9102907,3.8204904,1.1594467,-.16642213,11.384786,-12.647885
008549,20173,0,1.2094007,1.08,.53421015,.53843397,15.127429,1.3948003,-3.7069917,11.264515,-20.815042
008549,20174,0,1.4833578,1.5,.49710798,2.1092424,15.616943,2.0264223,-9.4093742,11.223389,-23.067844
008549,20181,0,1.2926298,1.2133332,.45253205,1.210436,13.763256,2.0923638,-6.3738289,11.203161,-20.186703
008549,20182,0,1.3422327,1.2266667,.43955597,2.3187752,9.9650774,2.8263605,-2.459307,11.166583,-21.820255
008549,20183,0,1.4419404,1.0566666,.38348883,2.6996055,8.7109785,2.3195426,-10.836644,11.140934,-12.358156
008549,20184,0,1.2322497,.92333329,.35672453,2.6475425,9.4634047,2.2917964,-11.027363,11.164162,-5.9226341
008549,20191,0,1.5724652,.56,.44335511,2.6193197,10.89597,2.3392398,-11.152342,11.155965,-4.7196603
008549,20192,0,1.3261037,.32333329,.43399745,2.209852,11.694034,2.4182494,-5.4255219,11.177424,1.0842083
008549,20193,0,1.3393009,.093333244,.4751327,4.2884607,12.061296,2.3505144,-10.139503,11.174105,3.3170655
008549,20194,0,1.3470638,-.0099999681,.55430412,1.0235997,14.417116,2.2675576,-9.9761534,11.161096,-.30660936
008549,20201,0,1.1055522,.52000004,.48827416,-2.466177,14.631137,2.3385427,-8.4613161,11.163567,.76017845
008549,20202,0,3.4264591,.84000003,.93730909,.39979702,12.735073,1.3470085,-5.8861656,11.08265,-9.4774637
008549,20203,1,1.8614111,.93000001,.69679761,-.71376455,12.611426,1.7955143,-15.507269,11.05162,-12.248457
008549,20204,0,1.6439734,.92333329,.8708781,-1.2223506,11.751667,1.6751904,-12.667725,11.053379,-10.771694
008549,20211,0,1.371402,1.2,.68935853,1.5682392,12.69603,1.916382,-12.102214,11.044808,-11.875849
008549,20212,0,1.0532938,2,.6042549,2.4984169,10.267286,1.5114765,-12.041762,11.33491,25.226051
008549,20213,0,.92612505,1.8599998,.54320079,2.7856164,12.594405,1.5245366,-12.304844,11.355137,30.35166
008549,20214,0,1.0297747,1.6633334,.48973227,3.0090261,13.770273,1.7834235,-11.462718,11.377151,32.377258
008549,20221,0,1.0925509,1.6966667,.48168311,6.3522353,7.4375973,3.4866149,-10.819358,11.414883,37.00745
008549,20222,0,1.2547729,1.9433334,.38263154,5.5139966,7.656364,2.109144,-8.2472515,11.443661,10.875051
008549,20223,0,1.3658086,1.7750001,.43642333,4.8317375,8.7317085,2.665087,-12.308854,11.447779,9.264225
008549,20224,0,1.3640022,.53857142,.38228557,3.4258778,10.989382,2.6708984,-13.272339,11.459915,8.2763348
008606,20131,0,3.1043942,.41,.083895549,.85886687,12.085244,.49414173,20.917814,8.9695282,-3.588979
008606,20132,0,2.5542498,.44999999,.055922691,-.12122993,12.439113,.45432666,22.698229,8.9380207,-5.6928453
008606,20133,0,2.187984,.71499997,.022377312,-.077482738,8.8524904,.41988158,19.340569,8.8725157,-2.9259179
008606,20134,0,2.0045335,.84000003,.0081223575,1.259998,10.910691,.4772073,18.900658,8.8748579,-1.7226322
008606,20141,0,1.4855726,.78500009,.052794721,.65960318,13.863495,.44506571,16.571003,8.8206558,-14.887174
008606,20142,0,1.5435706,1.4466667,.047131944,1.4215084,14.030385,.63647807,17.415249,8.7995615,-13.845892
008606,20143,0,1.3913701,2.0999999,.05729958,2.005569,15.613463,.74165225,15.391856,8.7942314,-7.8284235
008606,20144,0,1.4049268,2.1299999,.066219024,.97334433,14.92868,.92287761,17.731976,8.7678022,-10.705611
008606,20151,0,1.6431283,1.895,.028898599,1.2429204,17.134113,.67699784,18.389311,8.7773542,-4.3302331
008606,20152,0,1.6092837,1.75,.02576437,2.4841871,14.951084,.73700666,18.081764,8.7175913,-8.1970682
008606,20153,0,1.5680478,2,.073975056,1.4275625,12.79832,.65089506,17.027733,8.7410021,-5.3229628
008606,20154,0,2.1051795,1.42,.068092994,1.404788,12.216228,.59731859,19.881783,8.7228699,-4.493197
008606,20161,0,2.3092215,1.38,.094341412,.94514954,12.498295,.65951723,18.316841,8.7228184,-5.4535851
008606,20162,0,2.3880444,1.095,.083094098,.89230078,12.240356,.51375151,20.481638,8.7004843,-1.7106274
008606,20163,1,1.9347491,.91500002,.086652435,1.0985353,12.589441,.74071318,20.425997,8.6934261,-4.7575893
008606,20164,0,1.7971778,.90999997,.10680309,-1.3475747,16.238512,.72375637,22.35865,8.7417555,1.8885533
008606,20171,0,2.171304,1.0700001,.035491277,1.1158389,13.756239,.61537057,26.54627,8.6719952,-5.0823073
008606,20172,0,2.0303175,.91999996,.067067258,.85087085,13.631889,.70819193,23.318878,8.6564627,-4.4021597
008606,20173,0,1.6215023,.57499999,.086357147,.95005286,16.65102,.71125603,26.629993,8.7057199,1.2294374
008606,20174,0,2.4041343,.53499997,.13701917,1.3263913,25.693945,.75836772,29.521173,8.8219395,8.0184307
008606,20181,0,2.9793115,.65500003,.20250916,.89792722,15.841505,.64268351,25.271172,8.8066807,13.468586
008606,20182,0,2.3498673,.70000005,.22278796,.81642598,12.270964,.90351981,25.167953,8.7514143,9.4951029
008606,20183,0,3.4361794,.79666662,.26733658,1.2851001,11.935308,.64851314,25.254864,8.7398167,3.4096646
008606,20184,0,3.4249835,.72000009,.36202413,.84493655,13.783715,.86086506,22.888977,8.6850672,-13.687317
008606,20191,0,3.8499453,.31000006,.48238063,-.044517718,15.514281,.48140743,22.931889,8.6949883,-11.169253
008606,20192,0,3.1834643,-.016666714,.27019447,.40812814,15.574728,.56099755,26.821888,8.6666927,-8.472126
008606,20193,0,4.0338874,-.2833333,.41003233,-.054272439,14.424451,.58864325,26.577583,8.6583433,-8.1473551
008606,20194,0,3.377284,-.24333331,.35666883,3.1568506,11.646542,.75094372,24.785652,8.6300259,-5.5040669
008606,20201,0,4.2671957,.10499998,.81411296,-3.8135507,19.029449,.47152868,19.665892,8.6064672,-8.8521347
008606,20202,0,10.628181,.22999999,.87321585,-.068029985,14.923111,.6984058,23.670948,8.4956484,-17.104403
008606,20203,0,14.631372,.105,.70172644,.22260758,19.86088,.40719849,17.532164,8.540163,-11.818026
008606,20204,0,6.1196899,.019999996,.39023447,.374284,16.264015,.47977501,19.44595,8.5259609,-10.40652
008606,20211,0,4.6225715,.050000001,.32432649,-.60421789,18.015312,.83001649,16.426727,8.5602789,-4.6188083
008606,20212,0,3.0194387,.12,.21058571,.40184724,14.104462,.81711233,16.127211,8.5053596,.97108829
008606,20213,0,2.5042408,.16000001,.22072238,.18085909,16.244286,1.1410459,13.243845,8.5198488,-2.0314293
008606,20214,0,1.7153783,.19999999,.26180375,.025572125,15.000341,.87060261,13.413445,8.5080748,-1.78863
008606,20221,0,2.6725018,.43000001,.34187719,.4198738,15.0623,.65650022,14.447373,8.5089331,-5.1345553
008606,20222,0,1.9308202,1.1849999,.42151207,.090577438,13.243149,.66050923,14.242038,8.4736729,-3.1687093
008606,20223,0,4.766253,1.51,.49786261,.11730397,12.446919,.7131663,19.182985,8.4505386,-6.931015
008606,20224,0,4.6636047,.76000011,.65454733,.13707373,13.207954,.59451586,20.107952,8.4323215,-7.5753422
008762,20131,1,-.7496413,1.8890001,.36049724,1.8341279,4.7482901,.64115852,-4.0662379,11.848704,4.0791316
008762,20132,1,.72749543,1.6845454,.3208203,1.3476508,4.2233577,1.1370579,-3.4074411,11.843171,3.3071373
008762,20133,1,.081611566,2.1658332,.32176828,2.1735852,4.2703376,.5205977,-5.648181,11.844119,5.1715531
008762,20134,1,.45035225,2.9069998,.32993567,2.4290524,5.4575729,.66465896,1.7204537,11.857401,3.7815003
008762,20141,0,-.76445669,3.0662501,.31400254,1.8254074,5.9491911,.66047704,-3.8492157,11.87009,2.1384685
008762,20142,0,-.33681899,3.03,.31820795,1.8010154,6.8101988,.8666383,-3.5175502,11.871977,2.880537
008762,20143,0,-.3191455,2.8476925,.32675889,1.3793964,7.4071503,.56146288,-4.7827139,11.879415,3.5294585
008762,20144,1,-.69838071,2.7992857,.29234239,1.7165642,7.8490114,.60210007,2.8687611,11.836334,-2.1067131
008762,20151,0,.163665,2.1784616,.26171303,1.5800327,8.9907017,.60177743,-2.9741824,11.822342,-4.7747169
008762,20152,1,-.38206589,2.123889,.28380358,.3979013,10.050635,.97298694,-3.8940132,11.782472,-8.9505014
008762,20153,0,-.25032425,2.3906667,.29205972,2.0085719,8.9671421,.41082668,-5.3136349,11.771398,-10.801655
008762,20154,1,.33138028,2.1046154,.3208003,2.4801764,9.7520599,.53456074,.38931072,11.76962,-6.671433
008762,20161,1,.30309707,1.9154545,.28663579,2.1294224,11.055187,.61946833,-4.4943275,11.768676,-5.3666525
008762,20162,0,-.31811938,1.7236842,.26442772,1.5301,10.837751,1.0124855,-3.8580627,11.755935,-2.6537185
008762,20163,0,.51310158,1.2135714,.25382134,2.134722,10.498993,.53800654,-6.2952533,11.753013,-1.8384891
008762,20164,0,.43232021,1.1942858,.24345787,6.1026173,12.353247,.57732695,.041586161,11.767901,-.17188786
008762,20171,1,-.20760459,1.8505262,.23572263,2.1549478,11.495903,.68442237,-4.5781879,11.670211,-9.8464375
008762,20172,1,-.27866134,1.6131577,.2357167,1.8756721,12.13217,.97721249,-4.49017,11.679211,-7.672359
008762,20173,1,.42251596,.96066666,.24768494,2.3694832,12.571632,.94015247,-3.7159295,11.698625,-5.4388013
008762,20174,1,.098037332,1,.23914626,2.0309155,13.029605,.62514752,5.1634641,11.718727,-4.9173446
008762,20181,0,.074435517,.97571433,.22274543,1.9827232,14.811598,.71854961,.7207185,11.749135,7.892405
008762,20182,0,.40615657,.96899998,.27382457,1.5204754,12.490251,.72928143,-.26667416,11.731009,5.1797438
008762,20183,0,.27368793,.89045453,.26752308,2.7039135,10.01606,.91285604,-2.1623194,11.681064,-1.7561067
008762,20184,1,-.10064939,.77739131,.25339246,2.6967239,9.5010128,.59186083,3.4072785,11.682161,-3.6565735
008762,20191,0,.063907444,.46947369,.23677982,2.2193117,9.7965021,.60798627,-2.2460043,11.72551,-2.362582
008762,20192,1,.24419406,.14333333,.21215999,-4.307447,8.0732784,.66900623,-6.157239,11.709092,-2.1915834
008762,20193,0,-.052415818,-.075714327,.17097613,3.121769,8.9378338,.93748641,-6.0459943,11.653513,-2.7550423
008762,20194,0,.17297596,-.1422222,.14838529,3.2588682,8.1572533,.53043187,-5.5846334,11.644463,-3.7699413
008762,20201,1,-.56650388,.41391304,.14696424,2.6109216,5.6201501,.65429682,-7.9731493,11.623778,-10.173159
008762,20202,0,.8495236,.67423081,.16816755,2.3616736,12.9833,.55499321,-2.0727487,11.683174,-2.5917957
008762,20203,0,.50082046,.50714284,.15775003,3.5434961,13.405965,.70422536,-5.8315067,11.701063,4.7550254
008762,20204,0,.25649932,.58869559,.14025563,3.2143719,11.169401,.47289804,-3.066957,11.694405,4.9942632
008762,20211,0,.14750181,.80959994,.14005294,2.7216265,9.941555,.54615694,-10.601428,11.69618,7.2402043
008762,20212,1,.029189596,1.4573913,.13918428,2.4884825,8.5692511,.61141652,-11.203631,11.66803,-1.5144465
008762,20213,0,-.037211239,1.3975,.14053284,3.4465709,8.6231318,.91444755,-7.036963,11.689455,-1.1608125
008762,20214,1,.20787239,1.174,.13630609,3.5289004,8.6655693,.52310961,.66940188,11.692485,-.19201234
008762,20221,1,.017288137,1.4208333,.11258918,2.7632272,9.5078077,.61524016,-3.3430517,11.706978,1.0798025
008762,20222,1,.27202502,1.7154167,.1239244,2.5387425,7.092175,.57562578,-6.0648708,11.697054,2.9023745
008762,20223,0,.16710386,1.6786957,.13483967,3.360692,6.15487,.75933385,-6.8167982,11.671705,-1.7749869
008762,20224,0,.45832637,.53100002,.14578636,3.3822947,5.7704544,.60886467,.41132271,11.663774,-2.8711324
008823,20131,0,2.8575842,1.3516667,.31210962,1.2140932,21.927834,.079858527,.95897317,8.8149853,-2.2205124
008823,20132,0,3.1672399,1.7939999,.29018566,.54022014,24.61751,.083650529,-1.4275104,8.8159847,-1.7397044
008823,20133,0,3.1313426,2.0979998,.31671807,35.365593,19.824198,.1137119,-6.1202707,8.7721872,-7.4715891
008823,20134,0,3.1663857,2.4419999,.37188184,2.5311713,16.326897,.12129442,-14.287737,9.0703564,19.680714
008823,20141,0,3.0403216,2.45,.59738046,.85662669,18.926229,.2045421,10.786618,9.074995,26.000977
008823,20142,1,2.8713374,2.8724999,.64476043,.50147212,16.090193,.18147832,-12.885228,9.0301857,21.42013
008823,20143,0,2.9961042,2.4349999,.61189622,1.659849,15.028824,.10472006,-14.041354,9.0439711,27.178377
008823,20144,0,3.1354704,2.3800001,.72144777,2.5200574,14.473261,.080119379,-13.890203,9.0612192,-.91374946
008823,20151,0,3.4357057,2.0425,.61134326,.64147937,15.277831,.16940489,-9.7884912,9.055954,-1.9040942
008823,20152,0,3.2663982,1.9375,.58728653,1.2251928,12.667198,.10195315,-10.146568,9.0399418,.97558695
008823,20153,0,3.0145884,2.2899997,.63544762,1.3210049,5.853611,.13402867,-13.910757,9.0067492,-3.7222288
008823,20154,0,3.108814,2.1224999,.69698173,2.5907626,8.6358948,.12941997,-9.3703375,9.0826864,2.1467361
008823,20161,1,3.2626722,1.9724998,.78752148,.92894518,8.6474981,.10549606,-7.5136037,9.1013241,4.5370126
008823,20162,0,3.3029132,1.5416667,.7442807,1.1963249,10.343039,.11768196,-.73317885,9.1945648,15.462293
008823,20163,1,3.6679044,1.5039999,.72445959,1.351312,2.6892762,.099999413,-4.9950867,9.1597891,15.304062
008823,20164,0,3.0460014,1.2942857,.69025892,2.7672806,4.6719089,.088577949,-1.2628645,9.1974106,11.472404
008823,20171,0,3.084466,2.0666666,.7888099,.89916688,7.1058536,.098209895,.08276701,9.2280035,12.667916
008823,20172,0,2.852139,1.8366667,.62942749,1.0155315,4.2724619,.069510423,.61047375,9.2023907,.78256673
008823,20173,1,2.7057848,1.3150001,.57958853,1.809245,2.444288,.067829236,-.37013292,9.1914511,3.1661346
008823,20174,0,2.5404243,1.1433333,.53265291,.77637058,1.976649,.085275009,1.2211859,9.2074633,1.0052798
008823,20181,0,2.2075717,1.0533334,.45511344,1.7627459,3.1607215,.15927076,3.2014041,9.178504,-4.9499631
008823,20182,0,2.4849093,1.0899999,.50930721,3.3389325,1.9037654,.18164314,1.109457,9.1805401,-2.1850028
008823,20183,0,2.7192278,.95833337,.56405318,2.9497404,4.0946655,.13723087,.81306696,9.1917257,.027490703
008823,20184,0,2.8901846,.82666671,.68686831,2.363462,7.5485425,.12441473,.65308809,9.2158337,.83701217
008823,20191,0,3.5500302,.435,.6781522,1.6392155,11.144231,.15796754,1.2536436,9.2274904,4.8986249
008823,20192,0,3.0499709,.1483333,.63906854,2.3614488,10.589962,.1323068,-.4989177,9.2308617,5.0321732
008823,20193,0,2.7776756,-.13500005,.58159685,2.7051954,6.5303512,.13458423,-3.6453307,9.2198486,2.8122933
008823,20194,0,2.6251886,-.17166664,.52020752,3.271446,7.4883633,.14571562,-3.3014627,9.2364483,2.0614629
008823,20201,1,2.090615,.25833333,.52115744,1.90107,11.678827,.187941,-3.8182588,9.2794552,5.1965551
008823,20202,0,4.3963666,.46799996,.92278248,3.0518129,16.205833,.14537737,1.1671305,9.3434172,11.255493
008823,20203,0,3.6929364,.41399997,.64452636,3.7997677,15.492982,.092886925,-6.7535877,9.3018694,8.2020597
008823,20204,0,2.7841153,.40600002,.50586969,3.854907,18.602762,.10056295,-8.6083679,9.3382959,10.184779
008823,20211,0,1.6624792,.62399995,.57248902,2.4915574,21.565979,.12086356,-9.8929348,9.4096422,13.018616
008823,20212,0,1.5937719,1.2639999,.48284709,4.3981338,14.363893,.1467358,-15.331352,9.3453732,.19560885
008823,20213,0,1.3058432,1.2079999,.48168224,3.9360058,14.245317,.17039369,-16.026112,9.3994741,9.7604361
008823,20214,0,1.2089756,1.126,.59995037,5.2757945,12.922926,.16423197,-12.860361,9.4392157,10.091988
008823,20221,0,1.2562093,1.314,.52071464,3.4054935,13.731863,.22981238,-12.469652,9.4994688,8.9826946
008823,20222,0,1.8374804,1.682,.73417211,4.9561157,9.2057724,.24210285,-12.824128,9.4852591,13.988636
008823,20223,0,2.4104753,1.6700002,.82324535,4.5833035,5.3436937,.18998073,-13.621301,9.525176,12.570196
008823,20224,0,2.3905773,.49399999,.9430365,6.2077165,2.0503883,.16940799,-11.782929,9.5618305,12.261543
009063,20131,0,3.5018251,.63,.3516556,1.1522976,.96765232,.52339303,28.600782,8.8822527,15.014188
009063,20132,0,3.1139259,.72999996,.33834097,1.2496177,.643574,.46148285,27.788443,8.8810301,12.759584
009063,20133,0,2.91644,1.15,.35825691,1.2424526,.9351939,1.0948611,27.888594,8.9163723,14.277061
009063,20134,0,2.6298306,1.5800002,.31609839,1.48343,.92612684,.68069643,25.638395,8.9058237,11.662097
009063,20141,0,1.8652581,1.51,.33970842,1.2016528,.87438875,.62799311,26.323313,8.9764013,9.4148378
009063,20142,1,1.6455081,1.5899999,.32593966,1.2964877,.8935951,.67665291,25.594292,8.9546738,7.3643208
009063,20143,1,1.4417726,1.64,.29895473,1.3529651,.87021703,.63773566,25.757811,8.9710169,5.4644713
009063,20144,1,1.2028515,1.75,.33826333,1.4973633,.86608416,.73520917,25.801123,8.961071,5.524693
009063,20151,0,1.9504173,1.11,.30280778,1.3274283,.89765108,.79050446,28.18125,9.0359516,5.9550014
009063,20152,0,1.8059955,1.05,.30223885,1.3639865,.87811816,.81531078,25.144798,9.0405598,8.5886221
009063,20153,0,1.7044928,1.165,.31898147,1.3405887,.73873794,.59732562,26.656696,9.0869741,11.595765
009063,20154,0,1.7636157,1.4450001,.34543952,1.1015207,.72191966,.78857589,26.492954,9.0883312,12.725992
009063,20161,0,1.6555405,1.425,.35397571,1.0033165,.77524245,.62458807,29.198112,9.1651649,12.92139
009063,20162,0,2.0115476,1.0925001,.43538475,1.1202688,.47811475,.63415223,33.298237,9.2101002,16.95405
009063,20163,0,1.8184681,.90749997,.44681627,1.0962067,.55883044,.71003133,32.004387,9.1889429,10.196879
009063,20164,0,1.6471416,.79750001,.44492438,1.190255,.64209765,.58738518,30.200809,9.1785402,9.0209141
009063,20171,0,1.5518899,1.12,.47019902,.97514915,.64413518,.92842942,30.410305,9.2163229,5.1157279
009063,20172,0,1.2970283,.96249998,.57133389,.86894494,.5578289,.77679908,28.55537,9.2195673,.94673264
009063,20173,1,1.1900294,.78666669,.58618039,.96061957,.51725668,.5822832,29.735834,9.2251997,3.6256354
009063,20174,0,1.1765386,.62333333,.46154317,1.5198698,.53542012,.82874596,31.155964,9.2058105,2.7270067
009063,20181,0,1.2021182,.81200004,.50017565,.91223288,.6737088,.98817116,29.005653,9.2371283,2.0805905
009063,20182,0,1.2561015,.87399995,.57568568,.95496213,.57630402,.99214303,28.444729,9.232131,1.2563548
009063,20183,0,1.3718758,.80599999,.56677675,1.0885835,.52290887,.7804755,28.572342,9.2387915,1.3592339
009063,20184,0,1.3135688,.69200003,.70401096,.916026,.52669024,1.1620784,26.583546,9.222249,1.6439054
009063,20191,0,1.9046125,.33600006,.84667504,.86262673,.46319306,.56258261,28.001617,9.2747316,3.7603657
009063,20192,0,1.8772719,.029999945,.86623567,.92355895,.45444965,.57447571,29.234039,9.2978287,6.5697918
009063,20193,0,1.7224429,-.285,.77085596,.92995,.48506939,.59442025,27.709965,9.2779522,3.9160523
009063,20194,0,1.4867469,-.22999999,.67126465,1.508831,.4353317,.79412162,24.731144,9.25453,3.2280312
009063,20201,1,1.2485529,.15249996,.73094112,-2.203295,.4030996,.40025419,23.094261,9.2632456,-1.148614
009063,20202,0,3.2925532,.39333335,1.1066102,2.6515296,3.8957961,.31367269,28.416956,9.2641087,-3.3720534
009063,20203,0,2.7671111,.2775,.9730469,1.9325819,2.724242,.40006348,13.693589,9.1536112,-12.434101
009063,20204,0,1.8352267,.26250002,.72569102,1.5831878,3.6638,.44830865,13.681543,9.1663151,-8.8214149
009063,20211,0,1.365959,.43499997,.52539927,2.4213123,5.7619953,.41771176,15.553251,9.1989965,-6.4249597
009063,20212,0,.95187211,.98749995,.41314858,4.1521444,3.7777178,.80820072,9.379405,9.1342688,-12.983966
009063,20213,1,.92511338,.80999994,.37428364,4.3157144,.71232551,.53812194,9.1930752,9.0337229,-11.988876
009063,20214,0,.99077207,.88666666,.27094063,4.7551193,.88567322,.66824722,17.31101,9.004631,-16.168388
009063,20221,1,1.0449353,1.1583334,.31008935,4.0487051,.67757952,.63285476,20.383606,9.0986938,-10.03028
009063,20222,0,1.5602784,1.6433334,.38432941,4.0212011,6.5003901,1.1081545,21.09053,9.1439762,.97072506
009063,20223,0,2.0122511,1.62,.35672852,3.7883427,3.6164384,.81547147,23.022102,9.1385756,10.485329
009063,20224,1,1.8953016,.56333333,.39578542,3.0418575,4.7051077,.98562974,23.159012,9.1500912,14.545986
009203,20131,0,.80340153,.63,.16774645,3.079967,22.837982,.58482605,-7.4125962,8.6501665,7.8656015
009203,20132,0,1.4833283,1.7633333,.16736974,3.5612512,23.264393,.55770206,-18.851561,8.6517067,5.11654
009203,20133,0,1.5400242,2.0849998,.17291853,3.7305288,24.205984,1.0274981,-18.8538,8.6606522,6.9762988
009203,20134,0,1.2642752,2.6266665,.1743512,3.3894534,26.924,.60910922,-18.747782,8.6732731,3.6254854
009203,20141,0,.92020613,2.5350001,.16387828,3.0349448,27.110826,.38210341,-7.9442682,8.689599,3.9432154
009203,20142,0,.95093179,2.4449999,.15910745,3.2428834,28.021631,.61869729,-18.671509,8.7255239,7.3816962
009203,20143,0,1.3447703,2.0266666,.15708192,4.0471272,28.469837,.7257815,-20.184927,8.7234106,6.2757654
009203,20144,0,1.2526132,2.0166667,.1754594,3.4384782,29.212618,.64210612,-19.45298,8.737051,6.3777914
009203,20151,1,1.4582368,1.77,.17032769,3.3215091,30.840052,.29022896,-3.2365336,8.7326269,4.3028016
009203,20152,0,1.3925012,1.85,.16336574,3.2817428,32.444824,.40126112,-14.395288,8.7451572,1.9633539
009203,20153,0,.79105467,1.5566666,.15238388,3.1421213,33.681416,.61968315,-15.602866,8.7650681,4.1658087
009203,20154,0,1.1859823,1.812,.16584684,2.8963106,33.556606,.62766403,-15.792972,8.7647877,2.7736022
009203,20161,0,.91845465,1.5599999,.1653865,2.6169448,34.577938,.19315544,-1.2238413,8.767127,3.4499567
009203,20162,0,.93456489,1.22,.14820695,2.9206681,35.321732,.40981099,-10.537079,8.7856312,4.0474172
009203,20163,0,1.1523954,1.1339999,.14182739,2.7014017,35.484341,.5469901,-11.8305,8.8328362,6.7767324
009203,20164,0,1.2654264,1.2225,.12571068,3.0234325,34.208305,.55483586,-10.996899,8.8680191,10.323169
009203,20171,0,1.1368984,1.7449999,.11847631,2.6711586,34.994293,.39468306,-1.1488169,8.8670473,9.9920254
009203,20172,0,1.0244656,1.535,.1097566,3.0700636,35.859875,.4260439,-12.658474,8.8629084,7.7277012
009203,20173,0,1.1991942,1.232,.10437974,2.8355622,36.235882,.61257017,-14.754579,8.8839865,5.1151066
009203,20174,0,1.040705,.87333333,.11644226,-3.3008921,35.403606,.47614393,-14.263784,8.876503,.84835988
009203,20181,0,.82368755,.82000011,.085530333,3.1765542,36.982971,.30871528,-.44035614,8.8760834,.9036755
009203,20182,0,.95727611,.98000002,.087474711,3.0490053,31.43116,.34389585,-23.763874,8.7816477,-8.1260719
009203,20183,0,1.2318192,.94999999,.069182694,5.9253802,25.501919,.80341238,-20.772652,8.6720753,-21.191174
009203,20184,0,1.1523887,.80599999,.070034072,1.2823379,14.527308,.67071223,-14.70193,8.7422552,-13.424776
009203,20191,1,1.1253912,.41750005,.070168667,5.8294306,12.695016,.65538973,2.3373723,8.6886892,-18.739397
009203,20192,0,1.1103253,.25799996,.063708603,4.1795912,14.425506,.44450128,-8.1729383,8.7410088,-4.0639062
009203,20193,0,1.0421184,.0099999476,.059640311,.13151912,14.830812,.39130998,-4.7287521,8.7256374,5.3562202
009203,20194,0,.89892048,-.069999948,.020961557,5.0826111,17.307379,.60526747,-4.8844905,8.718173,-2.4081972
009203,20201,0,.79363334,.43199998,.030585827,1.8599024,13.039012,.27574953,3.7539184,8.8689623,18.027241
009203,20202,0,1.9464303,.65750003,.035406854,4.7675481,9.6371088,.52956086,-6.5286694,8.80476,6.375174
009203,20203,0,1.4115059,.79750001,.031231618,3.584146,12.421038,.30015692,-7.5432806,8.899663,17.402534
009203,20204,0,1.2668967,.70199996,.040161621,8.1668892,9.7072144,.37303674,-12.975913,8.8907824,17.260935
009203,20211,0,1.0422754,.99666661,.05345808,5.078938,8.9474974,.30596009,-4.4258504,9.0083466,13.938446
009203,20212,0,.82668757,1.84,.058938414,3.261719,7.807447,.29455259,-14.502129,9.0261412,22.138081
009203,20213,1,.73274279,1.4640001,.068360738,.91565478,10.746405,.50973392,-15.707093,9.056385,15.67221
009203,20214,0,.7786575,1.2111112,.070042796,2.2566719,6.1934667,.34667712,-3.0714364,9.2781487,38.736626
009203,20221,0,.65645689,1.3012501,.061893493,.50170803,5.1120234,.41793492,8.5685759,9.2820377,27.369101
009203,20222,0,1.1965373,1.7088888,.080895275,2.7800848,4.2741823,.17078064,-1.8406153,9.2794466,25.330553
009203,20223,0,1.2033311,1.6655557,.10319271,3.1379919,4.608376,.37778127,-1.5568674,9.2872925,23.090748
009203,20224,0,1.139233,.54428566,.11135578,3.5692043,4.7580099,.22493424,-.072094798,9.2834702,.53214663
009667,20131,0,1.282957,1.3199999,.11297686,1.8635108,13.835226,.50093532,-11.658648,8.7378922,17.586815
009667,20132,0,1.1905117,1.4599999,.10388491,4.1725235,9.9563427,.663194,-7.7772675,8.726841,12.220166
009667,20133,0,1.2649462,1.7574999,.10250487,4.1033912,11.564072,.56758958,-15.331912,8.7653809,13.016049
009667,20134,0,1.1106908,2.0599999,.099945053,1.677693,14.963516,.84055859,-11.758694,8.8424006,20.737717
009667,20141,0,.93830079,2.0550001,.095432788,1.80896,11.67079,.46007001,-12.553659,8.7613163,2.3424571
009667,20142,0,.83673245,2.6099999,.08375895,4.7089415,5.9210157,.60598862,-8.298233,8.7305651,.37238687
009667,20143,1,.68887472,2.5266669,.073958941,5.1449299,4.2138147,1.0886768,-16.203133,8.7547922,-1.0589373
009667,20144,0,1.1375966,2.0999999,.063131526,2.1013596,4.1371822,1.0233014,-13.752863,8.7510004,-9.1400023
009667,20151,0,1.498535,1.8633332,.039462104,2.3028882,.71383858,.75188589,-8.0782356,8.6492825,-11.20336
009667,20152,1,1.3670204,1.74,.017378267,5.9723854,1.0925119,.76185519,2.9204845,8.6757765,-5.478827
009667,20153,1,1.2889717,2.0333333,.029551333,6.104507,1.2236693,1.1483595,-9.84025,8.7217102,-3.3081179
009667,20154,1,1.4188203,2.1700001,.047008876,3.2451041,1.491784,1.2512243,-10.14514,8.7163754,-3.4624848
009667,20161,0,1.2729274,2.05,.035910018,2.8466873,3.552299,.89779526,-6.3300223,8.6642075,1.4925255
009667,20162,0,1.3923895,1.7140001,.038130321,6.2610908,1.1683403,1.0281355,-5.8326273,8.7058792,3.0102396
009667,20163,0,1.299206,1.5475,.045894366,5.801856,6.0407367,.88543147,-17.777285,8.8047266,8.3016214
009667,20164,0,1.4851899,1.42,.062623434,2.9349051,10.156003,.9529804,-15.236592,8.8418493,12.547324
009667,20171,0,1.2208033,1.9039999,.075233661,3.5416701,13.177197,.61427426,-12.648088,8.8176708,15.346329
009667,20172,0,1.3970772,2.04,.071488194,4.5659671,14.563201,.60318476,-9.9358349,8.8520784,14.61996
009667,20173,0,1.1674681,1.2255555,.14865309,1.5282131,1.0138774,.28850633,11.222399,9.9387293,113.40023
009667,20174,0,1.147669,1.1042857,.16002785,4.1053562,1.0006758,.38191679,17.380629,9.9417295,109.98808
009667,20181,0,1.0000334,1.0292308,.13369288,1.2532401,1.0231918,.21170506,17.115234,9.9014063,108.37356
009667,20182,0,1.135011,1.0238461,.14051121,1.9815899,.77874827,.2924878,24.79307,9.9217052,106.9626
009667,20183,0,1.2762693,.93000001,.13448527,1.7565453,.76891619,.31931958,15.67823,9.9111948,-2.753473
009667,20184,1,1.1913497,.81750005,.092897132,.50542784,.90843177,.42427453,12.564241,9.9025221,-3.9207871
009667,20191,1,1.7183542,.45153847,.097341731,1.2816632,.81270373,.26841879,12.067339,9.8592367,-4.2170024
009667,20192,0,1.4091436,.18999998,.08661259,2.2469757,.45031303,.36504295,22.14888,9.950449,2.8744524
009667,20193,0,1.3543679,-.0741667,.087924652,2.7208264,.68713331,.45759171,15.350756,9.9611025,4.9907904
009667,20194,0,1.3067955,-.0928571,.079041407,1.1916121,.9089433,.49881762,14.299232,9.945797,4.3274827
009667,20201,1,.99365276,.3230769,.074919239,1.5695592,.78941464,.52009642,12.743157,9.9279947,6.8758063
009667,20202,0,2.6132631,.61874998,.078192249,2.8968952,1.1594386,.17355119,22.056383,9.9316034,-1.884586
009667,20203,0,1.5188888,.61374998,.073687635,3.443851,.91780722,.25128692,11.775843,9.9279118,-3.3190448
009667,20204,0,1.1948394,.58562499,.066261366,1.9558188,2.9788992,.52859962,7.363862,9.9431744,-.26222095
009667,20211,0,.94953233,.75812501,.051887542,2.0076857,1.1106972,.31517136,7.2728486,9.9233685,-.4626174
009667,20212,0,.95589793,1.3893334,.046367444,3.1739664,1.540005,.42622951,14.259505,9.925004,-.65991712
009667,20213,0,.77749217,1.4021429,.039048214,2.4474161,1.0701963,.47125673,10.446387,9.9291363,.12239695
009667,20214,1,.77180791,1.2521429,.035868037,1.466007,1.5108552,.5974943,10.970649,9.9396553,-.35189694
009667,20221,0,.87216312,1.426875,.025788717,1.7941906,.80177289,.51435405,14.020586,9.9362793,1.291038
009667,20222,0,1.3910636,1.7850001,.033960603,2.6594081,1.8458012,.59593934,17.897394,9.9864674,6.1463084
009667,20223,1,1.4091308,1.7253333,.037976898,3.1066351,1.4175071,.79309654,16.196239,10.001195,7.205905
009667,20224,1,1.3038237,.60666662,.047358353,1.7365075,.5866276,1.050985,16.296206,10.009909,7.0252972
009777,20131,0,.83129573,1.65,.65605474,1.6777903,2.2152624,.52325928,-10.880762,9.1257353,-.28979316
009777,20132,0,.78831601,1.84,.65114462,1.4189411,4.777791,.65285319,-10.079969,9.125268,-.55829769
009777,20133,0,.80661547,1.6999999,.55417854,1.401714,2.8388581,.40191323,-10.012741,9.1085072,-.91945195
009777,20134,0,.84689558,2.54,.5077492,1.6980484,1.7434331,.52136952,-4.3191953,9.1087399,-2.4947715
009777,20141,0,.73091263,2.5699999,.5275569,1.8029418,1.627731,.70841444,-9.1200571,9.1319466,.62107897
009777,20142,0,.39841887,2.8199999,.6126945,1.3182778,1.8756257,1.4528869,-10.152246,9.1037569,-2.1510665
009777,20143,0,.34535971,2.6800001,.60354209,1.2786455,1.6920007,.5401175,-8.1513481,9.1129589,.44520864
009777,20144,0,1.2177579,1.67,.60126555,1.7113143,1.6151001,.69944429,-2.7106047,9.1324005,2.3661005
009777,20151,0,1.0837461,1.53,.58487284,1.7236577,1.128037,.51848996,-6.8604679,9.1415043,.95583266
009777,20152,1,1.146731,1.3399999,.59508169,-.99278772,1.2280663,.94111443,-8.7696228,9.1155462,1.1789173
009777,20153,0,1.143369,1.33,.68920547,.80793238,.74396122,.31393269,4.3237867,9.7340384,62.107975
009777,20154,0,1.3729119,1.6,.72216696,1.0502195,.79721212,.38428491,8.4371452,9.726655,59.425442
009777,20161,0,1.3740666,1.7328571,.69126308,1.1099265,.83259457,.25996119,3.5749106,9.7228527,58.134796
009777,20162,0,1.3303097,1.582857,.63733101,1.1731106,.86294264,.24936277,.30233562,9.6977844,58.223873
009777,20163,0,1.1075022,1.3685714,.60791677,1.0635569,.68693262,.31406212,1.2087733,9.6793499,-5.4689026
009777,20164,0,1.0004057,1.0471429,.52044123,1.1038613,.78073442,.21043718,5.8600454,9.6841993,-4.2455845
009777,20171,0,1.0294887,1.1657143,.61654961,.83820105,.8587513,.32755849,-.32832623,9.6839752,-3.8877671
009777,20172,0,.97689295,1.5014285,.59985232,.69821715,.98028678,.35290322,-.83535016,9.6685057,-2.9279323
009777,20173,0,.96008211,1.3316667,.6111117,.81075728,1.3337852,.44502133,1.5136749,9.657568,-2.1781926
009777,20174,0,.82341182,1.09,.65842265,1.2441182,1.237725,.38614976,5.8853416,9.6576891,-2.650975
009777,20181,0,.85741097,1.1,.76446432,5.29423,1.2635334,.51139987,1.4038652,9.6615438,-2.2431531
009777,20182,0,.67379123,1.0137501,.63719392,1.2127182,1.2942619,.72802234,.91640651,9.6375151,-3.0990665
009777,20183,1,.90596348,.96000004,.60802323,.86921287,1.3299611,.66203958,2.4240227,9.6356869,-2.1881297
009777,20184,0,1.1005741,.79124999,.75150543,1.0763433,1.293896,.44424143,10.711008,9.7706985,11.300943
009777,20191,0,1.0572976,.72249997,.77558625,.70687425,1.1051462,.51297873,3.2597721,9.7511635,8.9620161
009777,20192,0,1.399977,.32142857,.79383528,.42238709,1.4189844,.54703557,2.901134,9.736701,9.9185925
009777,20193,0,1.1574314,.15999997,.67167807,.9251225,.84972447,.43683016,2.107522,9.7238407,8.8153887
009777,20194,0,1.0877151,-.01666669,.74092293,1.2577717,.4085376,.37756974,6.7244201,9.7286339,-4.20647
009777,20201,0,.99615914,.105,.78596371,1.1160741,.3418498,.33648977,2.0864158,9.7285986,-2.2565229
009777,20202,0,.86379528,.255,.80683112,1.3602866,.60169989,.45923948,1.1164457,9.7193365,-1.7364383
009777,20203,0,1.8814396,.5025,.72820681,1.3965493,2.5591617,.45137414,2.1119328,9.7392263,1.5385512
009777,20204,0,1.1780659,.4325,.77731407,1.3654946,2.4387214,.31001699,3.9413242,9.7352047,.6570946
009777,20211,0,1.033094,.57875001,.77131188,1.5446228,2.4861634,.41170251,-2.6513577,9.736825,.82264477
009777,20212,0,.87988281,.86428571,.71636879,.89473754,3.08654,.65735817,-3.5641134,9.7068281,-1.2508631
009777,20213,0,.95496261,1.5633334,.66000116,.94508791,2.1192322,.41758269,-4.2005959,9.6979504,-4.1275339
009777,20214,1,.86298686,1.2783334,.67012399,1.2706872,1.0449244,.36516836,1.2137413,9.6934881,-4.1716504
009777,20221,0,.92193091,1.495,.72395474,.42916605,.97593713,.72225511,-3.7409842,9.695282,-4.1542878
009777,20222,0,1.0129458,1.625,.63027489,1.2657832,1.8094248,1.0835254,-3.8874598,9.6782417,-2.8585899
009777,20223,0,1.3746955,2.0350001,.63738489,.6838991,1.3983183,.54998446,-4.1946769,9.6837759,-1.4174985
009777,20224,0,1.5825868,.83249992,.67172801,1.1740708,1.1918879,.62727702,2.2767544,9.6974897,.40014336
009778,20131,0,1.5615188,.97000003,.39801231,2.1218255,5.4967585,.37670091,-10.40639,8.2693214,6.0584583
009778,20132,0,1.4426817,1.11,.38158911,2.2648084,5.4724326,.42785412,-4.1268082,8.2695522,5.0791807
009778,20133,0,1.2902488,1.5166667,.3600502,2.1355548,4.409946,.48718917,-11.12068,8.2843781,5.7082686
009778,20134,0,1.0940367,2.1850002,.34228805,2.304316,4.4501343,.48524752,-11.828833,8.3189859,5.7485504
009778,20141,0,.7001074,2.1700001,.33286813,2.3333333,5.294404,.44525546,-10.784413,8.3211784,5.1856904
009778,20142,0,.19668977,1.5899999,.3315278,2.5852196,3.1139591,.55310547,-7.4839845,8.3197422,5.0189743
009778,20143,0,.086321056,1.64,.32536104,2.4525223,2.7386892,.52739871,-14.301862,8.349555,6.5177279
009778,20144,0,.96267235,1.15,.32355276,2.7222679,2.921401,.4052946,-13.744509,8.3590174,4.0031629
009778,20151,0,1.188043,1.11,.27865428,2.5637455,3.0834551,.41994387,-13.429731,8.3687162,4.7538075
009778,20152,0,.88584471,1.1966666,.25432464,2.8153152,2.683934,.64986867,-7.6724753,8.3575878,3.784591
009778,20153,0,.86199081,1.3299999,.24665748,2.6601682,2.8378162,.42134508,-15.619187,8.3872442,3.7688646
009778,20154,0,.92306918,.8366667,.26783267,2.9255912,2.6539609,.35846284,-15.804893,8.4099197,5.090198
009778,20161,0,.98407733,.84750003,.24257284,2.8594353,2.0682433,.43459851,-16.610271,8.4089174,4.0200934
009778,20162,0,1.0080993,.75666666,.27688488,3.1579659,2.3960869,.46434048,-10.900768,8.3975983,4.0010853
009778,20163,0,.76399684,.60666662,.27989662,2.9233537,2.6614282,.36625159,-17.39398,8.4129658,2.5721421
009778,20164,1,.78640449,.38999999,.30178201,3.1803656,2.5542922,.38477427,-17.592888,8.4338331,2.3913584
009778,20171,1,.68820083,.83333337,.26474294,2.9979675,1.642954,.3938008,-14.679516,8.4602423,5.1324496
009778,20172,0,.8728537,1.1933333,.28178069,3.1407602,2.5216286,.32391652,-9.8890009,8.4924498,9.4851065
009778,20173,1,.45380023,1,.31133881,2.6326694,1.7564287,.45193502,-14.484419,8.5305243,11.755857
009778,20174,0,.54987335,.72999996,.33897433,2.463757,1.7902666,.46992126,-12.488275,8.5671635,13.333029
009778,20181,0,.34746492,.77333337,.29953745,3.1052942,1.7526815,.34291592,-12.557576,8.5658121,10.55701
009778,20182,0,.72862536,1.0366666,.36860755,3.3605385,1.8335339,.38739282,-9.3228521,8.5787773,8.6327772
009778,20183,0,.81885189,.93000001,.33956876,3.0955994,2.1301215,.5671472,-14.379051,8.5701647,3.9641135
009778,20184,1,.74641955,.84333336,.30530909,3.268096,2.2820647,.41831625,-14.385215,8.5857487,1.8585023
009778,20191,0,1.005748,.51999998,.38558537,3.3109379,2.6223223,.37594688,-14.462885,8.58916,2.3348389
009778,20192,0,.74207783,.25333336,.36794874,3.2854359,2.8483491,.50993466,-8.057724,8.6108475,3.2070105
009778,20193,0,.8187955,-.020000067,.35905609,2.968226,2.957406,.53377575,-14.41717,8.6207237,5.0558958
009778,20194,0,.77764106,-.096666634,.38207373,3.0483882,2.9929955,.3859624,-13.780538,8.629879,4.4130182
009778,20201,0,.63089633,.32333332,.36945781,2.4097655,3.2405372,.3020989,-14.476397,8.6470804,5.7920151
009778,20202,0,2.0119545,.50333333,.5591796,1.8187374,3.3391442,.2120662,-8.2215519,8.6241264,1.3279015
009778,20203,0,1.4129559,.71499997,.46335477,2.9393964,11.224339,.16520815,-11.305817,8.718255,9.7530689
009778,20204,0,1.2955734,.92666662,.45078462,3.3330142,12.564617,.42280936,-14.268234,8.7431488,11.326997
009778,20211,0,.79166311,1.1533333,.41227135,2.9371846,14.082016,.29432845,-14.446348,8.7883339,14.125376
009778,20212,0,.80156159,1.8033333,.30875668,3.1168053,13.555106,.27421892,-9.2121286,8.8058996,18.177328
009778,20213,0,.75719929,1.6800001,.33146313,2.8888628,14.22198,.23852997,-16.600981,8.8234415,10.518711
009778,20214,0,.69508982,1.5400001,.35883778,3.3992312,11.176283,.24768648,-17.38133,8.7919264,4.8778009
009778,20221,0,.76377898,1.5833333,.36311933,3.2161191,11.538974,.29882985,-17.382809,8.8187342,3.0399578
009778,20222,0,1.0070148,1.87,.39181405,3.3574083,12.488398,.30891052,-11.191504,8.8385811,3.268106
009778,20223,0,1.0879258,1.74,.41031623,3.2618039,11.842431,.29136255,-16.283157,8.8340893,1.0647513
009778,20224,0,.92841899,.47666663,.40186426,3.4949894,11.108186,.33208984,-16.348251,8.8298845,3.7958107
009815,20131,0,1.6930578,2.23,.50398898,1.1527358,8.9338646,1.3299363,-2.6096165,8.3371248,4.6538548
009815,20132,0,1.499249,2.47,.42869362,1.3924108,4.1388946,1.099966,-.97296238,8.2812481,-2.0874658
009815,20133,1,1.556257,2.8000002,.43576398,1.5477047,4.5329504,1.1359608,-7.1365504,8.2831974,-1.7061601
009815,20134,0,1.486487,3.28,.40613565,1.3387442,7.0323319,.69732273,-7.3949127,8.3161421,.81155348
009815,20141,1,1.1757424,3.325,.40565661,1.2670096,5.4674816,.94783211,-9.528142,8.2888594,-4.8265753
009815,20142,1,1.1832405,3.1199999,.41209334,1.49282,4.8088355,1.2101793,-4.4133797,8.2891169,.78686911
009815,20143,0,1.5650272,2.51,.38942909,1.6602092,4.9463363,1.2231152,-9.1744537,8.3037395,2.0542068
009815,20144,1,2.4547462,2.4950001,.43354943,1.2216284,5.7701411,1.0413396,-9.2496548,8.2972956,-1.8847167
009815,20151,1,2.1431527,2.0066667,.34098482,2.0453463,3.8429048,.97651088,-4.0178804,8.3413887,5.253005
009815,20152,0,1.6483722,2.0450001,.32471487,1.5565033,4.8548765,1.106324,.85812211,8.3275156,3.8398602
009815,20153,0,1.793568,2.375,.34839776,1.0442067,5.1783514,1.2877456,-4.2517366,8.3441458,4.0406065
009815,20154,0,1.933619,2.1299999,.38902634,1.3628576,4.7019958,1.2501348,-5.4181547,8.3220625,2.476722
009815,20161,1,2.1259398,1.925,.36770362,1.4902983,4.5378556,1.3851063,-6.8892536,8.2991037,-4.2284894
009815,20162,0,2.0987947,1.54,.31880701,1.3896228,3.7632861,1.0644503,-2.1968007,8.3059797,-2.15364
009815,20163,1,2.0533774,1.3249999,.31103662,1.6493579,2.7175629,1.0920644,-9.2079077,8.2852297,-5.8915997
009815,20164,0,1.8966045,1.3100001,.29571748,2.5929468,3.9391537,1.1044,-10.180336,8.3051252,-1.6937259
009815,20171,1,1.7024626,1.89,.29113242,1.3696207,6.5565305,1.2860667,-10.050622,8.2746639,-2.4440403
009815,20172,0,.95265704,1.27,.30152059,1.0291368,5.0780296,1.1541605,-.17783642,8.3405523,3.4573219
009815,20173,1,1.8669751,1.5599999,.32247674,1.6961648,4.8358588,1.069689,-5.5147409,8.3646812,7.9451346
009815,20174,0,1.282141,1.135,.34689882,.12418954,5.4251242,.96670884,-4.1327386,8.427187,12.206175
009815,20181,1,1.2435839,1.0699999,.31968665,1.6248252,5.5929704,.90747112,-2.7930081,8.4245777,14.991431
009815,20182,1,.7327919,.93000007,.36665627,1.9215705,6.5601864,1.0206597,1.0008186,8.445282,10.472961
009815,20183,1,1.308638,.85499996,.33927807,1.5664179,4.2762785,1.0073183,-3.1184225,8.4387922,7.4110999
009815,20184,0,1.3120469,.79499996,.32797053,1.6673986,5.3754816,1.2268403,-5.099493,8.4464779,1.9290471
009815,20191,0,1.5943941,.46000007,.32879832,1.6071465,2.6265936,.91976273,-4.9019485,8.4302101,.56325442
009815,20192,1,1.4969624,.20500003,.29034239,1.6423947,2.515995,1.2165325,4.7936292,8.5054255,6.0142736
009815,20193,0,1.0496517,-.36000007,.28749928,1.8615471,1.9470984,.90464914,1.8336773,8.5062466,6.745409
009815,20194,0,1.5958732,-.080000006,.31518301,.9004696,2.3234839,.98115271,1.6325742,8.5144243,6.7947006
009815,20201,1,1.3468362,.34500003,.28929362,1.5692638,2.8340774,.66034126,3.5354376,8.5421371,11.192675
009815,20202,1,4.2396164,.39000002,.37654757,1.101546,2.460727,.84925854,8.1354351,8.519618,1.4192632
009815,20203,0,1.9641211,.56666666,.34502244,1.4541041,14.938019,.7013588,6.3949137,8.6550159,14.876957
009815,20204,0,1.0333918,.29500002,.36313531,-.20186462,13.571137,1.3431053,3.2758741,8.6599474,14.552296
009815,20211,0,1.3695322,1.11,.31769043,1.3699725,10.703436,.74942315,-.62068701,8.5711622,2.9024827
009815,20212,0,1.3591608,1.895,.29766464,-6.3262038,11.12592,1.1439663,1.6343802,8.5718231,5.2205763
009815,20213,0,1.1878976,1.7649999,.24723162,2.2254519,5.2768679,1.1340113,-.63353181,8.5160007,-13.901499
009815,20214,0,.96841055,1.5799999,.31403023,1.3229444,3.2488756,2.0187609,-8.8853035,8.5021105,-15.783751
009815,20221,1,1.0332265,1.625,.32381591,2.2733622,3.3701968,1.3306501,1.4625371,8.5317335,-3.9428153
009815,20222,1,1.3981688,1.7179999,.31421018,1.8929303,2.1785116,1.1703587,19.719353,8.8473577,27.553474
009815,20223,0,1.7288275,1.7,.34844789,1.7487493,2.5036948,1.2569551,14.59642,8.8521662,33.616486
009815,20224,1,1.41152,.51999998,.34605438,1.3934623,2.6124892,1.3188313,13.841382,8.8501806,34.807022
009846,20131,1,1.13905,.63,.65154791,.67126185,.38293463,2.2052531,-7.1696877,10.70086,-7.8908854
009846,20132,0,.96903902,.72999996,.59341949,-.15723619,.25467834,1.893478,-4.9508972,10.717856,-8.9525471
009846,20133,0,1.110055,1.15,.59052742,1.026051,.32869166,2.0587647,-5.3253174,10.715017,-9.2445173
009846,20134,0,.69345951,1.5800002,.65709966,.69810271,1.3062658,1.7945094,-5.9153318,10.751456,-7.9162693
009846,20141,0,.51726371,1.51,.66463155,.43304893,.31299576,2.0151782,-5.5312872,10.750342,4.9482851
009846,20142,1,.018351015,1.5899999,.54071313,1.1943952,.31442559,1.9329789,-5.9511824,10.766125,4.8268018
009846,20143,0,1.1506697,.41,.55443233,1.0396202,.38883433,2.0464964,-4.9339933,10.796796,8.1778612
009846,20144,0,1.115832,.55000001,.59985673,.9055078,.28701365,2.1222839,-4.3489842,10.809223,5.7766156
009846,20151,0,.91330695,.61000001,.52399665,.65157616,.26302156,2.5266011,-4.221839,10.823491,7.3148923
009846,20152,0,.743092,.61000001,.54772139,.80469775,.22737157,1.8367671,-4.4010653,10.831272,6.5147667
009846,20153,0,.72419298,.66999996,.62699574,.87628561,.27127773,1.8286852,-4.7399998,10.844256,4.7460032
009846,20154,0,.88368404,.69,.56942219,-.097522922,.26136142,2.1279502,-5.5094109,10.844861,3.5638294
009846,20161,0,.70125997,.75,.60208583,.61816734,.32001591,1.8902802,-6.4198346,10.825959,.2467761
009846,20162,0,1.12161,.83999997,.48986974,.61634195,.27150756,1.7380449,-7.39498,10.828917,-.23555738
009846,20163,0,1.0483251,.58999997,.45420524,.88286418,.21680957,1.8458114,-6.3024626,10.843436,-.082002424
009846,20164,0,.89742875,.59499997,.50847423,.69825631,.16292647,1.8639565,-7.0577459,10.850443,.55822062
009846,20171,0,1.0744779,1.45,.51413053,.76579821,.18706521,1.8297317,-5.4648638,10.845817,1.9857188
009846,20172,0,.85411388,.91999996,.46411005,.59721684,.28991109,1.5655199,-4.9121828,10.853987,2.507005
009846,20173,0,.78699023,.57499999,.47681737,.95160466,.18577142,1.7269161,-5.3004608,10.873376,2.9939706
009846,20174,0,.67804652,.62999994,.49735841,-.96096432,.21831617,2.1794298,-4.815753,10.889155,3.8711812
009846,20181,0,.61385942,.74666667,.58686811,.47166222,2.0749335,2.1624193,-.72586238,10.870091,2.4274764
009846,20182,0,.92445612,.89500004,.56409657,.58910728,.20214465,1.9675413,-5.0637722,10.857903,.39157867
009846,20183,0,.93942213,.85000002,.57096946,1.0299129,.18742901,2.0484664,-3.275928,10.874645,.12692642
009846,20184,0,.92259169,.75750005,.55480754,-2.6137445,.13255419,2.3673058,-3.3551693,10.888614,-.054127198
009846,20191,0,1.6536694,.34250003,.52978188,.5430662,.25390109,1.8936789,-3.5525589,10.945794,7.5702906
009846,20192,0,2.344089,.049999926,.51610428,.71777254,.55788958,1.9747248,-5.0899239,10.981778,12.387584
009846,20193,0,2.6078067,-.22500004,.48499924,.84339976,.43178037,2.1202602,-1.7351419,10.994084,11.943928
009846,20194,0,1.6500516,-.215,.48583436,.26942006,.85186565,2.1491311,-2.5196075,11.069945,18.133158
009846,20201,0,1.4067725,.16499999,.48960689,.33083782,.10561958,1.9694947,-2.2496939,11.072589,12.679537
009846,20202,0,3.2741625,.27666664,.66907859,.5270651,2.0264745,1.8871354,1.6888529,11.097804,11.602581
009846,20203,1,2.0937052,.17,.69438839,-.3609193,.78447747,2.062609,-1.2399316,11.113209,11.912433
009846,20204,0,1.8967009,.15833333,.70009726,.80518115,.13711418,2.3148959,-.087934732,11.135406,6.5460825
009846,20211,0,1.290333,.175,.59281069,.4180361,.12829384,1.9575622,.62794387,11.147239,7.4649239
009846,20212,0,1.3417851,.71999997,.63195807,.51202041,.55173391,1.7516488,1.647076,11.163439,6.5635023
009846,20213,0,1.5166563,.58571428,.64925164,-.41735759,.11804052,1.9041061,6.1663747,11.172714,5.9505444
009846,20214,0,1.4530984,.55142862,.64451844,.78194541,.71758211,2.132205,8.7655907,11.19853,6.3123531
009846,20221,0,1.9685543,1.13,.53820628,.18195197,.52712554,1.6148237,8.6938114,11.221838,7.4598989
009846,20222,0,2.0512507,1.6083333,.51319039,.39079231,.31316915,2.0088329,10.678625,11.221503,5.8064165
009846,20223,0,2.3433733,1.6860001,.57261163,-.098607503,.16390166,1.9961357,11.584276,11.225843,5.3128967
009846,20224,0,1.9033691,.57666659,.61284184,.61270517,.30374533,2.0493033,11.424819,11.247774,4.9244585
009850,20131,0,.46859649,.089999996,.50100905,.15360497,1.0055583,1.8955169,8.8045177,11.053252,6.3444352
009850,20132,0,.51864201,.06000001,.44012973,.49467394,.85343111,2.212599,9.545413,11.05523,5.5232148
009850,20133,0,.44854301,.079999998,.47055018,1.3586404,.67384809,2.1591282,9.1885929,11.066029,4.9089613
009850,20134,0,.74198002,1.5800002,.53071463,.66618234,1.0541447,2.295315,7.9010963,11.07747,4.31774
009850,20141,0,.46599597,1.51,.53914142,.57013601,1.0209773,1.8281536,8.884594,11.075133,2.1881135
009850,20142,0,.26006225,1.5899999,.48782393,.96856785,.90996015,2.3319657,8.8296051,11.079647,2.4417348
009850,20143,0,.16712804,1.64,.48259738,1.1069278,.87801206,1.8237952,9.0002146,11.103453,3.7423532
009850,20144,0,.50038517,1.35,.51515228,.44343275,2.0900464,3.0655985,8.5776749,11.122162,4.4691648
009850,20151,1,.52179402,1.2766666,.46080753,.74023938,1.0010858,1.5467479,7.9961748,11.16935,9.4216633
009850,20152,1,.74034089,.90333337,.49963519,.89931571,1.5528557,2.1645021,8.5102406,11.17899,9.9342871
009850,20153,0,.83933246,1.165,.54792738,1.3062644,1.0959679,1.1364096,8.1391516,11.214263,11.0811
009850,20154,0,1.1320325,1.08,.51776797,.37625474,1.4744399,2.9036763,7.8281345,11.228106,10.59442
009850,20161,0,.9269411,1.11,.48926318,.63331544,1.7926912,2.390255,8.2842407,11.268533,9.9182682
009850,20162,0,1.1272058,.65999997,.44032839,.81158316,.95764267,2.0499141,8.3619385,11.273843,9.4853048
009850,20163,0,1.0812793,.92000002,.44299597,1.2655025,10.850307,1.9433714,14.530953,11.417218,20.295486
009850,20164,0,.99019575,.97199994,.48291478,.19555855,2.5093548,1.9349016,14.128214,11.574604,34.649769
009850,20171,0,1.0725832,1.5109091,.51099116,.60986167,1.8004138,1.3564637,15.734664,11.605477,33.694454
009850,20172,1,1.1501478,1.2090908,.51148552,-1.2481779,.99672014,1.7401603,16.433855,11.606051,33.22084
009850,20173,0,1.0465671,.86454546,.4817372,.99370658,1.3185014,1.6966618,18.603495,11.5962,17.898167
009850,20174,1,1.0601368,.9733333,.49612993,.45415401,1.6688575,1.9770658,16.534084,11.611095,3.6491539
009850,20181,0,.93094838,.9488889,.50384891,.8486104,1.9188324,1.6044322,18.969381,11.617331,1.1853225
009850,20182,0,1.1215214,.88888884,.54881376,-.13444836,2.0472002,1.834772,19.782227,11.62238,1.6329143
009850,20183,0,1.0654233,.82111108,.49658093,1.0356722,1.7556772,1.7423766,17.239151,11.633167,3.6967828
009850,20184,0,1.2313118,.84285718,.56379628,.25242352,1.6532845,1.9764225,13.764587,11.623724,1.2628978
009850,20191,0,1.5255071,.49428573,.55551368,1.7859282,1.1940401,1.435243,12.428421,11.669194,5.1863375
009850,20192,0,1.2732788,.22857143,.49803364,.7896859,1.1928552,1.5828775,11.617792,11.644795,2.2414894
009850,20193,0,1.3516723,-.031428605,.46893102,1.1491551,1.2040012,1.6828157,12.876121,11.65153,1.836252
009850,20194,0,1.4500455,-.043333288,.42581016,.37843034,2.4925377,1.8181663,12.582395,11.674968,5.1243615
009850,20201,0,1.2608781,.41499999,.42841518,.7346251,1.6638584,1.3142375,13.514603,11.684355,1.516068
009850,20202,0,2.7781909,.63500005,.48474047,.51745027,1.823276,1.3815502,14.04371,11.685635,4.0838823
009850,20203,0,1.5477585,.65285712,.50245363,1.0490181,1.5726922,1.8065498,9.4617662,11.693003,4.1472621
009850,20204,0,1.7634714,.82571423,.49439937,.31747836,2.7468779,1.6856396,9.2172298,11.721224,4.6255579
009850,20211,0,1.3699765,1.0442857,.43566349,.92650586,.86631149,1.364949,8.9889469,11.719411,3.505646
009850,20212,0,1.2109048,1.3933333,.43578699,.29985726,1.4115621,1.3605225,9.0305958,11.739208,5.3573785
009850,20213,0,1.1381098,1.393,.4399471,.87683767,1.256483,1.4598076,12.131363,11.743299,5.0295978
009850,20214,0,1.2294985,1.223,.44061267,-.16502295,1.6252024,1.5782764,13.651985,11.758699,3.7475653
009850,20221,0,1.5092278,1.2590909,.38240406,.81233245,1.4098201,1.1126444,15.347788,11.756138,3.6727235
009850,20222,0,1.6166327,1.6336365,.36860147,.86287987,1.2919877,1.3946004,14.576283,11.764766,2.5557225
009850,20223,0,1.5051973,1.664,.38554201,1.1279432,1.3198847,1.7504148,15.142319,11.781188,3.788887
009850,20224,0,1.4014678,.5177778,.42691392,-.064176708,1.5006902,1.806649,13.809466,11.805633,4.6933374
009882,20131,0,2.1086454,.77499998,.94258165,.31727251,15.971176,2.8715854,-17.306171,9.8307018,2.8804085
009882,20132,0,1.8489957,.875,.70944262,1.166849,16.330677,1.0053654,-17.61175,9.8625097,1.9515123
009882,20133,0,1.6698363,1.16,.73058021,1.3362914,17.505934,1.3827262,-17.982416,9.8720999,4.5709577
009882,20134,0,1.920826,.91249996,.68485451,1.0948151,17.186531,2.3342285,-17.144838,9.871171,2.8867552
009882,20141,0,1.9834008,1.1233333,.55872887,.78573275,16.293617,2.1039028,-17.10639,9.8701897,3.9487486
009882,20142,0,1.5885947,1.1233333,.43936262,2.3277934,17.511013,2.5030036,-18.43733,9.9022865,3.9777536
009882,20143,0,1.3660121,1.1266667,.40386584,1.5748408,19.11828,2.0726628,-20.532406,9.9470739,7.497364
009882,20144,0,1.3101193,1.2033333,.33798417,.92506939,17.332878,1.9864649,-19.136894,9.9300804,5.8909845
009882,20151,0,1.2549434,1.2524999,.23687141,2.2425742,14.792079,2.8366337,-20.708279,9.9134378,4.3248615
009882,20152,0,1.1349965,1.1799999,.23111188,2.8729386,16.245335,2.0223975,-23.976208,9.9600096,5.7722821
009882,20153,0,1.1022621,1.3349999,.32477242,2.7710557,14.86121,1.0913404,-23.041384,9.955843,.87690598
009882,20154,0,1.2467957,1.08,.2745007,2.533201,14.632071,3.8281581,-21.71768,9.9598207,2.9739828
009882,20161,0,1.1444963,1.158,.26028159,2.3977103,14.315878,2.1067944,-20.164244,9.9670258,5.3587689
009882,20162,0,1.3096677,1.26,.26314008,3.6958768,16.105391,2.1941459,-20.703646,10.009693,4.9683056
009882,20163,0,1.3445688,.90999997,.31446016,1.732971,15.213614,2.2141044,-20.676876,10.018912,6.3069472
009882,20164,1,1.2648212,.90333337,.3466709,2.2651336,14.953353,3.0939465,-19.255047,10.045204,8.5383482
009882,20171,0,1.1164424,1.525,.27707335,1.4558104,14.193077,1.9883192,-20.741049,10.055608,8.858202
009882,20172,0,.97357321,1.3299999,.24990848,3.1267095,14.653031,2.5207255,-22.598791,10.075885,6.6192312
009882,20173,0,1.0199779,.78500009,.22885652,2.2072656,13.176706,2.7339995,-23.488955,10.082512,6.3599758
009882,20174,1,.86529368,.75999999,.26507366,7.204421,12.536599,2.1980288,-22.54327,10.09613,5.0926557
009882,20181,0,.81687689,.85666674,.23186506,1.8438869,13.034648,1.7244127,-20.084044,10.131021,7.5413852
009882,20182,0,.79776561,.91833335,.28775606,2.8702505,12.716152,2.1056347,-16.426826,10.146551,7.0666342
009882,20183,0,.94073135,.82833338,.34331766,2.3276026,13.92783,1.7494805,-20.708916,10.183578,10.106637
009882,20184,0,.79267949,.74000001,.28665614,2.4328547,14.210253,2.0199389,-19.855034,10.199212,10.308154
009882,20191,0,1.1834958,.39999998,.37672135,1.474679,14.057082,.60968643,-21.104982,10.175155,4.413311
009882,20192,0,.89712292,.097999953,.34172082,2.8005595,14.592388,.86926937,-15.590583,10.183352,3.6800272
009882,20193,0,.93757325,-.21400002,.36178911,2.498673,15.113369,1.4256464,-17.387211,10.180134,-.3444429
009882,20194,0,.88410097,-.23199999,.34807268,1.9382628,15.173613,.98613369,-16.613173,10.183654,-1.5558244
009882,20201,1,.84704852,.16749999,.33627403,-.36300445,15.725043,.8650319,-18.039333,10.161805,-1.3349386
009882,20202,0,3.6127019,.384,.4899866,-3.4033847,20.624884,.41658914,-9.5519009,10.199324,1.5972145
009882,20203,0,3.2903805,.19125,.53099465,-3.2503653,40.614113,.2500281,-4.5361099,10.479988,29.98546
009882,20204,0,2.421133,.17625001,.42816067,-2.5502036,40.89875,.25277349,-3.6715837,10.480242,29.658741
009882,20211,0,1.4682853,.30500001,.31578231,.33537644,38.550941,.27466175,-4.9257398,10.451262,28.94569
009882,20212,0,1.125046,.72124994,.25225458,.97765756,40.424873,.26765841,-4.5965285,10.477091,27.776697
009882,20213,0,.81659162,.70875001,.30758494,1.1673559,44.168453,.36119983,-3.1722159,10.550748,7.0759296
009882,20214,0,.80133367,.70875001,.3390922,.18323901,43.125839,.49312854,-.33083856,10.521642,4.1400399
009882,20221,0,1.0240246,.99285722,.40819705,-.76541847,42.687225,1.4151982,-.43653846,10.500124,4.8861752
009882,20222,0,1.3949311,1.5342857,.38040105,2.0396113,42.241425,2.6541784,-1.7265677,10.525729,4.8638544
009882,20223,0,1.5445805,1.6600002,.53185308,.72319984,42.89854,2.8170853,-4.0954885,10.553257,.25095427
009882,20224,0,1.1966214,.59666669,.60112858,-.61202914,38.037613,3.7945807,-4.8694906,10.489773,-3.1868663
009890,20131,0,.83001602,1.65,.68636996,1.7997321,.56884301,1.1861926,-5.8495102,8.4091749,4.840024
009890,20132,0,.84549969,1.88,.64654267,.22949183,.75107038,2.2395205,-3.5876513,8.3903856,-.73704094
009890,20133,0,1.4927262,1.6999999,.63823652,-.065357476,.4043766,2.3404551,-3.2865942,8.385273,3.4665427
009890,20134,0,.75195497,2.7,.58726329,1.2833661,.31025374,2.4599695,-4.470542,8.4040365,4.4375238
009890,20141,0,.75003469,3.325,.55545694,1.5504996,.89979041,1.684317,-4.0538402,8.4262123,1.703676
009890,20142,0,.62282199,2.6700001,.59794188,.20924591,1.8554571,2.1420591,-3.56462,8.4339867,4.3601799
009890,20143,0,.64645398,2.97,.60202491,.043180078,.58939713,2.5827386,-2.8398128,8.42558,4.0306907
009890,20144,1,.7097435,2.875,.64941359,1.2656245,.84377128,2.2324336,-2.7090251,8.4428272,3.8790743
009890,20151,0,1.5139461,1.61,.52694368,1.3804352,.75876659,1.7334498,-1.5667886,8.5592012,13.298945
009890,20152,0,1.4098753,2.0450001,.57554018,.096015111,.73748684,2.1971338,-3.8628042,8.5476055,11.361841
009890,20153,0,1.6003594,2.375,.621117,-.091978371,.95026839,2.5827193,-3.5601437,8.5461426,12.056274
009890,20154,0,1.6724855,2.2,.56558597,1.2755259,.63582414,2.9213109,-4.800734,8.5532675,11.044025
009890,20161,0,1.9214466,1.47,.6265226,1.40792,.67175061,2.100534,-5.6387129,8.5864735,2.7272527
009890,20162,0,2.1135111,1.345,.53470188,.16822775,1.1438847,2.8651385,-7.2204113,8.5784779,3.0872509
009890,20163,0,1.6977824,1.54,.44718871,.046060625,.22594303,2.5995932,-7.0366621,8.5879946,4.1852074
009890,20164,0,1.3524966,2.0599999,.48927337,1.1780663,1.5390772,2.2618401,-6.0984998,8.6184483,6.5180764
009890,20171,0,1.4868348,2.0250001,.4641251,1.2418282,.50287342,2.074671,-6.9778147,8.6271458,4.0671935
009890,20172,0,1.2574825,1.9833333,.44457078,.32176295,.78173053,2.6377213,-6.0277076,8.6218977,4.3419909
009890,20173,0,1.1926624,1.4766666,.49707279,.18011597,.52428502,3.3143175,-4.1609883,8.6421041,5.4109802
009890,20174,0,1.017071,1.75,.46471155,1.6475465,1.0102698,2.9658227,-2.5882542,8.6750631,5.6614661
009890,20181,0,1.122713,1.14,.47605407,1.2680802,.69939935,2.4777997,-1.7171413,8.738265,11.111933
009890,20182,0,1.0807062,1.16,.58379722,.3405855,1.0290577,2.9152923,-.4550308,8.7526817,13.078367
009890,20183,0,1.1855345,1.1499999,.52685738,.19039918,.5362553,3.4147713,-1.1494935,8.775919,13.381463
009890,20184,0,1.096586,.89000016,.50195593,1.0414456,1.039432,3.0918331,-1.6397834,8.8030634,12.79998
009890,20191,0,1.2387345,.51999998,.55911106,1.2885634,1.1601542,2.8631389,-3.6917777,8.9035063,16.524145
009890,20192,0,1.3372765,.58000004,.54294014,.29138249,1.2819588,3.446969,-2.7437568,8.9318733,17.91918
009890,20193,0,1.2736166,.019999931,.50701112,.069819748,.50145525,3.2321863,-1.6472548,8.9446659,16.874668
009890,20194,0,.97737396,.015000021,.4929533,1.1698411,.36325553,2.7902565,-1.5484929,8.967021,16.3958
009890,20201,0,.90843552,.10499998,.60578674,.88790178,.60634893,2.5783815,-.89160502,9.0082302,10.472346
009890,20202,0,2.3689072,.66500002,.67115253,.46909606,.75328439,2.6291127,-.29811859,8.9987822,6.6909261
009890,20203,0,1.1520205,.68000001,.68764502,.21686356,2.3687418,2.4808702,-2.914834,9.0390816,9.4415913
009890,20204,0,1.397004,.80999994,.74424404,1.2283299,.28405663,2.2851582,-4.6311736,9.0395117,7.2490335
009890,20211,0,1.1884105,.99000001,.77855992,1.3426622,.95413691,1.748072,-3.953567,9.0751905,6.6960812
009890,20212,0,.90887427,1.13,.71064752,.28133047,1.0342555,2.0757909,-2.7192593,9.0970201,9.8237362
009890,20213,0,1.3755245,2.0849998,.74698317,-.12806694,.52621841,1.8662195,-.94684362,9.1093063,7.0224667
009890,20214,0,1.3597565,1.8650001,.73656607,.6744982,1.8003527,2.0144296,4.9517574,9.2466373,20.712574
009890,20221,0,1.32579,1.84,.70205188,.75343567,1.7445555,1.2753054,15.706116,9.4544821,37.929161
009890,20222,0,1.7261435,1.87,.68125653,-.049624562,4.714643,1.5482562,13.8297,9.4917145,39.469418
009890,20223,0,1.9553963,1.99,.59377921,-.095248722,1.6711513,1.8926244,13.378138,9.4667645,35.745831
009890,20224,0,2.3800771,.68999994,.72869009,-2.1414413,1.3376911,1.8844002,13.234556,9.4805641,23.39271
009899,20131,1,1.0627841,1.5652941,.82392746,1.3587205,1.8192166,1.5856637,-1.2735069,12.514715,.72642624
009899,20132,1,1.190127,1.7241176,.75746971,1.4103633,1.4635011,2.0247681,3.9327905,12.509852,.60627556
009899,20133,0,1.1858857,2.1926315,.79083085,1.4017266,1.7130172,2.1952055,.67021847,12.513899,2.1542959
009899,20134,1,1.4002976,2.5610528,.84580606,2.5174892,.53896773,1.9847122,.59450567,12.523067,2.8628898
009899,20141,1,1.2014736,2.3419049,.89713699,1.3146764,1.2401588,2.077491,.078907609,12.53461,1.9895149
009899,20142,1,1.0756661,2.2530434,.65399289,1.2823298,1.306161,2.1013527,7.6643257,12.561437,5.1584773
009899,20143,0,.92725253,2.1260002,.65505242,1.0665631,3.8829029,1.7855561,1.7489642,12.589517,7.5617871
009899,20144,0,1.0517714,2.0572,.666933,-1.3888358,1.541646,1.5371312,.0081002712,12.570504,4.74368
009899,20151,0,1.3448151,1.788,.65061218,1.1143023,3.6181524,1.3560816,1.6254514,12.587344,5.2734189
009899,20152,0,1.4382678,1.6760001,.66797191,1.0005584,1.4722687,1.5245367,8.4894466,12.637946,7.6509237
009899,20153,0,1.5417618,1.9054837,.6215561,.91702938,6.4470778,1.6095489,8.9841871,12.696152,10.663446
009899,20154,0,1.7977409,1.6803225,.79586959,1.0015275,1.5737932,1.5232918,5.4981651,12.899192,32.868839
009899,20161,0,1.6191694,1.598387,.77234596,.94444108,1.2953471,1.1595045,5.0520897,12.905878,31.853352
009899,20162,0,1.6781168,1.3685106,.67602479,.84432095,2.5039763,1.3551747,11.539734,12.908274,27.032774
009899,20163,0,1.6855638,1.2268182,.60760939,.82825625,1.7938915,1.4467109,5.1204739,12.903729,20.757811
009899,20164,0,1.4922361,1.1665908,.65237188,.60475218,1.4628699,1.6020845,4.6660094,12.90663,.74374789
009899,20171,1,1.5813122,1.6944444,.61512005,.85904402,1.4939787,1.4895214,4.5738668,12.908727,.28493756
009899,20172,1,1.563287,1.5420001,.63596427,.95046645,3.6707673,1.2643753,11.27048,12.928543,2.0269449
009899,20173,0,1.4400455,1.1021999,.70461762,.71982795,6.1400442,1.247876,8.1457701,12.949901,4.6171417
009899,20174,0,1.484284,1.0491228,.69067621,4.2889166,11.041195,1.1435909,11.133015,13.003276,9.6645937
009899,20181,0,1.3778173,1.0074545,.66540724,1.0497707,11.371164,1.377627,10.936919,13.003798,9.5071297
009899,20182,0,1.344873,1.0480769,.82950902,1.1497884,10.955252,1.1444113,18.447157,13.008843,8.0299835
009899,20183,0,1.4539627,.92297864,1.0198481,.88237876,2.5377274,1.0983914,8.9799166,13.189445,23.954323
009899,20184,0,1.2490134,.80744678,.98897684,.90825808,1.6372201,.77626336,7.8183622,13.189779,18.650326
009899,20191,0,1.6657254,.48017859,1.1423069,.77012169,.99141884,.97430927,6.3412008,13.184143,18.034481
009899,20192,0,1.4808292,.23333332,1.0638803,.67708033,1.1918656,.99784088,14.113694,13.214731,20.588806
009899,20193,0,1.5589327,-.037250053,.98358136,.67652321,1.5428386,.94877809,8.664012,13.212047,2.2602558
009899,20194,0,1.5178865,-.061666638,.86400938,.43622768,1.2031794,.69096714,8.0449076,13.215482,2.5703061
009899,20201,0,1.1882192,.38907894,.84587735,.83564603,2.2210782,.90017748,7.2201133,13.220703,3.6560411
009899,20202,0,2.6947834,.67000002,1.1115243,.23489329,1.8268869,.81891763,13.443789,13.20919,-.55406463
009899,20203,0,1.7979797,.69868422,1.0684232,.5139643,3.0925465,.70286804,7.3866663,13.213844,.17975694
009899,20204,0,1.6744957,.755,1.1383945,-2.5778337,1.8122636,.44415313,4.8718424,13.196641,-1.8840873
009899,20211,1,1.4322988,.95799994,1.026123,1.4360137,1.8597804,.76707858,5.8260589,13.172602,-4.8101492
009899,20212,0,1.3573918,1.5516666,1.0109068,.28702798,2.0799472,.72378588,10.698596,13.212176,.29862547
009899,20213,1,1.1200094,1.4806666,1.0305142,1.0864497,2.1894219,.8635788,11.192739,13.208009,-.58355951
009899,20214,0,1.1479907,1.3284147,1.1181216,.92175752,3.8999684,.70022869,12.235946,13.212399,1.5758482
009899,20221,1,1.3025447,1.4508861,1.2513056,.87197393,3.8455679,.8607344,11.558541,13.220618,4.8016291
009899,20222,0,1.4882125,1.8305063,1.3145223,.72020721,6.6923656,.81913388,20.201115,13.265936,5.3758783
009899,20223,0,1.643363,1.7992308,.79397476,1.4131176,.96193308,1.3884947,11.488024,12.96321,-24.479828
009899,20224,1,1.6676443,.56558818,1.1254762,-5.358964,.58504486,.99164528,9.5607309,12.963281,-24.911879
010016,20131,0,1.1333076,2.0366666,.53608167,.51186568,4.5190611,.50176722,-12.838723,9.6705465,-.66052514
010016,20132,0,1.0317546,2.27,.50641739,1.1072644,3.2993045,.52315432,.47742128,9.7349205,3.2919436
010016,20133,0,1.0367783,2.6166666,.53098774,.99383938,3.3628893,.5639739,-5.9623537,9.7233372,2.1329994
010016,20134,0,1.1060184,3.1166668,.47846416,.32954058,2.7555702,.60797596,-6.0525298,9.742362,-.53020376
010016,20141,0,1.0564015,3.325,.46681789,.9791292,3.0008891,.34955943,-7.2609811,9.7132406,4.2694511
010016,20142,0,.97123885,3.1199999,.54518074,1.2861718,2.569967,.36476186,-1.0103494,9.7310905,-.38303772
010016,20143,0,1.2029753,2.7400002,.51475793,1.3957355,3.040899,.35497797,-7.4456601,9.7385426,1.5204517
010016,20144,0,1.2847401,2.5,.50165552,.87129045,2.9090822,.66691369,-7.1191192,9.7251863,-1.7175864
010016,20151,0,1.4228785,2.3474998,.42996788,1.024033,3.133301,.28960636,-8.4618864,9.6708679,-4.237268
010016,20152,0,1.479815,2.175,.4518165,1.4250143,2.7314863,.41207498,2.1576672,9.6768188,-5.4271536
010016,20153,0,1.6049477,2.375,.41918954,1.4294822,2.4495587,.42815712,-5.9922638,9.6802692,-5.8273153
010016,20154,0,1.899561,2.1175001,.44428688,1.6728729,1.8480364,.82730025,-5.154398,9.6722422,-5.2943382
010016,20161,0,1.6811887,1.762,.41535628,1.2483275,3.0674322,.42775321,-7.1275263,9.6272268,-4.3641319
010016,20162,0,1.702673,1.4299999,.41129893,1.7395595,2.2566218,.50424796,1.1356086,9.6555004,-2.1318607
010016,20163,0,1.4952401,1.238,.39411804,1.5812411,3.6097276,.49616283,-6.96387,9.664011,-1.6257651
010016,20164,0,1.400519,1.21,.36714184,1.6252456,2.6767256,.79703832,-8.6570187,9.662734,-.95089281
010016,20171,0,1.1458728,1.535,.41095856,2.5180845,7.2389336,.41381776,-9.223197,9.6572609,3.0034196
010016,20172,0,1.0318142,1.3516667,.39380792,1.4875067,2.0254955,.65480304,.056773424,9.8342505,17.874956
010016,20173,0,1.0683038,.89999998,.37738377,1.421374,2.7935565,.47120228,-8.8528185,9.8684978,20.448612
010016,20174,0,1.0286585,.8816666,.36537409,1.4236441,2.4442174,.83193415,-9.5311356,9.8920832,22.934917
010016,20181,0,1.2778833,1.1125001,.30670998,.8941347,3.3412125,.55713081,-11.782911,9.856391,19.912983
010016,20182,0,1.1858826,1.13,.34441203,1.4916273,2.1500568,.56748903,-4.2118268,9.8875208,5.327075
010016,20183,0,1.3250955,.935,.38559747,1.2279729,1.9990485,.54213166,-8.759469,9.9124279,4.3929996
010016,20184,1,1.2633395,.84250003,.34613624,-.52230817,1.8031368,.80546951,-7.1203084,9.9256258,3.3542919
010016,20191,0,1.4214228,.52499998,.43075702,.87541223,1.6044929,.46166527,-11.991823,9.8734407,1.7049928
010016,20192,0,.97339678,.18333331,.38460901,1.6602751,1.3317615,.45292938,-2.5713296,9.9739599,8.6439238
010016,20193,0,.95761269,-.095000051,.37459427,1.0709175,1.5095059,.44927424,-10.410966,9.9769049,6.4477816
010016,20194,0,.90092552,-.10666665,.37611568,.93375546,1.5213976,.6622113,-9.6864252,9.9675179,4.1892447
010016,20201,0,.72906542,.32999998,.33211654,.64670867,1.5274365,.40249363,-15.976614,9.9328814,5.944066
010016,20202,0,2.1631765,.63625002,.53116703,1.0408208,4.3584371,.28159791,-1.914835,10.03911,6.5150514
010016,20203,0,1.2544587,.64249998,.40726864,1.7181218,3.8138912,.27018324,-13.641111,10.042571,6.5665712
010016,20204,0,.94685417,.63249999,.36536086,2.0281327,3.0211494,.60153902,-17.935987,10.045026,7.7508049
010016,20211,0,.89939731,1.1571428,.35852876,2.0682075,5.9334731,.37468761,-17.745144,10.067573,13.469172
010016,20212,0,.79852027,1.87,.32616138,1.9245267,4.0153289,.44019097,-14.36186,10.080629,4.1518545
010016,20213,0,.79984355,1.6414287,.32879159,1.7285053,1.8758163,.53874952,-18.607525,10.084262,4.1691074
010016,20214,0,.8456139,1.5,.39401981,1.3487294,1.2471944,.80816883,-15.935771,10.099326,5.4299502
010016,20221,1,.98241621,1.5657144,.37986708,.6220724,.53193754,.49609655,-8.1772652,10.246367,17.879478
010016,20222,0,1.1962664,1.7966667,.41129485,.29837835,.5780229,.49627537,8.2364264,10.287344,20.671515
010016,20223,0,1.2492462,1.72,.57392871,2.8765657,.98224199,.38962722,4.701221,10.287436,20.317408
010016,20224,0,1.1997956,.53222215,.86357754,-.17630535,1.62436,.51128554,-2.8176875,10.14737,4.8044868
010115,20131,1,1.6810941,.63,.42120427,2.3019838,32.447372,.37104344,-14.691927,9.4884262,6.2571654
010115,20132,0,.98543912,1.51,.34368905,1.5118177,31.84754,.33359358,-7.2432189,9.5531492,12.29511
010115,20133,1,.85559636,1.8833333,.35182169,.71617299,32.345989,.29898483,-8.1774712,9.5737324,15.947238
010115,20134,0,.86984998,2.3100002,.34185073,2.5935631,34.52261,.37626821,-8.8846416,9.607975,15.257295
010115,20141,0,.7283172,2.28,.33213288,.44464207,25.281078,.44464207,-10.392123,9.6641512,17.572454
010115,20142,1,.5638752,2.25,.29413909,.79212821,25.044867,.3341791,-7.5829773,9.6902323,13.708282
010115,20143,1,.71984249,2.52,.28161871,.33083755,27.540773,.27860004,-6.2438769,9.7543497,18.061659
010115,20144,0,.73047113,2.4980001,.2821013,1.484442,26.702827,.34827292,-5.6152744,9.770813,16.283804
010115,20151,0,1.1160133,2,.25409797,1.2646079,28.36335,.25969627,-5.7653995,9.7820539,11.790301
010115,20152,1,1.0525262,1.862,.2380106,2.3642945,25.802172,.41013268,-7.5156436,9.7159529,2.5719979
010115,20153,0,1.1025017,2.1700001,.23517507,1.7896427,25.447411,.45781556,-8.5786362,9.7302647,-2.4084811
010115,20154,1,1.0663323,2.0340002,.23943032,3.2795124,21.197462,.49632466,-6.6002684,9.6751432,-9.5669937
010115,20161,1,.98283076,1.9533333,.24455264,2.474303,25.106174,.70782298,-5.2136703,9.6956635,-8.6390553
010115,20162,0,1.2153436,1.533,.2199813,1.9320724,38.046574,.57962173,9.3208075,9.8867483,17.07958
010115,20163,0,1.0761358,1.337,.20301627,1.7300195,17.816765,.57504874,7.8341603,9.9291553,19.889082
010115,20164,0,1.055319,1.2529999,.2141718,2.5263784,14.97003,.70837665,3.9098263,9.9127941,23.76511
010115,20171,1,1.098399,1.64,.2140958,2.1727428,16.559824,.68020552,4.280591,9.925004,22.934084
010115,20172,1,.95598537,1.4449999,.19768021,1.9057367,15.98187,.63849491,5.9761944,9.9290094,4.2260861
010115,20173,0,.90494823,1.1311111,.1934603,2.0383244,17.59816,.66691715,4.888442,9.9660864,3.6931396
010115,20174,0,.89682209,1.0344445,.19623742,-1.1589482,12.515709,.86572033,3.7035942,9.9751101,6.2316184
010115,20181,1,.74585813,.97666669,.1727958,1.9957652,12.582782,.54511869,2.8098316,10.007712,8.2708035
010115,20182,0,.87887692,1.0755554,.15346092,2.0421994,11.092034,.70934802,3.0055285,10.004825,7.5815892
010115,20183,0,1.065349,.93555552,.14990926,2.7352805,8.9012518,.64904958,2.089426,9.9790583,1.2972045
010115,20184,1,.96930546,.81333339,.14838104,9.3642454,10.007245,.69733739,.016084313,10.002608,2.7498348
010115,20191,0,1.2419224,.45111114,.20090765,1.5130926,13.584781,.44805169,4.0360599,10.212038,20.432545
010115,20192,0,1.0366389,.20624998,.15866597,1.8506382,6.7779622,.63615686,8.7791414,10.163425,15.860081
010115,20193,0,1.079345,-.087500036,.15570462,1.7682325,6.9780679,.61850196,.49570203,10.179376,20.03166
010115,20194,1,.91464585,-.10124997,.15259728,2.719532,7.6371961,.74646461,.061458349,10.190882,18.827345
010115,20201,0,.82143593,.34375,.16430977,1.6342361,14.668347,.47734278,4.5645027,10.314504,10.246603
010115,20202,0,1.9310212,.57875001,.21015905,-.28192934,13.75,.37024456,6.0626564,10.29011,12.668377
010115,20203,0,1.1200171,.67400002,.18855885,1.9724932,21.024046,.21916591,9.8593597,10.357203,17.782766
010115,20204,0,.98141462,.61900002,.16592343,1.7592765,22.179893,.51105744,6.4210949,10.382389,19.15069
010115,20211,0,.75021017,.73272723,.14335851,.87969702,8.8086224,.24177104,7.3826046,10.443775,12.9271
010115,20212,0,.73660916,1.2745454,.14729683,1.7695413,6.9107757,.31684354,4.4433594,10.417956,12.784696
010115,20213,0,.56212765,1.2063636,.14123261,1.2997804,6.8995194,.38577956,3.6046772,10.425194,6.799077
010115,20214,0,.55584639,1.1272727,.14256731,1.9387904,7.7288041,.60330939,5.2132578,10.438372,5.5982461
010115,20221,1,.64258391,1.3309091,.14814408,.93269038,8.7176228,.34362274,4.2113361,10.452504,.87296271
010115,20222,0,1.048954,1.7536362,.14900261,1.8153141,4.2338877,.39571631,8.4321384,10.495072,7.7116022
010115,20223,0,1.1946864,1.679091,.20835833,2.2646537,3.1277754,.38299289,5.856359,10.492163,6.6968946
010115,20224,0,.94921887,.64909089,.21485117,1.5646276,4.1602979,.52246892,6.4173403,10.490802,5.2430444
010247,20131,0,.95954072,1.7533334,.26279685,1.6206625,2.5812945,.89693761,-8.2628698,9.4277124,8.1616011
010247,20132,1,.91947085,1.9633332,.24988206,2.2362194,2.6192186,1.0967188,-11.142014,9.445982,6.2351608
010247,20133,1,1.0072975,2.3233333,.2567763,2.2551422,3.2555807,1.0719327,-11.023198,9.4465141,4.5969305
010247,20134,0,1.1935184,2.6871428,.27443275,1.6186457,2.7602386,1.0340033,-9.2901039,9.4746561,4.2146101
010247,20141,0,.93983614,2.6766667,.25155172,1.39043,3.457021,.89924514,-8.3800135,9.4737062,4.5993395
010247,20142,0,.95090622,2.5650001,.2469399,1.9345859,2.5961573,1.0332795,-11.808594,9.483284,3.7301877
010247,20143,0,.95310396,2.4366667,.24097642,2.1173608,3.1367526,.90235007,-14.335643,9.4855413,3.9026711
010247,20144,0,1.0823687,2.2166665,.23942029,1.1600823,2.8264096,1.3162589,-12.581055,9.5191412,4.4485145
010247,20151,0,1.3153462,1.7850001,.22885177,.98469883,27.309673,.77470428,8.1482229,9.7964849,32.277908
010247,20152,0,1.4014603,1.7671429,.23765232,.4060702,28.274132,.58689058,9.7741814,9.7972155,31.393084
010247,20153,0,1.3431592,1.9983332,.24494188,1.358698,28.517225,.67397356,7.5676174,9.7975311,31.199022
010247,20154,1,1.4734379,1.9477777,.23748147,2.0371535,2.9035974,.9497028,-10.472639,9.500885,-1.8256668
010247,20161,0,1.4552319,1.7733333,.17153594,1.6588604,4.5502381,.86061555,-1.8442184,9.4795628,-31.692192
010247,20162,1,1.5108217,1.4307692,.14939168,1.6153507,4.5751905,1.2468116,-2.7807922,9.4993534,-29.78614
010247,20163,1,1.3372364,1.2346154,.12058811,1.9369142,23.438259,.8507157,7.368505,9.7244692,-7.3062582
010247,20164,1,1.1966214,1.1825,.11144751,1.5266014,4.2158446,.79577535,7.31813,9.7995043,29.861975
010247,20171,1,1.1757084,1.6838461,.08078149,1.3515434,4.8059487,.72650892,12.695172,9.7773609,29.779779
010247,20172,0,1.0953902,1.5858333,.082307868,1.7028776,4.771708,1.5211401,11.419421,9.7937231,29.436932
010247,20173,1,1.0368876,1.0969231,.08798302,2.070435,4.8967667,.76737988,10.75252,9.7845154,6.0046878
010247,20174,0,.96506721,1.0592308,.078357026,1.5425339,4.9363332,.66408992,13.658688,9.8211155,2.1611338
010247,20181,1,.81155729,.97500002,.072978526,1.8117256,5.2749739,.62589979,14.007589,9.8102407,3.2879572
010247,20182,0,.98243856,1.0006666,.078495219,2.4098158,5.0722413,1.6919888,13.724682,9.8324823,3.8759499
010247,20183,1,1.3121762,.96785712,.071746692,2.3853478,3.0565171,.5773086,10.677928,9.8020306,1.7515087
010247,20184,1,1.0471182,.84833336,.068770237,1.4420171,4.2622185,.64449614,11.170816,9.8277979,.66823709
010247,20191,0,1.3975481,.4876923,.064439438,2.4188125,4.0936613,.87434578,11.811012,9.808857,-.1383771
010247,20192,0,1.1485832,.20166665,.068636872,2.94364,2.9153171,1.7003977,10.496271,9.8092203,-2.3261635
010247,20193,1,1.1686362,-.035833374,.068066165,2.525703,2.9246953,.97808576,9.1478796,9.7962656,-.57653242
010247,20194,1,.94375348,-.075454518,.059619073,2.0225699,2.4661574,1.1481557,12.928322,9.849906,2.2107985
010247,20201,1,.88122451,.39333335,.056756385,-.01701938,2.7855878,1.0865456,12.250355,9.8715858,6.2728934
010247,20202,0,3.3990796,.66562498,.084455997,-3.0266688,11.025579,.57045865,19.765472,9.9248734,11.565306
010247,20203,0,2.0279348,.67823529,.040092729,.95853561,26.858707,.33382586,26.438782,10.026955,23.06897
010247,20204,0,1.8533984,.72823524,.039392803,.29588562,26.397902,.38873765,19.742861,10.031949,18.204317
010247,20211,0,1.1708351,.87187493,.036287032,.39540949,25.721874,.3878327,23.376867,10.02082,14.923366
010247,20212,0,1.1179861,1.4406667,.033381421,.68543792,22.276134,.99580914,17.726433,10.000763,7.5889292
010247,20213,0,.92595744,1.4499999,.039141078,1.7652991,14.097123,.39703384,13.32354,9.9717789,-5.5176449
010247,20214,0,.93393439,1.2986667,.040868256,.75755334,9.3829327,.43593895,13.692138,10.003463,-2.8486717
010247,20221,0,1.1082225,1.4116668,.02926887,1.4156362,6.4138293,.68214226,16.44873,9.9723959,-4.8423438
010247,20222,0,1.5071132,1.8353333,.03099562,2.2845209,3.9382584,1.3674585,14.703449,10.013403,1.2639935
010247,20223,1,1.6915851,1.7673334,.033084795,2.1080077,3.9530985,.75732303,13.510484,10.002686,3.090641
010247,20224,0,1.5099829,.53133333,.030293511,.6357947,1.9973264,.64114344,13.728497,10.008341,.48778117
010519,20131,0,2.3599072,.97000003,.43670145,.9130668,10.841709,.59080791,-5.3649516,9.4752398,-4.3687525
010519,20132,0,2.0363748,1.11,.38914201,.8998965,6.2992754,.8998965,5.1778002,9.4380331,-5.5980864
010519,20133,0,1.9627072,1.5166667,.4712548,.79581988,4.5900321,.88424438,-6.1290531,9.4286728,-4.9249406
010519,20134,0,1.7714921,1.9833333,.46638086,1.3406117,5.1135907,1.1559765,-8.5681553,9.4300385,-4.7654185
010519,20141,1,1.452897,1.95,.42534775,.65667492,9.3556862,.50988877,-10.102023,9.4683876,-.68522424
010519,20142,0,1.3191322,2.0220001,.3980495,.96237391,5.2128582,.70841408,6.2087626,9.6133356,17.53022
010519,20143,0,1.392441,1.5779999,.42776167,1.0505451,5.3848696,.54839778,-7.3291869,9.6247654,19.609285
010519,20144,0,1.3620131,1.6620001,.45230883,1.4383608,3.4669924,1.1805414,-7.5683174,9.5982523,16.821432
010519,20151,0,1.527451,1.6333334,.36939466,.87641215,5.6282096,.54091066,-7.6052132,9.589119,12.073157
010519,20152,0,1.4863046,1.5166667,.35692737,1.1331253,4.8039083,.63780707,2.8914452,9.5981846,-1.5151294
010519,20153,0,1.4946086,1.7216666,.37074542,1.177415,5.2983675,.75595397,-8.5675955,9.6123323,-1.2432431
010519,20154,0,1.7134385,1.5666667,.45172659,1.5169822,4.1213589,.89944953,-8.566514,9.6089821,1.0729934
010519,20161,1,1.5658088,1.53,.43307415,1.0198531,6.8330159,.59831387,-9.4612513,9.5961466,.70276272
010519,20162,0,1.7052643,1.2371429,.50652725,1.172263,5.1526589,.78813165,4.722436,9.6223841,2.4199324
010519,20163,0,1.5909132,.94999999,.52897197,2.8003194,4.942131,.65850735,-8.2108583,9.6180696,.57367909
010519,20164,0,1.3781997,.87571424,.52739221,1.4109579,4.8724203,.9230566,-9.1092949,9.6268768,1.7895039
010519,20171,1,1.310482,1.5,.42617723,.65763772,8.4516211,.49485612,-9.2502403,9.6393919,4.3244948
010519,20172,0,1.1834351,1.3714286,.43529364,.97433609,6.3491054,.54129785,2.5724277,9.6616068,3.9223261
010519,20173,1,1.0629345,.90857148,.45129535,1.007924,7.1568937,.72900158,-8.4151955,9.6661816,4.8112106
010519,20174,0,1.1077206,.815,.41625798,-.6677165,8.1511812,.92598426,-6.0986013,9.6725006,4.5623531
010519,20181,0,.63103616,.82000011,.39263594,1.2320729,8.2268581,.50195569,-7.6843681,9.6382189,-.1172715
010519,20182,0,.66666365,.88333338,.37232897,1.496526,5.5852485,.54783535,2.0426631,9.6136694,-4.7937188
010519,20183,0,.7940017,.78999996,.31833196,3.8672895,5.0212941,.50831157,-6.27279,9.5858955,-8.028574
010519,20184,0,.65076607,.72000003,.31294471,1.6770059,8.8145065,.92712522,-7.188612,9.5934916,-7.9009123
010519,20191,0,1.1108309,.34750003,.46680725,1.2549075,7.7607965,.41362873,-5.0157456,9.5654945,-7.2724915
010519,20192,1,.92112023,.034999974,.44299299,1.4986188,5.1243091,.52486187,6.2128887,9.5805235,-3.3146203
010519,20193,0,.88520038,-.24555558,.43359238,1.4868883,5.7921062,.54744524,-4.3957977,9.6021118,1.6216204
010519,20194,0,.79927051,-.21666665,.48860064,1.3212057,6.9911032,.81662464,-4.3720779,9.6199303,2.6438591
010519,20201,1,.86844534,.15999997,.54240793,.33293381,9.0358238,.33293381,-7.1695566,9.6170044,5.1510601
010519,20202,0,2.726408,.38749999,.90985572,-.57694721,15.339271,.28847361,9.9945889,9.6769629,9.6439629
010519,20203,0,2.2382121,.30625001,.7341603,.74332625,15.163856,.35550386,-4.1843357,9.6467228,4.4610429
010519,20204,0,1.4643381,.26555556,.69880331,1.4879264,16.833744,1.0465922,-7.2547731,9.6716185,5.1688251
010519,20211,0,1.1952418,.47124997,.53057766,1.1072979,14.59561,.34319755,-7.0750327,9.6449108,2.7906346
010519,20212,0,1.0324615,1.0024999,.47202745,1.1872324,13.481251,.48657066,.68705976,9.6430311,-3.3931825
010519,20213,0,.72024578,.9749999,.39337695,1.202939,14.227194,.49418038,-9.877449,9.6407585,-.59643614
010519,20214,0,.74993593,.85624999,.38524777,1.355688,14.290392,1.1199162,-8.6806145,9.6335802,-3.8038638
010519,20221,0,.84553772,1.1224999,.40142661,1.2194351,13.375876,.30327922,-9.5457525,9.6694727,2.4561517
010519,20222,0,1.1194887,1.6274999,.42664793,1.3638363,13.361825,.41480735,.30872524,9.6747656,3.1734507
010519,20223,0,1.4190286,1.6400002,.51274759,1.4169657,11.593929,.49121481,-9.7584276,9.6727524,3.1994541
010519,20224,0,1.3310889,.58875,.54341769,1.4163951,11.80747,1.015292,-9.8560991,9.6775904,4.4010305
010530,20131,0,.9198972,.76333332,.67058665,1.2250133,3.1164601,.24048446,-1.7562926,10.219925,2.2510867
010530,20132,0,1.1019386,.94749999,.569682,1.0120136,3.6784906,.23932259,-.60393214,10.218689,2.1684904
010530,20133,0,1.1453478,1.2125,.51689851,1.149496,5.1144609,.2037677,-1.3810247,10.22664,4.6987014
010530,20134,0,1.3020159,1.3975,.49057916,1.2100098,6.8221769,.33424705,-2.4544744,10.249645,2.4871247
010530,20141,0,1.0485889,1.847,.41223997,1.7044634,18.452206,.32859015,5.9928837,10.369213,14.92886
010530,20142,0,1.0018858,1.702,.42929313,.60368019,3.3006239,.16365477,10.656324,10.739299,52.061028
010530,20143,0,.92983001,2.0874999,.43346441,1.0642378,1.3673065,.20467849,9.5540257,10.699042,47.240307
010530,20144,0,1.0737302,1.9762502,.41947672,1.4082659,1.2733423,.36705801,8.0190392,10.661738,41.209385
010530,20151,0,1.3029207,1.7577778,.40922695,.89867246,3.1550379,.22682668,8.0180702,10.66551,29.629663
010530,20152,0,1.1868501,1.6311111,.37168816,1.222248,2.0856578,.22767833,9.2791138,10.642021,-9.7277489
010530,20153,0,1.3026546,1.86,.39813074,1.1396933,1.8441918,.24177486,6.3387899,10.640039,-5.9003401
010530,20154,0,1.617267,1.5344445,.42650384,1.4645017,1.2282761,.31448144,5.8455677,10.624908,-3.6829989
010530,20161,1,1.3420584,1.4872727,.37291178,.98363858,1.1105676,.28149381,3.5525708,10.618616,-4.6893573
010530,20162,0,1.5119746,1.1645455,.37135649,1.2027184,1.9249082,.26727074,7.6678724,10.667855,2.5833297
010530,20163,0,1.2548853,.97500002,.36199296,1.1206199,1.5693412,.19170055,5.5805922,10.65144,1.1401112
010530,20164,0,1.1217334,.9407692,.34201559,1.311166,4.1032519,.27806303,11.315134,10.77918,15.427046
010530,20171,0,1.0789231,1.3607693,.38455072,1.2002397,1.75614,.2034526,8.6630344,10.734384,11.576743
010530,20172,0,.96900517,1.2624999,.36134812,1.3242855,1.5871952,.19042014,10.159713,10.74103,7.317462
010530,20173,0,.82894117,.82666671,.32553986,1.1480489,1.3475599,.23949933,9.5536919,10.747502,9.6062069
010530,20174,0,.84817141,.86142856,.32378858,.94310474,1.3498186,.3843866,12.530661,10.932844,15.366526
010530,20181,0,.74686754,.91230774,.3256934,1.0217226,2.4016657,.20822673,10.83602,10.944983,21.059883
010530,20182,0,.92250377,.97166663,.31345716,1.3290915,1.719689,.32343584,10.724968,10.943411,20.238144
010530,20183,0,.96441656,.89499998,.31758931,1.2797141,1.7219285,.31225747,7.901886,10.922389,17.488686
010530,20184,0,.88150287,.7816667,.27129278,1.630415,2.0135081,.51563239,6.8472028,10.916506,-1.6338793
010530,20191,0,1.1673772,.40333337,.30550832,1.4493527,3.76476,.35744771,5.4332347,10.937242,-.77413338
010530,20192,0,.86128277,.10999998,.25259265,2.0127347,2.0307217,.39571193,5.8786926,10.925866,-1.754431
010530,20193,0,.90533364,-.20818184,.2421373,1.311023,3.9882698,.37260652,4.7994761,10.967681,4.5291891
010530,20194,1,.77582967,-.17666665,.25196609,1.7662923,2.2986479,.50943959,2.21065,10.946041,2.9535182
010530,20201,1,.77650344,.31374997,.22821073,1.3497542,4.145184,.43336019,1.7493814,10.974746,3.7504506
010530,20202,0,2.1475108,.49599999,.25213155,1.9697382,5.1254091,.45835605,4.1973829,10.979991,5.4124022
010530,20203,0,.97047222,.45099998,.20682493,3.1383436,9.4751034,.59422338,3.6405354,11.028303,6.0622592
010530,20204,0,.79023504,.42300001,.18118584,3.8994086,11.815301,.91475314,.72664917,11.067591,12.155021
010530,20211,0,.59390014,.59399998,.18662018,3.3844061,14.966981,.90945947,.16506612,11.142615,16.786934
010530,20212,0,.72538555,1.3549999,.19520447,2.7725956,8.4967623,.81903803,-3.4181924,11.096364,11.637346
010530,20213,0,.54086816,1.29125,.18420762,2.8095365,10.390263,.7740258,-3.3383429,11.122812,9.450841
010530,20214,0,.58696938,1.2409091,.17156045,2.2527173,16.368206,1.1290761,-2.4263115,11.2064,13.880928
010530,20221,0,.91212493,1.0873333,.1544207,2.3285639,4.7202044,.67281306,6.013793,11.462926,32.031094
010530,20222,0,.95143962,1.630909,.17578737,1.7941282,2.9952452,.54557019,4.6694903,11.437631,34.126659
010530,20223,0,.81174636,1.613,.1976316,1.6504929,2.1020324,.60389274,3.653568,11.413978,29.116577
010530,20224,1,.38474563,.65799999,.21784349,1.740744,3.2395952,.60749316,1.7333716,11.413503,20.710255
010618,20131,0,3.3881176,2.0300002,.12607041,3.3571463,13.457671,.34570181,-18.598461,6.8407593,7.1504345
010618,20132,1,3.6234827,1.84,.12198935,7.9665251,6.1678028,1.653723,-10.99966,6.8917713,4.9080458
010618,20133,0,3.313735,1.6999999,.14321916,3.5962918,7.2057681,1.3347636,-23.612284,7.0165687,7.9881725
010618,20134,1,3.1700962,2.54,.1335645,.48005587,15.631394,1.458303,-17.171463,6.9384108,4.421886
010618,20141,1,3.067889,2.95,.10647908,2.5798106,18.249151,1.8035438,-20.260721,6.9104996,6.9740167
010618,20142,1,2.557205,3.1500001,.095759101,8.3769159,10.0063,1.4041045,-12.940457,6.9465866,5.4815283
010618,20143,0,2.4195709,2.6800001,.10671823,4.2410998,11.016276,1.7422997,-26.978773,7.0726304,5.6062102
010618,20144,1,2.4432254,2.7750001,.1249043,.96663761,15.773164,1.5880095,-19.906578,7.028048,8.963748
010618,20151,0,2.3298559,2.28,.11758365,2.5955729,26.406326,.84693664,-10.051113,7.0837359,17.323643
010618,20152,0,2.6098919,1.85,.11430002,7.09161,6.2710633,1.2980196,.99528432,7.1870279,24.044161
010618,20153,0,2.480988,1.9200001,.12381236,3.6050994,7.3891559,.69520742,-14.93569,7.2992072,22.657681
010618,20154,0,2.4061351,2.29,.12342868,1.7319742,8.1131601,1.3846087,-9.4502926,7.2152038,18.71559
010618,20161,0,2.9006977,2.2649999,.1125837,3.0116026,9.6862059,.81923324,-11.856705,7.1729293,8.9193497
010618,20162,0,3.0608742,1.8299999,.112745,7.5820365,8.4759016,.85677344,-2.2651525,7.2398133,5.2785411
010618,20163,0,3.2727137,1.78,.11957004,3.618365,11.320046,.77647513,-19.620975,7.3413157,4.2108655
010618,20164,0,2.9918444,1.36,.11419379,2.0600193,18.892687,1.0986315,-15.608528,7.2912898,7.6085711
010618,20171,0,2.948113,1.4299999,.10696675,3.2424803,19.71542,.8374666,-18.770668,7.2352719,6.2342381
010618,20172,0,2.0686369,1.9200001,.080590174,8.5874891,11.325933,.75934857,-10.512272,7.2463059,.64925659
010618,20173,0,1.9448105,1.5,.086983755,4.2785711,16.587315,.89438176,-27.285746,7.3769822,3.5666373
010618,20174,1,1.9832654,1.2499999,.085724778,2.1565499,21.345434,1.382822,-22.273251,7.3585405,6.7250752
010618,20181,0,1.9801989,1.2899998,.090403989,1.513201,20.769762,.72192359,-24.843914,7.3090696,7.3797965
010618,20182,0,1.8964965,1.245,.085785292,8.6556225,14.486362,1.6205764,-16.2258,7.3243623,7.8056021
010618,20183,1,2.0750885,1.155,.10092323,4.8301482,12.599749,1.0131762,-30.218565,7.3998547,2.2872503
010618,20184,0,2.0833414,.95500004,.10258091,2.5435297,16.345974,2.4880812,-21.016068,7.3361273,-2.241307
010618,20191,0,1.8939342,.96000004,.11370873,3.7899814,18.404007,.902619,-25.334417,7.3594575,5.0387669
010618,20192,0,2.3836076,.43000007,.11007757,7.1215801,15.403183,1.1856564,-15.125334,7.3919168,6.755487
010618,20193,0,2.1725745,.26499996,.10387974,2.4577048,7.302433,.94809401,-12.81918,7.8103528,41.049782
010618,20194,0,2.2689126,.10999992,.10895471,1.6567283,6.204916,1.5620854,-10.083824,7.7448874,40.875988
010618,20201,0,1.8723696,.06000004,.10373596,3.0074914,6.5146937,.50721997,-14.021728,7.7538581,39.440083
010618,20202,0,1.8051695,.039999943,.1069355,3.9511013,4.3712316,.61590725,-2.654603,7.820684,42.876701
010618,20203,0,3.8911748,.25,.14439224,3.1644597,7.1138458,.69216329,-8.7766113,7.9414644,13.111184
010618,20204,0,3.192364,.15000001,.13727808,2.5657256,14.007113,1.1173607,-7.2482529,7.9423137,19.742634
010618,20211,0,2.5185351,.24000001,.12720075,3.9001789,16.819265,.36814442,-12.974438,7.9562063,20.234798
010618,20212,0,1.9750558,.95999998,.11641967,4.9448409,15.073851,.54585207,-7.6866059,7.9638557,14.317198
010618,20213,0,1.279415,.83999997,.099594332,3.2148366,16.609375,.72637546,-20.060167,8.0050697,6.3605189
010618,20214,0,1.2311323,.70999998,.10164284,2.0251687,18.036427,1.8884795,-19.254723,7.9956603,5.3346562
010618,20221,1,1.171533,1.0599999,.1109526,2.367394,13.814465,.40539619,-19.399208,7.9848509,2.864481
010618,20222,0,.087913036,1.39,.11094245,4.030839,5.9316425,.73979914,2.7735143,8.087347,12.349081
010618,20223,0,1.9988023,2.1249998,.14554651,3.5969815,7.5656757,1.1439925,-9.456912,8.1545877,14.95184
010618,20224,0,2.2735159,.70000005,.14308201,3.4174056,6.7316113,1.9682269,-6.6992044,8.1432123,14.75518
010793,20131,0,2.8991272,1.5599999,1.0766306,.80006737,8.0090952,1.1200943,-6.4508944,9.3821068,5.6029544
010793,20132,0,2.7000911,1.49,.85828441,2.1121385,6.4636526,1.1451353,-12.340906,9.3749218,5.393528
010793,20133,0,2.5679681,1.8833332,.84983844,2.1566684,7.7921004,1.0989919,-13.632375,9.4011259,5.4420762
010793,20134,0,2.1436536,2.3866665,.77814919,2.0858996,9.4029722,1.1497085,-13.014105,9.4073038,2.3346717
010793,20141,0,1.9224352,2.3900001,.68496752,1.7983788,6.9739952,1.2917933,-10.540347,9.3795767,-.25297257
010793,20142,0,1.9926373,2.3099999,.54032004,2.1874475,3.701834,1.2115093,-16.018538,9.3831167,.81943434
010793,20143,0,1.9176106,2.2533333,.63666576,1.1364579,4.8859396,1.617586,-18.483725,9.3972349,-.38912165
010793,20144,0,1.6217271,2.4657142,.73560327,1.2898648,1.8325263,.96426785,.41829944,10.083974,67.666992
010793,20151,1,1.812977,2.0114286,.74653536,1.3048236,1.6120887,.85865819,3.9790483,10.075675,69.609795
010793,20152,0,1.6853448,1.7985715,.80204743,1.4579613,.95638865,.85437393,.14712811,10.065862,68.274498
010793,20153,0,1.8802274,2.0842855,.74623942,1.1005417,2.0176599,.92991507,-1.4928222,10.062327,66.509239
010793,20154,0,2.1124315,1.9228572,.74044019,2.0039992,2.9994783,.81724918,-2.18606,10.043424,-4.0550699
010793,20161,0,1.814835,1.8328571,.62690747,1.8548733,5.105195,.7170459,1.7053813,10.055779,-1.9895232
010793,20162,0,1.8564148,1.4071429,.50195402,2.1500599,1.1416641,.71076363,-3.9033711,10.021759,-4.4102116
010793,20163,1,1.7549713,1.2128571,.48657727,1.7447568,.89692104,.80321282,-5.5127711,10.017262,-4.5064654
010793,20164,0,1.6459578,1.1885713,.43362778,2.6505163,1.5777948,.89393461,-5.0822167,10.01561,-2.7813239
010793,20171,0,1.6799384,1.6271429,.53793484,1.5276093,1.3973131,1.1996225,-1.1126399,10.010412,-4.5367517
010793,20172,0,1.5765866,1.3642857,.55044281,1.9782262,1.0886883,1.394052,-3.9752603,10.025528,.37688208
010793,20173,0,1.0937715,1.028,.56068146,1.4039838,.83740157,1.0226989,5.5589051,10.242208,22.494469
010793,20174,0,.82285929,.92083335,.51656473,5.8113022,1.1437327,1.0546569,4.2290421,10.242314,22.670401
010793,20181,0,.58080691,.90500003,.45580322,1.1231548,1.0518434,.93774515,7.2038918,10.241601,23.118946
010793,20182,1,.66782111,.88749993,.55868757,1.9258838,.71197182,1.1676338,8.0139046,10.243204,21.767633
010793,20183,1,.84934944,.86181813,.60732776,1.875131,.6075843,1.0929534,4.2180986,10.262489,2.0282524
010793,20184,1,.90988827,.82916671,.72989976,1.8207427,.93098354,1.0924456,3.267643,10.278803,3.6488526
010793,20191,1,1.3090912,.46333337,.83266598,1.2184939,1.2401422,1.0453069,11.987755,10.383905,14.230421
010793,20192,0,1.1688155,.19714282,.65410739,2.1047449,1.1139147,.96929044,7.5865269,10.388934,14.57293
010793,20193,0,1.1401424,-.063076966,.58678776,1.1050051,1.2089707,.85548788,5.8382721,10.424214,16.172421
010793,20194,0,1.172477,-.13166663,.55670261,1.5258181,1.4653896,.94268358,5.065289,10.407198,12.839524
010793,20201,1,.94223982,.31666666,.53633261,1.1120641,1.4728935,.92277658,9.1446247,10.428541,4.4635959
010793,20202,1,2.3223686,.53363639,.84881216,1.5520803,1.2953674,.83505458,5.5012107,10.430875,4.1941438
010793,20203,0,1.4055598,.50833333,.84440839,1.8924706,3.9556687,.84495628,2.392298,10.450395,2.6180348
010793,20204,0,1.0395365,.53799999,.87104082,1.3553518,4.1211982,.8387509,.26821196,10.447438,4.0240502
010793,20211,0,.87353575,.67999995,.82410085,1.3424333,6.7854924,.75582379,3.3379734,10.476104,4.7562704
010793,20212,0,1.0171369,1.15,.7279712,2.1726518,2.776005,.87602252,-4.3630543,10.447961,1.7085431
010793,20213,0,.84268302,1.0909091,.76030964,3.7994559,5.038836,.98140931,-4.0236416,10.481869,3.1474664
010793,20214,0,.87108243,1.064,.75629139,3.0873888,7.2544003,1.1236883,-3.4829676,10.499821,5.2382493
010793,20221,0,1.0137721,1.275,.71928328,2.2512491,8.4863138,1.1921573,1.7323732,10.513906,3.7800908
010793,20222,0,1.3521222,1.732,.72617364,2.0892529,3.3845897,1.3259792,-5.7413874,10.488437,4.0476165
010793,20223,0,1.4142745,1.6860001,.77346033,1.4843427,2.9135053,1.5560766,-7.2033434,10.498056,1.6187704
010793,20224,0,1.2777253,.61299998,1.0378408,.85820591,2.8027484,1.5996307,-6.8064032,10.513824,1.400269
010867,20131,1,1.1228025,1.5476471,.55776024,2.0295632,2.2543635,1.6584311,-13.440646,10.761153,4.4604082
010867,20132,0,1.1243458,1.9,.50023288,2.2775478,3.9476123,1.9521838,-11.336942,10.790576,6.871932
010867,20133,0,1.1491799,2.3599999,.47213995,2.3477337,3.763309,1.8459592,-11.901048,10.800106,5.5611811
010867,20134,1,1.1535519,2.7644444,.47899115,2.3979738,2.7901466,1.7586503,-12.502681,10.798718,3.9326932
010867,20141,1,1.1041435,2.7033334,.45735353,2.1877701,2.8794916,1.7956607,-12.177094,10.814384,5.3230848
010867,20142,1,1.0169086,2.6445832,.41660461,2.5364454,3.6484733,2.3085384,-11.586276,10.837579,4.7002888
010867,20143,1,.8109771,2.4943478,.39527243,2.6569955,2.9808774,2.2458398,-11.156336,10.85054,5.0434198
010867,20144,0,.85735142,2.4916668,.36972576,2.7221885,3.5896366,2.1305737,-9.4521599,10.869863,7.1144781
010867,20151,1,.9309684,2.1654167,.3386476,2.1833978,3.0085742,2.0885499,-9.4767485,10.872674,5.8290534
010867,20152,1,.956891,1.9548148,.3753829,2.2655001,2.9861701,2.081099,-10.187046,10.880779,4.3200397
010867,20153,0,1.0246599,2.2865517,.42831737,2.3995421,3.7672813,2.0599148,-8.9263554,10.900012,4.9471498
010867,20154,1,1.2431314,2.014643,.46486464,2.077637,2.0050964,2.4682403,-8.0445871,10.892341,2.247793
010867,20161,1,1.1509228,1.9590626,.53813124,1.7930403,2.5476191,1.2582418,-7.0487766,10.907789,3.511487
010867,20162,0,1.2052504,1.6427273,.53286511,1.7553611,4.7927275,1.619092,-5.1555157,10.929028,4.8247924
010867,20163,1,1.0769242,1.4788235,.49079987,2.0308852,3.8786139,1.8207937,-5.5740776,10.927556,2.7544134
010867,20164,0,.98861444,1.4248385,.44387764,2.0317912,3.9765563,1.6002132,-5.7056246,10.938539,4.6197844
010867,20171,1,.98208636,1.9399998,.42048627,1.9239743,2.3995836,1.455544,-6.2339096,10.928059,2.0269372
010867,20172,1,.92307723,1.7333332,.41764218,2.0894456,2.0375671,1.3917711,-6.4527421,10.931319,.22924289
010867,20173,1,.82390624,1.2284847,.40874165,2.1140976,2.436347,1.3987747,-4.7504306,10.941607,1.4050584
010867,20174,1,.82275999,1.1677419,.38434336,12.680106,3.3747408,1.496594,-2.8554468,10.957747,1.9208696
010867,20181,1,.74507117,1.1044445,.33906984,2.2662008,2.3613465,1.5742311,-2.9455066,10.964848,3.678932
010867,20182,1,.82901651,1.1381249,.33990633,2.6112237,1.9692329,1.2182249,6.9860086,10.964554,3.3234067
010867,20183,0,1.1280463,.99625003,.28227943,2.7143075,2.8864012,1.3869721,5.568716,10.980007,3.8401134
010867,20184,0,1.020606,.86804879,.26504874,2.6200433,3.2033992,1.7011734,3.9878936,10.990567,3.281961
010867,20191,1,1.3117048,.5205,.31149825,2.3517675,2.3247163,1.2714086,3.6351771,10.987782,2.2933295
010867,20192,0,1.1323165,.27166665,.24117778,2.5603809,1.868915,1.3176992,10.576767,11.023845,5.9291301
010867,20193,1,1.1064242,.019523764,.24849108,2.5199325,1.8133792,1.5152006,9.3377981,11.030169,5.0161266
010867,20194,0,1.105603,-.021590866,.26077867,2.2637064,2.1798058,1.5457097,10.251463,11.034534,4.3967834
010867,20201,1,.94046444,.4488095,.23999156,2.3900249,1.4657954,1.3085142,9.3059959,11.029601,4.1820364
010867,20202,0,2.1745157,.71249998,.28842044,1.8194678,2.0171661,1.2729844,12.422005,11.038367,1.4522456
010867,20203,0,1.2849234,.77644444,.24949118,2.1445992,4.3615766,1.093541,11.648828,11.059661,2.9492092
010867,20204,0,1.0603944,.73699999,.22093932,2.1659291,4.1843233,.99350226,9.1828556,11.06216,2.7624836
010867,20211,0,.89465594,.94,.20814179,2.1491072,2.9904804,.85900193,7.4435143,11.041288,1.168699
010867,20212,1,.89992219,1.5292683,.19229439,2.9097147,2.0164096,1.0583723,7.0179043,11.031546,-.68221122
010867,20213,1,.79904145,1.464,.1826966,2.6952136,1.9219307,1.2163098,11.516494,11.036066,-2.3594561
010867,20214,1,.80295336,1.325814,.20666921,2.743746,2.0397692,1.5891597,13.973435,11.040679,-2.1480274
010867,20221,1,.89238381,1.4433334,.1656955,2.5659189,1.613538,1.3349075,14.996487,11.059189,1.7900305
010867,20222,0,1.2151111,1.816,.14349818,2.8649044,1.5175407,1.2443209,16.993948,11.067435,3.5889552
010867,20223,1,1.2555103,1.7661225,.19027933,2.9407201,1.3283675,1.6216636,15.953445,11.07349,3.7423446
010867,20224,0,1.1602027,.55372548,.20229161,2.5067718,2.0292916,1.4232588,19.132965,11.087405,4.6726274
011094,20131,0,3.101974,.63,.37332124,3.0199516,16.12306,.85047948,-19.537447,7.8510971,10.779454
011094,20132,0,2.9108639,.72999996,.33417818,3.422035,16.047262,1.23844,-13.517347,7.8698773,9.3774672
011094,20133,1,2.7132494,1.15,.37741935,2.1303556,18.497238,.78495324,-18.854097,7.8829274,10.105867
011094,20134,0,2.583988,1.5800002,.40996438,1.9962742,19.769512,1.1526567,-18.1378,7.918818,9.6990309
011094,20141,0,2.5833671,1.51,.37881276,2.0162117,22.103632,.84732753,-18.801346,7.9289441,7.7847056
011094,20142,0,1.9076515,1.5899999,.39675197,2.2168734,16.916759,.81310087,-14.206095,7.9675803,9.7703171
011094,20143,1,1.4205256,1.64,.38929546,.82414353,15.949288,.57444119,-19.068655,7.9580889,7.5161486
011094,20144,0,1.7272022,2.7433333,.36797565,1.4133756,15.796789,.33572954,-9.1418715,7.959528,4.0709987
011094,20151,0,1.9951804,2.4033332,.38756248,1.1261077,13.612607,.6086821,-8.2890806,7.9119353,-1.700899
011094,20152,0,2.2237241,2.23,.37643442,1.0786222,12.320046,.31511572,-.85877478,7.8571444,-11.043613
011094,20153,0,2.3015614,2.6133332,.38849658,.46997106,12.367531,.37738687,-6.8515482,7.850646,-10.74428
011094,20154,0,2.669714,2.4433334,.46462402,-1.2274967,12.565806,.44266358,-5.5813193,7.8199177,-13.960995
011094,20161,0,2.7370837,2.3166668,.3758634,1.3740358,14.548217,.58184701,-4.7628345,7.7829857,-12.894961
011094,20162,0,2.7924538,1.9566666,.33190176,1.7511841,16.15568,.50244558,-2.5399656,7.7831664,-7.3977656
011094,20163,0,2.695497,1.7533334,.31040084,1.175897,14.372465,.67674708,-6.3720169,7.7815027,-6.9142923
011094,20164,0,2.4401712,1.67,.31495953,2.9388731,14.654727,.65799987,-7.0714326,7.7765532,-4.336484
011094,20171,0,2.5597279,1.9633332,.29047579,1.6297402,16.722115,.59237432,-7.7097206,7.7797728,-.32130039
011094,20172,0,2.2352009,1.75,.28990048,1.8510772,17.23694,.48705092,-1.691097,7.8107128,2.7546201
011094,20173,0,2.0460238,1.3333333,.31299791,1.3953919,17.764297,.54356402,-8.965456,7.8332682,5.1765203
011094,20174,0,1.908293,1.2833333,.30954042,-.13834342,18.906424,.58877373,-8.4931374,7.8671708,9.0617943
011094,20181,0,1.6901679,1.14,.30737448,1.5095015,18.937651,.62438273,-8.7564201,7.8641319,8.4359083
011094,20182,1,1.7029824,1.12,.34617627,1.2589456,18.321285,.59463787,-4.5608816,7.8701906,5.9477677
011094,20183,0,1.8593382,.97666663,.32645306,.16003679,25.99835,.61535728,-.84957182,7.9299765,9.6708174
011094,20184,1,2.7020135,1.0200001,.34010899,.68909335,11.533867,.89993358,-7.6562257,7.8489642,-1.8206857
011094,20191,0,2.8335731,.7299999,.43142968,1.4268811,12.918048,.83425742,-8.171195,7.8360829,-2.8048859
011094,20192,1,2.755883,.58000004,.38093278,1.5011034,7.9832973,1.0658027,.27921498,7.8807993,1.0609039
011094,20193,0,2.6423519,.39999992,.38885716,1.4029742,9.4752483,.83603179,-4.808423,7.9053454,-2.4630919
011094,20194,0,2.7285469,.27000007,.36331397,1.1939348,12.005392,.93357337,-5.1169276,7.9103861,6.1421738
011094,20201,1,2.6131737,.69000006,.34375608,1.5534786,12.793681,.8532933,-5.6369662,7.924221,8.8138189
011094,20202,0,3.6603887,1.0700001,.48028648,.81981337,10.684916,.89154291,-.078961253,7.9221082,4.130897
011094,20203,0,3.4793279,1.22,.46064454,1.3892725,12.477674,.8049531,-7.7003627,7.9486828,4.3337255
011094,20204,0,3.1244259,1.2049999,.43711713,1.2249008,15.152827,1.2223359,-9.9899054,7.9806771,7.0291147
011094,20211,1,2.504384,1.4799999,.31858066,1.8628858,13.569397,.93340695,-10.387707,7.9906311,6.6409998
011094,20212,1,2.0829384,2.26,.24373055,2.064775,13.013567,.70673084,-6.9769859,8.0090561,8.6947556
011094,20213,0,1.8038636,2.0849998,.25597972,1.5172719,5.8542023,.93077952,-9.8794308,8.1327467,18.406378
011094,20214,1,1.710761,1.8650001,.26327491,.78727418,4.9774804,.79973292,-7.8541069,8.1348381,15.416114
011094,20221,1,1.7038872,1.8149999,.26251021,1.8075572,5.1412592,.78598905,-6.2438068,8.1453314,15.470074
011094,20222,1,2.1970644,2.02,.29050809,2.1250415,4.1798329,.63049299,-2.3534238,8.1835327,17.44763
011094,20223,0,2.1380527,1.8750001,.31132671,1.9623637,4.2065153,.47475308,-6.7047477,8.2092409,7.6494484
011094,20224,0,2.2105131,.55999994,.26280656,1.1136117,4.5895481,.72247261,-7.3906779,8.1947069,5.9868636
011228,20131,0,3.8474507,1.3275,.55702943,-.67477185,3.3898313,.33040881,-5.134645,9.0028982,-1.2560148
011228,20132,0,3.1472986,1.505,.54707301,.35615632,2.3281746,.41084486,-4.3384404,8.9969587,-1.6885102
011228,20133,0,3.3027611,1.6750001,.60751414,.50939482,1.0711404,.70526379,-5.8652282,9.0021133,-.73435789
011228,20134,0,2.960217,2.0650001,.57454473,.10928927,2.9580185,1.9021534,-6.7264376,9.0252218,1.017669
011228,20141,0,2.5100079,2.0425,.5086655,.65376031,2.3457396,.55703115,-5.7304592,9.0190763,1.6178321
011228,20142,0,2.4732661,1.7075,.46323398,.58392566,4.2147751,.89308816,-11.355019,8.971097,-2.5861106
011228,20143,0,2.3191392,1.7,.49095115,.84370887,3.6523156,.6668601,-11.721984,8.9789,-2.3213274
011228,20144,0,2.4713516,1.76,.5344817,.46988595,1.1353589,.68753308,-11.464355,8.9985743,-2.6647522
011228,20151,0,2.7105317,1.5875001,.4830769,-.49216673,1.7523533,.61537588,-10.447357,8.9949045,-2.4171321
011228,20152,0,2.3525858,1.42,.37108955,.57674795,4.7021327,1.1868587,-8.5610685,9.0300903,5.8993177
011228,20153,0,2.5847919,1.8749999,.37963307,1.5105755,.91187245,.80642933,-12.008886,9.0113869,3.248749
011228,20154,0,2.7631757,1.7275,.36761135,1.068768,2.0281799,.8951329,-12.107251,9.026041,2.7466676
011228,20161,0,2.5464866,1.6525,.35264111,.48373622,3.4355893,1.3043699,-12.496084,9.0242071,2.9302614
011228,20162,0,2.5098975,1.3175,.31213385,1.5121574,2.3267298,1.1092485,-13.348453,9.0176077,-1.248266
011228,20163,0,2.6959968,.98799998,.28070238,1.7131733,1.1085736,1.0575972,-15.066072,9.0228186,1.1431645
011228,20164,0,1.9021956,1.11,.29908738,1.3472105,1.6195695,.75026757,-15.199691,9.0309849,.49438328
011228,20171,1,1.525419,1.362,.27665433,.53026187,3.1637821,1.5702343,-14.383091,9.0444603,2.0252514
011228,20172,1,1.4493597,1.4220001,.28290889,1.3739084,3.2816372,1.8070235,-12.052265,9.0761604,5.8552275
011228,20173,0,1.1443061,1.0242857,.27505574,1.1000975,11.446864,.76809961,-4.8821688,9.1972494,17.443047
011228,20174,0,1.131556,1.1183333,.2966817,3.4700117,7.4280987,.98228335,-7.902688,9.1526403,12.165609
011228,20181,0,1.0013951,1.0083333,.27806464,.55738676,1.5428478,1.3539135,-7.6368866,9.1595621,11.510187
011228,20182,0,.69934481,.98166662,.32568645,1.6888654,.49204445,1.2533096,-4.1022868,9.15411,7.7949667
011228,20183,0,.75838089,.89666665,.29620585,1.8197658,.62078559,1.0266553,-5.7526646,9.1946974,-.25523067
011228,20184,0,.72618341,.81333333,.35232171,1.2558382,.43611372,1.2237188,-7.0621281,9.1978254,4.5185184
011228,20191,0,1.2476064,.45500001,.39787111,.6437974,.45162135,1.2410229,-6.3670249,9.1934109,3.3849087
011228,20192,0,1.0181291,.20333333,.33369783,1.9186252,.30211174,1.0082499,-4.2826204,9.2395935,8.5483742
011228,20193,0,1.0982735,-.063333377,.29802749,2.0581706,.25305408,.77337873,-6.4762888,9.2572966,6.2599807
011228,20194,1,1.2997464,-.049999967,.27838409,1.3386848,.86437213,.73247999,-7.4750929,9.2629023,6.5075903
011228,20201,0,.75812352,.26249996,.29571289,.56586695,2.5778134,1.3395884,-8.1367073,9.2732019,7.9790959
011228,20202,1,2.9433255,.685,.39161688,1.9748656,1.1315145,.75730652,-6.1479778,9.2713776,3.1783834
011228,20203,0,2.2690966,.67400002,.37680507,1.7527225,7.1692147,.4021678,-6.1860027,9.3412571,8.3959837
011228,20204,0,1.6868906,.65999997,.33099675,.98803055,9.3587589,.80414766,-6.3581705,9.3579435,9.5042124
011228,20211,0,1.2579151,.88,.30728602,1.3743074,10.2509,.86122036,-7.5187774,9.3662243,9.3022432
011228,20212,0,1.1008848,1.536,.27554458,1.7237108,7.8616238,.80813497,-12.233034,9.335453,6.4075599
011228,20213,1,.9512347,1.4499999,.27312467,1.5288789,8.3692312,1.0922625,-11.767891,9.3562593,1.5002882
011228,20214,0,.8517527,1.34,.28767148,1.0077074,.99671233,.96931595,-4.4655027,9.5242748,16.633104
011228,20221,0,1.0928758,1.3660001,.23742598,.67092508,1.7650154,1.1722918,-3.1328917,9.52388,15.765597
011228,20222,0,1.5106913,1.774,.26959208,1.3512928,.95954055,.9393397,-4.271409,9.5368204,20.136707
011228,20223,0,1.6816835,1.722,.35619646,1.2488101,.87226313,1.1268201,-3.6921442,9.5596933,20.343399
011228,20224,0,1.6127421,.61399996,.32846183,.8169241,1.0050768,1.1097579,-3.1183033,9.5898581,6.5583453
011304,20131,0,1.5565029,2.4000001,.87621433,.98166567,3.7961793,1.6568753,-.77612996,8.3694305,2.3136902
011304,20132,0,1.5210779,1.505,.78363454,.59224802,4.4455876,1.7364174,.38160384,8.3738165,1.8200527
011304,20133,0,1.7138876,1.7733333,.79756606,.26250082,4.0884161,1.7422391,1.6441077,8.3774242,3.069804
011304,20134,0,.68594605,2.79,.82553464,.71935451,4.199203,1.8327117,1.5860438,8.3898144,4.9297609
011304,20141,0,1.1955289,1.95,.77125651,1.1118721,4.1097012,1.4593105,2.575037,8.3806686,1.1237797
011304,20142,0,1.0243443,2.2874999,.72271752,2.3370986,4.3100009,1.8299484,1.8538922,8.3701019,-.3714065
011304,20143,1,1.56503,1.64,.71037185,.24870721,4.9490852,2.2237294,2.7575076,8.3433466,-3.4077511
011304,20144,1,2.0996716,2.99,.80288255,.74302191,.23962571,2.2106862,1.9803256,8.3747873,-1.502738
011304,20151,0,2.6930211,2.52,.68931937,.98569047,.46989486,1.7403064,2.0962448,8.4579382,7.7269673
011304,20152,0,1.6693184,1.05,.70709181,.53840572,.47090772,2.0525997,1.0295033,8.452981,8.2878399
011304,20153,0,1.5441231,1.66,.79668754,.27801347,.3470521,2.0384023,1.2543648,8.4510508,10.770422
011304,20154,0,1.2965207,1.08,.73128849,.81281549,.1965308,2.5459328,1.2404501,8.463625,8.8837557
011304,20161,0,3.3285141,1.47,.71151972,1.1749159,.21366924,1.8138041,.73299706,8.4983463,4.0408535
011304,20162,0,3.527411,1.99,.63696522,.54991788,.25760627,1.896343,.54428875,8.508357,5.5376062
011304,20163,0,2.4910402,1.105,.57901138,.24134839,.26675764,2.0785472,1.6680211,8.5309029,7.9851942
011304,20164,0,2.976371,.63499999,.62329465,.76874757,.13583617,2.2752173,.58664083,8.5593147,9.5689802
011304,20171,0,1.2461579,.90500003,.65687931,1.1698469,.16021454,1.6346892,.62192976,8.577301,7.8954473
011304,20172,0,.6974411,.76999998,.67822778,.40766922,.49021047,1.7024324,.55586994,8.5830479,7.4691296
011304,20173,0,1.4715476,1.02,.62391418,.082840063,.24958107,2.0498588,1.6809821,8.5891428,5.823945
011304,20174,0,2.4212775,1.5,.50751781,.50581121,.2699078,2.2832117,1.7266512,8.6037807,4.4465652
011304,20181,0,1.424798,1.0949999,.52498811,.99533397,.29325086,1.4836079,-1.2235463,8.6151781,3.7877362
011304,20182,0,1.3098754,.93000007,.52129447,.46629253,.47898129,1.8470669,-1.1533648,8.6098061,2.6757576
011304,20183,0,1.2924044,1.0366666,.51074868,.18392229,.64221036,2.0554075,-.057452917,8.6128273,2.3684521
011304,20184,0,1.4802109,.98500007,.53035247,.82490045,.38093364,2.3056474,-.20418465,8.6228857,1.9104947
011304,20191,0,1.2099926,.7299999,.63474709,2.0024638,.25345105,1.6189151,4.785368,8.6626043,4.74262
011304,20192,0,1.2000082,.33000001,.70285618,.42986545,.25230971,1.8059983,2.5067568,8.6810083,7.120266
011304,20193,0,1.146928,.076666586,.64135045,.08659514,.2931475,2.0581403,4.7868013,8.6789598,6.6132641
011304,20194,0,.8469997,.015000021,.59274298,.85126323,.24232231,2.0377271,2.9657125,8.6936283,7.074266
011304,20201,0,1.3312434,.69000006,.60601997,.79612571,.16269743,1.5705004,2.8943272,8.7131634,5.0559306
011304,20202,0,1.7278209,.66500002,.68365824,.28268552,.30643025,1.5217851,4.5367746,8.7281017,4.7093654
011304,20203,0,1.6837783,.82333332,.80586785,.077364601,1.8467546,1.7191887,.51081479,8.7487211,6.9761739
011304,20204,0,1.5859617,.80999994,.85836345,.93480462,1.3488021,1.6945692,-.38234591,8.7456236,5.1995745
011304,20211,0,.77689105,.79499996,.75275189,1.0624175,.22173984,1.5182995,-1.0722548,8.7643805,5.1217031
011304,20212,0,1.0102521,2.3099999,.62725508,.21992356,.33826101,1.8223935,-.94859302,8.7639742,3.5872474
011304,20213,0,.8769719,2.1200001,.70160437,.21615031,.58719879,1.6397241,1.0934442,8.801816,5.3094406
011304,20214,0,.87325323,1.9000001,.77389985,.75580728,.28558365,1.7400486,2.2581458,8.8145504,6.8926311
011304,20221,0,1.0632775,1.79,.71412414,1.0441983,.32345125,1.4005375,3.196177,8.8325272,6.814599
011304,20222,0,1.7232765,1.925,.68887001,.16277692,2.893657,1.6296026,4.3936462,8.8587961,9.4822016
011304,20223,0,1.5108234,1.7233335,.70807809,-.083572194,.31161562,1.7392328,4.7717781,8.8447275,4.2911863
011304,20224,0,1.8350769,.4166666,.82413155,1.1048501,.20356306,1.7104512,4.5095625,8.8616047,4.7055101
011456,20131,0,3.0962429,1.5825,.27592993,1.1435832,7.1315117,.38119441,2.3436546,9.4408169,-.047637954
011456,20132,0,2.7516749,1.79,.24954233,1.5827338,5.1079135,.43964827,2.1955519,9.4342833,.28818464
011456,20133,0,2.1992693,2.1675,.35771397,1.2007477,6.5573769,.54644805,2.1069555,9.5402193,10.873757
011456,20134,0,2.1835067,2.6811111,.36519593,.34595424,5.7851238,.73034787,9.0641613,9.6556034,23.516373
011456,20141,0,1.8388788,2.698889,.36303636,1.3381156,5.7594151,.4483377,7.5131774,9.5817661,14.094901
011456,20142,0,1.7727187,2.4322224,.40065801,2.0062048,5.3774562,.64805239,6.2226028,9.5822487,14.796509
011456,20143,0,1.5118525,2.3411112,.37007484,7.4111805,5.3801098,.71310329,4.9747138,9.6617985,12.157859
011456,20144,0,1.6541939,2.3144445,.34975469,1.3169643,12.053572,.9226191,12.047243,9.505991,-14.961234
011456,20151,0,1.9080054,2.0177777,.28295234,.75053877,11.741101,.89916027,11.768898,9.5072546,-7.451129
011456,20152,0,1.872671,1.8788888,.28878942,1.106926,8.9015293,.83019447,12.921598,9.4733963,-10.8852
011456,20153,0,1.892288,2.1877778,.30130664,1.4825739,8.7013893,.88488704,12.648129,9.4636641,-19.813419
011456,20154,0,2.0390201,1.995,.34556681,.54602188,8.1747274,1.3728548,13.41072,9.4587622,-4.7228885
011456,20161,1,2.1130607,1.8774999,.31658059,.64872658,8.1050777,.63270861,14.476585,9.4323635,-7.4891405
011456,20162,1,2.614207,1.4366667,.42056587,.77138531,1.9055054,.47293264,11.92446,9.9887018,51.530479
011456,20163,1,2.4561434,1.1277778,.42508242,1.0323343,2.2056482,.59575242,12.885764,9.9982977,53.463371
011456,20164,0,2.0659475,1.2175,.38595831,2.630574,3.6713455,.98825556,12.536177,9.9497032,49.094124
011456,20171,0,1.8585361,1.7737501,.39650694,.81588113,3.5129659,.38975212,7.0565968,9.8649025,43.253933
011456,20172,0,1.6667044,1.56375,.36218685,.12630914,2.3946109,.45787063,6.9806547,9.8522472,-13.64546
011456,20173,0,1.4706933,1.0425,.36098009,.68457085,3.6914165,.51079512,7.6542349,9.8516674,-14.662981
011456,20174,0,1.2866769,.95875001,.35312602,1.472666,2.7007933,.86947072,5.5137691,9.8202143,-12.948835
011456,20181,0,1.2384254,.92500001,.33567199,1.489562,4.5628219,.44852984,6.6616654,9.8013992,-6.3503184
011456,20182,0,1.2623875,.98125005,.34012973,1.7724349,4.7581773,.54235393,7.9557896,9.7917175,-6.0529237
011456,20183,0,1.4110605,.88125002,.33680269,1.4128989,6.3940601,.58178186,7.4158101,9.8007898,-5.0877647
011456,20184,0,1.2910177,.77000004,.37394172,-.53365469,3.4486716,.82630402,8.7983637,9.7657757,-5.4438629
011456,20191,1,1.7670933,.39571431,.54996139,-1.6754594,3.403096,.34204882,10.739842,9.7555094,-4.5890002
011456,20192,0,1.545027,.069999911,.44132659,.74713987,3.6247957,.49031052,10.137701,9.748703,-4.3014312
011456,20193,0,1.4010854,-.22,.44250938,.58136123,3.3707206,.57548887,7.7408075,9.7426729,-5.8117104
011456,20194,0,1.3827593,-.25499994,.4168255,-.083174907,3.0596483,.8495723,9.8992853,9.7310371,-3.4738891
011456,20201,0,1.2287573,.22999999,.3631469,.91429967,3.053761,.4144825,8.9547844,9.7054024,-5.010705
011456,20202,0,3.4011025,.44,.6330843,.41792428,8.4629669,.38309729,12.374273,9.7542915,.55879074
011456,20203,0,2.3438339,.32000002,.49415904,1.7411098,3.9559495,.39990157,6.6893191,9.6960945,-4.6578741
011456,20204,0,1.5668041,.31111112,.40167198,1.7852776,4.8116899,3.0997801,2.1171002,9.7023497,-2.8687034
011456,20211,0,1.2371927,.48444444,.34581876,4.1750965,3.0347617,.3249341,-.047492981,9.6995955,-.58073944
011456,20212,0,1.0158414,1.1012499,.35070664,6.0922127,6.0210977,1.3097072,-2.6633887,9.7335291,-2.0761991
011456,20213,0,.79974967,1.0599999,.40371522,2.7033091,9.9663486,.54963541,-1.9895643,9.7886381,9.2543402
011456,20214,0,.96901375,.84250003,.38867909,2.2993588,12.856512,1.2049525,2.0651608,9.8032255,10.087505
011456,20221,0,1.0313603,1.08375,.34899548,4.3677769,10.644686,.49852711,.066637993,9.7786045,7.9009361
011456,20222,0,1.4479926,1.5930001,.36240613,4.6038795,7.0401964,2.0215003,-.85349381,9.7477694,1.4239722
011456,20223,0,1.6312022,1.5940001,.43864465,1.7633674,9.8464165,.55176336,.56677759,9.7745171,-1.4120539
011456,20224,0,1.6137445,.50999999,.51273692,.062535532,10.915293,1.3189312,1.1894375,9.7750854,-2.8139293
011600,20131,0,3.4703958,.58000004,.47062612,2.0392294,1.8062592,.53744578,-14.704272,7.5070505,12.329457
011600,20132,0,3.6658196,.75,.41199613,1.7782367,1.9817184,.5403192,-15.808867,7.5417795,1.3786647
011600,20133,0,3.5147731,.79999995,.33658192,2.7965658,2.6339705,.68451965,-12.093059,7.5760241,3.8169482
011600,20134,0,3.0111394,1.48,.36157739,1.0977707,5.7833509,.8150745,-17.194942,7.6463823,14.778623
011600,20141,0,3.5653434,1.3000001,.28724039,1.9889772,5.3421645,1.0651019,-15.787686,7.6213918,11.434114
011600,20142,1,3.0845318,1.61,.30723691,1.5599459,2.4876912,.90225023,-18.912867,7.6619539,12.017417
011600,20143,0,1.7100215,2.53,.30218753,1.9233743,8.2773285,1.0395923,-9.543458,7.7390895,16.306564
011600,20144,1,1.7610756,1.995,.31166032,1.2512019,6.2394891,.98836541,-10.194504,7.7641668,11.778452
011600,20151,0,1.7814862,2.3099999,.3357504,-1.1142455,4.183816,1.1319711,-8.1355391,7.7438726,12.248112
011600,20152,1,1.8523285,1.45,.3949329,1.2994052,1.9117664,1.0349325,-6.7982526,7.7058935,4.3939543
011600,20153,1,1.7346196,1.85,.42197278,1.533133,1.4899225,1.8462533,-8.6457195,7.6425924,-9.649745
011600,20154,0,2.0310781,1.7850001,.44512066,1.1425723,.91753787,1.0750717,-9.6622705,7.6235981,-14.056895
011600,20161,0,2.0372372,1.8449999,.35567817,1.5220767,1.3948971,.76353705,-7.2558045,7.5812125,-16.266035
011600,20162,0,2.2235246,.91000003,.37066063,2.9859769,1.2975987,1.1006017,-9.9558296,7.5806632,-12.523034
011600,20163,0,2.4381428,1.285,.3457987,3.1770728,4.07936,.79059768,-12.366962,7.6322823,-1.0309819
011600,20164,0,1.8588275,1.045,.31613657,2.1340973,8.3193817,.67508328,-13.094982,7.6879754,6.4377666
011600,20171,0,2.1130359,1.6900001,.24828386,1.674924,8.1755753,.98603463,-12.66836,7.6698332,8.8620815
011600,20172,0,1.8620696,1.2900001,.29011118,2.5140009,10.114077,.72143912,-15.64109,7.7174292,13.676614
011600,20173,1,1.4996173,.90999997,.35923785,1.958162,11.958703,.77463806,-15.34619,7.7516232,11.934085
011600,20174,0,1.570586,.91000003,.30674687,1.4978974,7.4453897,.90011454,-8.8891268,7.8749499,18.697412
011600,20181,0,1.4396892,.90333325,.35070479,3.0753043,4.7522411,.52991921,-8.7350397,7.8523273,18.24943
011600,20182,0,1.3275881,1.0633333,.33902407,1.1767536,5.6381984,.79430574,-8.214962,7.8689184,15.148926
011600,20183,0,1.3654681,.96333337,.30971479,2.0955935,4.6520562,.74125016,-8.1600103,7.8716116,11.998816
011600,20184,0,1.197229,.73500013,.33912575,1.3026712,3.710211,.83293265,-9.9897232,7.8671727,-.77772015
011600,20191,0,1.6023053,.5933333,.35580724,1.0448257,3.6304111,.75627226,-8.3386717,7.8487139,-.3613455
011600,20192,0,1.2812552,.12999998,.37710449,1.4699529,4.4060416,.93269449,-9.1078606,7.8506074,-1.83111
011600,20193,0,1.96658,-.15999994,.42276123,-.19021857,3.6786339,.88314617,-8.6805763,7.8283553,-4.3256311
011600,20194,0,2.3009896,-.39000002,.40260267,2.1860697,1.9131365,1.1911618,-6.9277139,7.7759609,-9.121151
011600,20201,0,1.7753469,.18499997,.3934536,.63558525,2.9996333,.88083613,-9.0945301,7.7869506,-6.1763225
011600,20202,0,1.4370856,-.19999994,.45794773,.66588914,4.2579856,.97687066,-7.3682842,7.795269,-5.5338216
011600,20203,0,2.909529,.20999999,.49409726,26.449541,6.313406,1.4098557,-6.8753214,7.7542734,-7.4081564
011600,20204,0,1.824717,.17000002,.6406619,-2.3648274,29.948326,.51334172,-17.84853,8.0491247,27.316362
011600,20211,0,1.518718,.29999998,.4427377,2.2332475,28.307598,.54096192,-.083327293,8.0154543,22.850367
011600,20212,0,1.125386,.50000006,.3842921,3.6188529,20.698893,.537211,-20.929327,8.0513,25.603136
011600,20213,0,1.0499074,.80000001,.39632753,3.9277017,18.982048,.70925772,-19.082148,8.1236305,36.935692
011600,20214,0,1.2753103,.9749999,.48661152,3.1090367,11.253483,.68307984,-15.645874,8.1740704,12.494564
011600,20221,0,.87649673,1.15,.61072785,1.6017026,6.4018636,.67218512,-13.693844,8.1655436,15.008883
011600,20222,0,1.1700083,1.5399998,.50340831,2.1468315,1.1857171,.6098187,-11.492359,8.2263489,17.504833
011600,20223,0,1.8102534,1.905,.63580889,1.7590337,.94660401,.58953786,-14.251645,8.2005692,7.6938643
011600,20224,0,2.0697107,.33500004,.59461701,.46203259,1.0189902,.69769257,-13.601865,8.1634121,-1.0658517
011672,20131,0,.397764,.17999999,.11414181,6.5943971,20.092489,2.2092133,-34.289944,9.1239204,7.2460823
011672,20132,1,.45339623,.2,.10978325,4.7613215,21.52903,2.507555,-31.796947,9.1602945,13.850212
011672,20133,0,.56099761,.935,.10729591,4.8733869,22.640198,2.6269252,-26.274145,9.1942482,14.606437
011672,20134,0,.60242963,1.42,.10370017,6.2729425,21.055832,2.6422312,-27.951521,9.2029171,13.914818
011672,20141,0,.57934451,1.4299999,.094942547,5.4576712,21.201399,1.7564045,-28.403008,9.2751198,15.119967
011672,20142,0,.56215405,1.585,.10381464,4.4536419,23.962774,1.8955061,-28.212456,9.2302427,6.9948993
011672,20143,1,.52636236,1.3800001,.10474556,4.9628677,22.235826,2.2220075,-28.012276,9.2524357,5.8187623
011672,20144,0,.59704041,1.2950001,.11498065,5.4473281,22.599649,2.5708117,-26.451794,9.2985344,9.5616922
011672,20151,1,.60347402,2.28,.099634871,5.5920234,20.96998,1.773828,-25.814634,9.3580742,8.2954607
011672,20152,0,.73994201,1.85,.095953114,4.26478,24.948805,1.8082954,-25.730711,9.3172541,8.7010775
011672,20153,0,.68818694,1.9200001,.097031251,4.8331656,22.776731,1.7916766,-27.294243,9.338377,8.5941362
011672,20154,0,.75949359,2.29,.090073019,5.1781487,19.736069,2.167279,-27.906645,9.3361835,3.7649353
011672,20161,0,.74730104,2.05,.087636389,5.5573878,17.703247,1.9905301,-28.83182,9.3920307,3.3956521
011672,20162,0,1.270017,1.26,.091790497,4.420599,21.286055,2.3151999,-27.190144,9.3500576,3.2803297
011672,20163,0,.88050824,1.03,.090591043,4.8029675,20.059057,2.069242,-28.248119,9.3677473,2.9370658
011672,20164,1,.71476346,.77000004,.082969151,4.7108421,19.06321,2.2172024,-29.871284,9.3648329,2.8649218
011672,20171,0,.83672774,1.1849999,.089523032,5.2688012,21.966053,2.0016575,-27.344271,9.4624081,7.0377283
011672,20172,0,.81218368,1.6650001,.091163561,4.1624265,26.957024,2.0065107,-22.866518,9.463727,11.366934
011672,20173,0,.83349907,1.26,.089997731,4.3323369,24.496342,1.9457624,-22.507444,9.4543438,8.6595697
011672,20174,0,.67506903,1.025,.10107354,4.9586816,22.821196,2.4789464,-23.974762,9.4677401,10.290696
011672,20181,0,.59709531,1.1,.10453355,6.3214822,20.722908,1.6579698,-23.54726,9.5380383,7.5629725
011672,20182,0,.54107487,1.0700001,.097960278,5.09589,23.222639,1.8846402,-20.486233,9.5509481,8.7221365
011672,20183,0,.63171256,1.025,.099064931,5.2803559,22.253019,2.2057133,-22.291328,9.5473213,9.297801
011672,20184,0,.71918547,.87500012,.08554098,5.4016719,20.35738,2.1192963,-24.710148,9.55474,8.7000608
011672,20191,0,.57077736,.82499999,.077356771,5.6008282,18.048075,1.6783489,-27.065521,9.617487,7.9448714
011672,20192,0,.7619344,.255,.081136547,4.8874536,21.151913,2.2121203,-25.644886,9.5698338,1.8885397
011672,20193,0,.48628134,-.050000079,.077101327,3.374805,9.9384127,1.1610489,7.6329288,10.020784,47.34631
011672,20194,0,.5184527,-.26999995,.080594227,3.6239936,9.5663271,1.814458,10.934329,10.036924,48.218403
011672,20201,0,.53357232,-.12000003,.079586737,4.0545182,8.4820337,.9486056,8.9219685,10.097767,48.027981
011672,20202,1,.40117478,.019999962,.083054513,-3.675663,13.322641,.87191957,8.9070797,10.091833,52.199936
011672,20203,0,1.8835466,.41333336,.079837784,-.84288007,16.871117,.39104488,27.581047,10.143105,12.231985
011672,20204,0,.84818804,.35666665,.074191511,3.2619801,24.918364,.46556807,13.200283,10.187478,15.055363
011672,20211,0,.71215004,.48833334,.090989061,1.0312619,33.523922,.42583519,5.6968122,10.35982,26.205338
011672,20212,0,.53526437,.65875,.074327968,1.7327763,33.977158,.73114902,11.287305,10.33571,24.387724
011672,20213,0,.53496939,1.1274999,.071510822,2.5928838,28.960627,.72488648,6.2281399,10.318951,17.584604
011672,20214,0,.50756985,1.0033333,.076921672,3.5541263,24.687857,.94011676,3.3756435,10.267555,8.007781
011672,20221,0,.43039188,1.255,.08177013,3.1266153,22.585211,1.0949159,2.4972796,10.311316,-4.8503966
011672,20222,0,.56615716,1.3916667,.069921106,2.0641,21.877884,1.1044797,5.7660222,10.256306,-7.9403868
011672,20223,0,.81224006,1.8666666,.077854745,2.9207609,15.500119,1.3682617,6.6014795,10.229546,-8.9405146
011672,20224,0,1.0366967,.73400003,.075512454,3.9231532,13.034821,1.4996084,7.1184845,10.206943,-6.0613403
012141,20131,0,.54818738,1.7540001,.32510826,4.7053614,53.085487,.7227062,-12.402001,11.765107,13.668585
012141,20132,1,.54200113,1.941,.32205421,3.7023227,55.540806,1.3377577,-10.625977,11.806378,12.785371
012141,20133,0,.64937377,2.3416667,.27293545,3.6817827,54.076714,.86427814,-10.39202,11.866613,16.082996
012141,20134,1,.85032898,2.6941669,.29538637,4.6070194,56.672382,1.2167364,-11.874801,11.86603,15.527063
012141,20141,0,.59600997,2.6980002,.27350461,3.6862638,54.671329,.77632976,-8.626874,11.941736,17.662865
012141,20142,0,.50006264,2.598,.25764862,2.9541566,56.639488,.85191429,-9.1186686,11.958374,15.199547
012141,20143,0,.52815843,2.4200001,.26025543,2.6336551,49.71981,.74368852,-11.808878,12.05748,19.086687
012141,20144,0,.58466339,2.4013333,.23640007,3.4558165,52.572853,.87824774,-10.923801,12.041528,17.54981
012141,20151,1,.70130044,2.0479999,.2415161,2.8510478,51.615692,.79554814,-8.2302074,12.071672,12.993637
012141,20152,0,.74954748,1.96,.27403179,-1.8083234,54.016514,1.0080199,-5.7133064,12.082112,12.373863
012141,20153,0,.89005625,2.2038095,.22415569,2.7817028,54.774918,.76947957,-3.5531998,12.079506,2.2025692
012141,20154,1,.94034076,2.05,.21931173,2.9023228,57.465183,1.170646,-6.5010505,12.060446,1.8917401
012141,20161,0,.87316799,1.8921429,.17406562,2.0855312,56.991196,1.2815245,-.92600584,12.101256,2.9584122
012141,20162,1,.80689788,1.5410715,.17290983,1.7166203,58.037376,1.459842,-1.9340962,12.111042,2.8929482
012141,20163,1,.85545468,1.3371428,.18058978,2.9257488,58.463348,1.1167098,.15496016,12.174035,9.4529352
012141,20164,1,.87168354,1.2862856,.15707429,2.9488435,64.431313,.93542373,8.4256086,12.26681,20.636467
012141,20171,1,.75167602,1.8126471,.14202791,2.4424558,54.664085,.75464135,12.478336,12.322121,22.086441
012141,20172,0,.70871955,1.6160976,.13556236,3.5859513,56.003769,1.01459,12.352389,12.323932,21.288931
012141,20173,1,.67787308,1.1570001,.13259053,2.7276573,55.159157,.88433176,11.376667,12.392909,21.887413
012141,20174,0,.64447504,1.0977501,.15589087,-2.5299382,55.589188,1.0381498,15.099155,12.425597,15.878746
012141,20181,0,.53581762,1.0547367,.1153947,2.899966,55.772781,1.1460804,15.241941,12.452945,13.082359
012141,20182,0,.59964031,1.0539473,.11233336,3.614301,53.878456,1.621201,6.5561652,12.41104,8.7108774
012141,20183,0,.62195253,.94864863,.10611086,3.4089506,51.678204,1.3915503,6.4226241,12.463996,7.1087303
012141,20184,0,.54170722,.84027779,.097590782,3.2683923,52.744556,1.4389466,6.7895145,12.459237,3.3639371
012141,20191,0,.64417601,.49722221,.11783629,3.4030108,49.317196,.99088687,3.8138092,12.464039,1.1094348
012141,20192,0,.60990781,.25294116,.10456926,5.0087171,49.991451,1.5386602,3.8114011,12.480977,6.9937177
012141,20193,0,.64158344,.0035293601,.094356015,3.7263222,46.699074,1.18127,.34384429,12.565689,10.169296
012141,20194,0,.56523383,-.03147056,.099763036,4.1759424,48.981377,1.2708143,1.5388429,12.538806,7.9568729
012141,20201,0,.47905362,.42781252,.091693871,3.8020606,47.473778,1.332065,.16536117,12.552474,8.8435202
012141,20202,0,1.1311904,.68612903,.095483035,3.9243438,48.213867,1.6619431,-1.0559499,12.561819,8.0841475
012141,20203,0,.71120107,.75515151,.077072293,4.6108508,45.310993,1.6285499,-6.3137174,12.615898,5.0208974
012141,20204,0,.65941435,.755,.077552453,5.1371922,45.839382,1.3867064,-9.4475536,12.614869,7.6063113
012141,20211,0,.48977342,.92624992,.077586062,5.0822492,43.390972,1.673259,-9.7881765,12.625234,7.2759538
012141,20212,0,.51178342,1.6325001,.075672843,5.3283,40.600689,2.0888438,-11.255473,12.640705,7.8886232
012141,20213,0,.42811978,1.5174999,.0696913,6.1432862,39.047993,1.7406728,-11.839149,12.718234,10.233615
012141,20214,0,.46582818,1.3415625,.068981469,5.594512,38.940964,1.7485645,-13.596873,12.723133,10.826392
012141,20221,0,.58279091,1.499,.063440666,4.9143772,36.831097,1.5687933,-12.202282,12.737844,11.261083
012141,20222,0,.74400496,1.8146667,.070533201,4.8577075,30.380404,1.9938655,-17.293209,12.75016,10.945502
012141,20223,0,.68020147,1.7648276,.087024949,4.8119726,28.713135,1.7221248,-16.858334,12.807214,8.8979807
012141,20224,0,.63747925,.57214278,.099252321,4.5652394,29.812887,1.743824,-12.92484,12.793259,7.0126338
012540,20131,1,1.3444937,.38000003,.3901425,.65283322,35.473907,.60343736,-13.858014,9.2077894,10.378971
012540,20132,0,1.324192,.46000001,.34594062,.75298226,36.010162,.45495099,-13.307445,9.2267761,10.715814
012540,20133,0,1.2144725,.505,.32107845,.80738348,37.602814,.45521712,-15.149051,9.2379913,9.3167982
012540,20134,0,1.2045182,.78499997,.29868507,.63825488,30.915466,.34317434,-15.580869,9.2334862,6.0846176
012540,20141,0,1.1755185,.67500001,.23824997,.45322397,30.574768,.28316143,-15.661955,9.2476645,3.9875443
012540,20142,0,1.255676,1.47,.19313452,.86402524,30.569277,.26545298,-17.878096,9.2346315,.78554785
012540,20143,0,.95911801,1.5600001,.20705454,.43082476,32.107086,.52993584,-21.196199,9.2468843,.88928992
012540,20144,0,.98171449,1.6,.1874157,.83989602,33.545879,.35044906,-20.376928,9.2585287,2.5042419
012540,20151,1,.95476454,1.6,.18436223,.78703266,34.67041,.32956207,-22.264309,9.2859888,3.8323555
012540,20152,0,.95416272,1.705,.16670711,1.3398197,28.858086,.32456967,-18.576578,9.3064156,7.1784749
012540,20153,0,.86467034,1.85,.16696317,1.5625527,30.569914,.43871313,-19.251146,9.3205738,7.3689132
012540,20154,0,1.2167507,1.7850001,.17402829,1.9351525,31.878754,.56198972,-18.905426,9.350832,9.23036
012540,20161,0,.95243722,1.8449999,.15330006,2.1686575,34.009239,.39398041,-18.575365,9.3696041,8.3615704
012540,20162,0,1.2051395,1.1900001,.16725352,2.051614,34.445637,.45188227,-20.048813,9.3840151,7.759892
012540,20163,0,.80353034,1.285,.14556183,2.2165246,35.34816,.45194387,-19.519888,9.4105663,8.9992476
012540,20164,0,.88579583,.84999996,.14262918,3.2311697,35.95245,.39323413,-21.651857,9.422823,7.1990528
012540,20171,0,1.0121119,1.11,.14485341,3.1356137,37.469563,.24319448,-21.906435,9.4499168,8.0313148
012540,20172,0,.77632517,1.2900001,.13040042,2.8700364,35.628166,.42390126,-21.001659,9.4761438,9.2128744
012540,20173,0,.52983278,.90999997,.11108857,3.1393354,36.898987,.40582418,-21.525074,9.5003872,8.9821205
012540,20174,0,.67192644,.55000001,.10666603,3.6064978,38.603275,.27097505,-24.44132,9.5401344,11.731172
012540,20181,0,.54106891,.64499998,.094613776,4.0113773,40.038193,.65454668,-25.407595,9.5843534,13.443579
012540,20182,0,.50258625,.81999999,.079504468,4.4289422,41.059044,.30264166,-28.589106,9.6140366,13.789269
012540,20183,0,.47173601,.80500001,.071169764,4.3940725,41.772045,.41915387,-31.329393,9.6266403,12.625302
012540,20184,1,.52195472,.58000004,.068632632,4.4054089,32.116081,.40636882,-35.867996,9.6418381,10.170404
012540,20191,0,.60723042,.49500003,.076103881,3.5923727,17.203989,.3477495,-27.056343,9.8399448,25.559183
012540,20192,0,.57774198,.1,.076738596,3.2431462,16.540211,.74590111,-23.200447,9.8784533,26.441734
012540,20193,1,.58545595,-.15999994,.075455241,4.0311537,17.690405,.45573282,-24.05703,9.8866415,26.000175
012540,20194,0,.65304697,-.46000001,.074309409,4.2476492,18.203989,.46918756,-24.776516,9.9062281,26.438946
012540,20201,0,.47920752,.099999979,.070560768,4.5996609,20.117983,.4527415,-25.569702,9.9408989,10.095403
012540,20202,0,.41223294,-.19999994,.062222186,5.1852551,19.661545,.45253137,-23.296827,9.9624166,8.3963022
012540,20203,0,.55970645,.20999999,.057709303,4.4206824,20.14072,.58325231,-24.657541,9.980587,9.394556
012540,20204,0,.24678674,.17000002,.047454175,10.038369,23.485323,.4595342,-30.310976,10.017441,11.121325
012540,20211,0,.18222377,.29999998,.052564032,5.1927195,24.674683,.24295834,-41.103508,10.097573,15.667404
012540,20212,0,.038436979,.50000006,.062011026,4.46668,19.863918,.38022813,-32.212978,10.126031,16.361431
012540,20213,0,-.066937998,.80000001,.057817671,4.7377062,22.547104,.37135488,-33.9505,10.149644,16.90568
012540,20214,0,.54452449,.17,.04530235,4.7161875,23.577112,.37867197,-35.252548,10.171375,15.393395
012540,20221,0,.66652149,.46000001,.046624783,4.6474066,21.284094,.36709371,-44.239582,10.212479,11.490549
012540,20222,0,.57949895,1.11,.062939912,4.5349555,18.097475,.48506317,-41.428215,10.164928,3.889739
012540,20223,0,.44696009,1.6399999,.07141231,4.3151255,20.128389,.47481576,-31.405466,10.178312,2.8668065
012540,20224,0,.18223,.62,.082725905,4.3972483,21.552498,.34026325,-28.964176,10.194065,2.269043
012635,20131,0,1.6418446,1.65,.3256312,1.3769566,4.2132521,.68259382,3.2456756,9.0474682,-.59841776
012635,20132,0,1.6151242,1.87,.29821536,1.5790025,3.722681,.54376245,8.7057772,9.165657,11.971945
012635,20133,0,1.5756432,2.25,.30053794,1.6853932,3.3919864,.64659745,7.8918247,9.1520758,11.418552
012635,20134,0,1.8463459,2.3866665,.26596221,2.3371403,3.39467,.68739426,7.6279163,9.1544046,11.212805
012635,20141,0,1.68244,2.3900001,.23663861,1.7660044,4.2047725,.73583519,6.2756834,9.1604147,11.294612
012635,20142,0,1.6648206,1.95,.24146047,1.7523488,3.2407894,.84450543,6.1488061,9.1562014,-.94558382
012635,20143,0,1.3379706,1.9466666,.22940676,2.5417418,3.4988832,.79761779,6.0387044,9.1487837,-.32913977
012635,20144,0,1.1852908,2.0033333,.21936345,1.9177792,4.3335452,.70989615,5.768168,9.1524992,-.19053674
012635,20151,1,1.3333993,1.8000001,.19402969,1.9063939,3.1487629,.96390706,6.3028126,9.1417398,-1.8674282
012635,20152,1,1.2683086,1.6633334,.17071664,1.3604714,3.1708624,1.2104982,5.5319099,9.1415262,-1.467487
012635,20153,0,1.4624187,1.7959999,.16066429,2.2736754,5.5277429,.92824364,7.8623028,9.1682673,1.9483529
012635,20154,1,1.5738192,1.6060001,.14468987,2.0134227,3.2917864,.71375304,8.4251728,9.1470814,-.541834
012635,20161,1,1.4099457,1.5779999,.13015665,3.0942185,2.9443254,.77087796,8.4480495,9.1420612,.032125074
012635,20162,1,1.4387922,1.192,.1170693,2.2194304,2.9627302,.76423788,8.4644108,9.164506,2.2979779
012635,20163,1,1.165195,.99399996,.11060693,2.2455404,2.7597063,.81846797,9.5788631,9.1622,-.60675985
012635,20164,0,.94735605,.98000002,.11867304,2.2309847,3.1441319,.6952371,8.6457615,9.1733656,2.6284103
012635,20171,1,1.0667617,1.404,.11155578,2.5351534,3.0791337,.78004718,9.0875683,9.1843042,4.2242823
012635,20172,1,.91197789,1.224,.098617092,2.2792904,3.1765678,.61881191,9.7779989,9.1794691,1.4962872
012635,20173,1,.87909883,.70200002,.092829302,2.3954568,3.0872483,.74341768,11.374208,9.1783333,1.6133579
012635,20174,0,.83384675,.68199998,.088016234,5.353466,3.1865869,.77458572,12.249562,9.2300453,5.6679821
012635,20181,0,.66447812,.72400004,.090513065,4.111187,3.1587131,.74837202,10.123202,9.2388306,5.4526286
012635,20182,1,.82338023,.72000003,.10399745,2.4687715,3.7572541,.90488839,10.652182,9.226902,4.7433753
012635,20183,1,.81127745,.72999996,.094822019,2.2215698,3.4057546,.91994518,9.5542192,9.2319059,5.3572574
012635,20184,1,.75676417,.72428572,.081309229,2.6609602,6.2616305,.90249348,9.5261784,9.2824745,5.2430015
012635,20191,0,1.1242962,.33166671,.080465041,1.9978689,3.6849585,.87018293,12.792444,9.3291893,9.0358858
012635,20192,0,.95727944,.029999945,.069357336,1.9099007,3.8711886,.95923263,14.197657,9.3652906,13.838827
012635,20193,1,1.0057273,-.2088889,.071195707,1.0081466,42.978615,1.1252546,30.664354,9.8853235,65.341743
012635,20194,0,.93416411,-.20777774,.46343043,.31721976,1.3202507,.37244424,-7.518187,11.262719,198.0244
012635,20201,0,.7783525,.23333332,.4197574,.50555199,1.1516786,.3172597,-2.8344603,11.258536,192.93468
012635,20202,0,2.3169413,.41444445,.49647582,.0027548966,1.2341938,.33334252,-1.8548697,11.192693,182.74019
012635,20203,0,.99841422,.34909093,.4827472,.34244353,1.12721,.26072407,-5.8360667,11.252768,136.74442
012635,20204,0,.80523032,.37,.45836073,.41452497,1.2946995,.29154924,-5.7637572,11.189575,-7.3144226
012635,20211,1,.56118506,.53999996,.4269416,.40740296,1.214168,.31359306,-6.821352,11.22015,-3.8385868
012635,20212,0,.71291947,.97799999,.40050629,.35943344,1.1103687,.34740782,-7.2225957,11.223107,3.041513
012635,20213,0,.62084752,.86300004,.44999391,.56482267,1.1098502,.42229727,-6.7527056,11.235537,-1.7230865
012635,20214,0,.58922684,.82799995,.43847227,.43950534,1.2314068,.45666316,-4.797718,11.235418,4.5843358
012635,20221,0,.84359998,1.1088889,.45885554,.8773886,1.0950963,.43410408,-3.0042024,11.241759,2.1609135
012635,20222,0,1.2724175,1.638889,.47022155,.79236788,1.1435008,.51278651,-4.1919889,11.23149,.83827245
012635,20223,0,1.5167283,1.598889,.541448,.62296021,1.1436046,.55690825,-4.0230246,11.254311,1.8773265
012635,20224,0,1.256067,.59111106,.50816226,1.0338445,1.1805923,.43759915,-3.9589376,11.233741,-.16775979
014282,20131,0,1.1996012,.92000002,.23423263,2.9337184,18.07132,.56917286,-6.0573997,8.5593834,15.979738
014282,20132,1,1.127946,1.02,.21015957,2.9533784,19.59934,.69720507,1.2728453,8.5590954,13.021305
014282,20133,1,1.1108345,1.17,.20825998,2.9753709,21.141533,.73465562,-5.6824594,8.5949507,12.551172
014282,20134,1,1.1070937,1.4449999,.21576205,2.9762187,22.755781,.93442619,-5.5363598,8.6377602,10.647367
014282,20141,1,1.2441154,2.8299999,.20257936,2.5694273,19.328091,.87833583,-3.0703812,8.7271347,16.775131
014282,20142,1,.98301953,2.1299999,.19832003,2.8078058,20.857313,.8303743,4.9152255,8.7371645,17.806908
014282,20143,1,.75554281,2.0999999,.19666986,2.7957435,22.154881,.87071329,-2.1903248,8.7822151,18.726507
014282,20144,1,1.1008539,1.4499999,.18959703,2.8237672,18.1649,.67782497,.98792017,8.832262,19.450207
014282,20151,1,1.1465902,1.36,.17459437,2.5587022,18.921303,.569233,2.173394,8.8575153,13.038069
014282,20152,1,1.0522579,1.27,.16137439,2.5478251,19.231098,.64336145,8.7859955,8.857316,12.015171
014282,20153,1,1.0974108,1.4125,.17115615,2.8290012,19.328508,.63081884,-.16142428,8.8858147,10.359903
014282,20154,0,1.4717053,1.08,.19952227,2.6744683,21.343647,.55172598,.072032213,8.9207363,8.8474312
014282,20161,1,1.3531661,1.11,.20114318,2.0996461,23.602919,.54971576,.22767186,8.9170961,5.9581041
014282,20162,0,1.3324412,.83999997,.19012105,2.6185045,9.0443592,.60963243,5.882874,8.9733515,11.603551
014282,20163,1,1.3060254,.63499999,.20022143,2.7943192,10.274075,.58801544,-3.4013748,8.9905663,10.475164
014282,20164,1,.94044918,.63999999,.18500754,2.8124924,12.149633,.65115058,-2.3045034,9.0323849,11.164882
014282,20171,1,.88181478,1.1966667,.17727686,2.6462872,13.804464,.5730288,-1.9440264,9.0476685,13.057229
014282,20172,1,.84073174,.99000001,.16916899,2.8883479,14.696695,.59145093,7.6633186,9.071929,9.8577108
014282,20173,1,.71141076,.61800003,.17175539,3.0252154,14.827373,.60613328,.62374473,9.1240091,13.344262
014282,20174,0,.72567314,.58199996,.15732105,-1.0760969,15.502456,.73682463,1.4661968,9.170435,13.804935
014282,20181,0,.56910747,.69600004,.15577368,2.6549644,17.530163,.54878598,-.43495893,9.2107306,16.306181
014282,20182,1,.66642326,.84250009,.14874576,3.028595,10.892521,.84222162,2.7476907,9.1488581,7.6929989
014282,20183,0,.74725717,.755,.14177309,3.3279705,10.421332,.77915519,-1.2145489,9.1601305,3.6121938
014282,20184,0,.70652676,.67000002,.14179941,3.4703262,10.467432,1.0510541,-3.9966941,9.1842632,1.3828677
014282,20191,1,.88622177,.30500007,.16574837,2.663043,12.859262,.74166989,-2.4128079,9.2148199,.4090026
014282,20192,1,.67267609,.050000001,.14643709,2.8261871,9.6746702,.73862916,6.8443089,9.230937,8.2078295
014282,20193,1,.84393454,-.29000005,.14394103,2.6358848,9.3784084,.68741769,-.030589104,9.2718115,11.168099
014282,20194,0,.97705472,-.23599999,.14428088,2.9830768,9.235651,.67393011,-.22960603,9.2764654,9.2201834
014282,20201,1,.74537009,.184,.14282006,2.2384541,8.4009056,.5621562,-4.2784872,9.2887354,7.3915253
014282,20202,0,2.5407293,.34666663,.20248923,2.1336844,19.735546,.55888122,10.34953,9.3991165,16.817926
014282,20203,0,.96240771,.25833333,.16685593,3.0935657,11.728059,.68279791,-4.7441454,9.3240175,5.220552
014282,20204,0,.63237453,.25,.15568043,3.0372896,12.389079,.61256266,-9.0290365,9.3719406,9.5475245
014282,20211,1,.54786199,.40799999,.13858463,2.6737404,14.0996,.6359868,-8.3162489,9.4195719,13.083603
014282,20212,1,.66727901,1.0175,.13852105,2.8149388,17.978453,.79872084,-.21740794,9.4829216,8.3805447
014282,20213,1,.40656641,.98000002,.13976744,2.9294393,8.5348682,.6243518,-5.5840998,9.5859718,26.195431
014282,20214,0,.62727177,.87799996,.1360116,3.1153483,8.726325,.57751185,-3.9991169,9.6108665,23.892626
014282,20221,1,.79086494,1.046,.11944701,2.9001799,8.457325,.53207433,-4.3938012,9.5941324,17.456072
014282,20222,0,1.0696375,1.5979999,.14268738,3.1767697,8.7376289,.61249465,.010177493,9.6073427,12.442162
014282,20223,0,1.2185069,1.6040001,.16828199,3.3137374,8.9042511,.80741483,-6.6077352,9.6148787,2.8906877
014282,20224,0,.93678272,.59799999,.16495235,3.3613946,8.2925434,.61995375,-6.4676137,9.6223106,1.1444303
014369,20131,0,3.635978,2.4000001,2.0462847,.07459639,7.2719188,2.2926021,-21.260221,8.792922,4.0185885
014369,20132,0,3.3935695,2.6899998,2.0375957,2.1980231,8.1286125,2.6386056,-21.921024,8.7831869,2.8326652
014369,20133,0,3.4561675,3.02,1.8023231,-.15575585,9.1278553,3.1442332,-20.874809,8.7530203,-1.4970688
014369,20134,0,3.470916,3.5099998,1.4554632,.025431901,3.6464586,3.1259835,-20.175045,8.7419119,-4.3221736
014369,20141,0,3.4872308,3.5600002,1.5699089,.30224764,6.084188,1.6987739,-23.366337,8.7711697,-2.1751842
014369,20142,0,3.357897,3.3,1.6230115,-.29643437,6.9197521,2.4122901,-22.614866,8.7543716,-2.8815777
014369,20143,0,3.3754559,3.1100001,1.6210344,-.35188311,7.050251,2.5778353,-22.700047,8.7481413,-.48795128
014369,20144,1,3.7002783,2.99,1.8290333,-.34105393,5.0153146,2.8816822,-22.350151,8.7414684,-.044403862
014369,20151,0,4.618959,2.52,1.6557777,2.467356,3.2604325,1.7893357,-19.234688,8.7775965,.64270037
014369,20152,0,4.6060128,2.3800001,1.8867087,.29292905,5.0995116,2.1669364,-19.69775,8.7957907,4.1419587
014369,20153,1,4.4950881,2.8299999,1.8189924,.96403927,5.4919348,2.2338867,-17.226431,8.7943125,4.6171594
014369,20154,0,4.8731508,2.5999999,1.9519606,-.023968117,8.6009369,2.5077453,-16.727716,8.8448238,10.335608
014369,20161,0,5.0184498,2.3799999,1.7373194,.12747915,10.132835,1.4589281,-11.712794,8.8621969,8.4600449
014369,20162,0,5.7087178,1.99,1.5260416,.38259885,10.939493,1.0486042,-12.598601,8.8617754,6.5984488
014369,20163,0,5.4263783,1.75,1.7908064,.23974052,8.7575798,1.4525454,-12.452497,8.8665819,7.2269125
014369,20164,0,4.6126461,1.73,1.9330835,-.070382878,9.4876127,2.294482,-12.645338,8.868413,2.3589113
014369,20171,0,4.0149965,2.3299999,1.6020514,.36568213,8.2419128,1.2376934,-12.648092,8.8692579,.70603085
014369,20172,0,3.792201,2.0899999,1.8968643,.17084283,8.143508,.95387238,-12.709109,8.8570881,-.46871758
014369,20173,0,3.9727557,1.5599999,1.8400371,-4.2249541,6.6694932,1.3706373,-12.154645,8.8646049,-.19762851
014369,20174,0,3.7835975,1.5,1.8155818,4.0265484,8.0825958,3.1415927,-10.825465,8.8217325,-4.6680903
014369,20181,0,3.561141,1.2799999,1.7259837,.65779859,5.8763342,1.1109487,-15.220396,8.8306894,-3.8568325
014369,20182,0,3.2948678,1.27,1.8722701,.68104428,7.2360954,1.376277,-8.8129063,8.8604994,.34110323
014369,20183,0,3.2481334,1.08,2.0445781,.50883389,8.4381628,1.4699646,-12.056899,8.8643227,-.028264558
014369,20184,0,3.4392157,.94999999,1.6995254,.29053682,10.127283,3.2512453,-13.127693,8.8857174,6.3985271
014369,20191,0,3.7104044,.61000001,1.4775671,.74237007,8.2485561,1.4709926,-14.125689,8.8920612,6.1372423
014369,20192,0,3.479892,.16999993,1.6910483,.38886863,8.1297855,2.1266253,-6.1368556,9.01542,15.492061
014369,20193,0,3.9809742,-.10000006,1.7506939,.27970326,6.6885567,1.9092789,-5.3622842,9.0146904,15.036766
014369,20194,0,4.232182,-.18999995,2.0362847,.21710289,6.9352307,2.5449281,-5.9582052,9.0229263,13.720822
014369,20201,0,3.850456,.32000002,2.195504,.8696717,3.5644293,3.8584027,-6.7910881,9.0074892,11.542789
014369,20202,1,5.8708267,.57999998,2.7650743,.82414252,3.2359715,1.89068,-7.0673556,9.0180893,.26699045
014369,20203,1,4.654603,.56999999,2.7068136,1,5.1294117,2.5764706,-6.4534903,9.047821,3.3131058
014369,20204,0,3.2267048,.56999999,2.8553104,.054466229,10.326797,3.2570806,-3.5210907,9.1247826,10.185662
014369,20211,1,2.813642,.83999997,2.6931031,.61977071,13.366387,1.3738251,-.7620424,9.1779203,17.043097
014369,20212,0,2.842257,1.5799999,2.3226984,.34489554,5.0748916,1.4584155,2.1741481,9.2250319,20.694223
014369,20213,0,2.8663611,1.48,2.3438497,.3326613,2.9939516,1.7641129,1.7783493,9.2023087,15.448676
014369,20214,1,2.810091,1.3299999,2.6466582,.26616719,2.5926657,2.6419559,.39959848,9.224638,9.9855194
014369,20221,1,2.93505,1.4100001,2.7084384,.47384197,1.9243786,1.4505367,1.6769558,9.2438717,6.5951376
014369,20222,0,3.5361516,1.6900001,2.8875151,.20229883,3.1632185,1.2689655,4.3805418,9.2942219,6.9189935
014369,20223,0,3.9054935,1.6500002,3.0336962,-.11814959,3.2263927,1.0997001,3.6260338,9.3059235,10.361504
014369,20224,1,3.9095409,.38999999,3.3542607,-.25325614,2.6139653,1.7456585,3.0515881,9.3107281,8.609087
014477,20131,0,1.2885437,1.3833333,.40946966,.72736716,.8399359,1.1516647,10.587919,10.047458,2.3125458
014477,20132,0,1.3854945,1.4155556,.34922305,1.0537682,1.3258476,1.0148996,11.991471,10.049966,2.7141082
014477,20133,0,1.5213922,1.9212499,.34536475,1.2645576,.66921604,1.4036155,10.647928,10.043771,1.4047449
014477,20134,1,1.4176741,2.3025,.3501907,-2.5621479,.66488802,1.893025,10.707376,10.069552,2.3134303
014477,20141,0,1.1706474,2.2950001,.26244068,1.0087156,.25660309,1.1768349,14.086771,10.025838,-2.16201
014477,20142,0,1.0281602,2.5157142,.29237694,.93574554,1.5105605,.92683363,10.323611,10.018689,-3.1276536
014477,20143,1,.93158501,2.38625,.27969962,1.2173678,.61770141,1.3841922,12.154833,10.006901,-3.6869924
014477,20144,0,1.078913,2.2262502,.24030039,2.6563416,.82391614,1.6658412,13.698149,10.008343,-6.1209745
014477,20151,0,1.3069952,1.92625,.24820744,-.60246593,6.104054,1.0881749,12.072736,9.9717064,-5.4131126
014477,20152,0,1.2887038,1.988,.22534661,1.3242472,1.3387463,1.4305737,13.684472,9.9374542,-8.123538
014477,20153,0,1.4435791,2.2590001,.25004655,1.6279522,1.3266596,1.6279522,10.060605,9.9319782,-7.4923353
014477,20154,0,1.5808271,2.0810001,.2362987,1.338104,.55386728,1.8086461,11.974174,9.9233885,-8.495472
014477,20161,1,1.4414244,1.9133333,.22363096,1.2635291,.19099858,1.5524756,11.215011,9.924221,-4.7485671
014477,20162,0,1.2619106,1.4937501,.20286836,1.3810692,.50045711,1.5013714,12.779966,9.9417944,.43402845
014477,20163,0,1.0398122,1.2444444,.17533228,1.4552814,.18793368,1.6046647,12.134865,9.9403982,.84200835
014477,20164,1,1.0592141,1.2509999,.19123879,1.6139911,.14453651,1.8163422,10.490531,9.9405909,1.7202426
014477,20171,0,1.0448776,1.7379999,.17069511,1.4286399,.153411,1.591639,11.152739,9.9455404,2.1319671
014477,20172,1,.97471356,1.465,.17236786,1.7530266,.14527845,1.4479419,10.246733,9.9354706,-.63237882
014477,20173,1,.97446674,1.0822222,.16808638,1.8522961,.15355824,1.6795433,10.232443,9.944582,.41836035
014477,20174,0,1.0082188,1.052,.15199634,4.3104682,.16707242,2.5204067,11.678576,9.9498463,.92555511
014477,20181,0,.89920193,1.019091,.15515237,1.8141005,.10078336,1.8324246,10.738617,9.9909945,4.5453849
014477,20182,1,.92188388,1.038,.16576102,2.2573059,.23523024,1.9723153,14.073006,10.003604,6.813375
014477,20183,1,1.0666875,.95363641,.17196658,2.2667394,.21350051,1.8351958,10.623759,9.9994335,5.4852386
014477,20184,0,.79487103,.8300001,.16076876,2.3504934,.36740294,2.00965,10.583612,10.025307,7.5460687
014477,20191,0,1.2052258,.44363636,.16689238,1.5320089,.4856512,2.0794702,9.5842781,10.027915,3.6920493
014477,20192,1,.95601827,.16909085,.14539288,1.6300861,.65887988,2.4729388,11.24742,10.059337,5.5732446
014477,20193,0,.8728984,-.096428595,.13170581,1.9048718,8.7277765,1.8586931,14.853138,10.165313,16.587933
014477,20194,0,.87490231,-.13571425,.13991524,1.648899,10.86724,1.0550002,15.451199,10.207621,18.231417
014477,20201,0,.68861419,.34,.14766321,1.3012291,12.889738,1.6544714,15.514318,10.230739,20.28237
014477,20202,0,1.8284771,.5346154,.1718654,1.12959,11.645449,1.6042387,15.50591,10.210163,15.08263
014477,20203,0,1.1306639,.47846153,.15347899,1.4651189,10.158157,1.2885534,11.136621,10.189381,2.4067314
014477,20204,0,.97488713,.4522222,.15166311,1.7681252,3.0074277,1.5905055,3.4867167,10.117469,-9.0151796
014477,20211,0,.84397864,.66071427,.15161145,1.4346567,1.9798944,.92008859,9.5654335,10.286878,5.6138616
014477,20212,0,.77812684,1.2357143,.13613893,1.2074304,1.8438252,1.3622291,8.1347466,10.277462,6.7298889
014477,20213,0,.58551693,1.2056251,.12341021,1.8528085,.70255196,1.5979612,8.3408031,10.276326,8.6945629
014477,20214,1,.59557676,1.0035714,.11364911,1.7544469,.45768178,2.6836796,8.6311016,10.269553,15.208401
014477,20221,0,.82168394,1.2546667,.1022388,1.7630683,.42959756,1.4365742,11.547136,10.27839,-.84870982
014477,20222,1,1.0353506,1.6893333,.10854936,2.0089667,.59892535,1.8823369,9.1017132,10.282575,.5112468
014477,20223,0,1.1030047,1.6953335,.11236121,2.1209507,3.0669146,2.5126128,10.888571,10.31321,3.6884091
014477,20224,1,.97636449,.56285709,.10602447,1.672196,.60654807,2.8886433,10.422188,10.303638,3.40853
014590,20131,0,1.4128168,.82333332,.54171896,1.8284426,10.454288,2.2714448,-24.373161,10.475596,9.9920111
014590,20132,0,1.2375439,.875,.57512891,1.1317742,22.529821,2.754297,-9.719265,10.659328,25.794788
014590,20133,0,1.2852144,1.2075,.6903547,1.2999351,5.2155743,2.6046202,.56565106,11.053379,62.84523
014590,20134,0,1.7294269,1.09,.59799486,1.1294291,3.5448418,2.6566343,1.2420416,11.044489,59.528137
014590,20141,0,1.406716,1.8328571,.53706008,.80349129,3.1273141,2.5396624,.12836456,11.05837,58.277351
014590,20142,0,1.5002655,2.0733333,.61851197,.75497705,2.1020315,3.0543678,.57969987,11.064182,40.485443
014590,20143,0,1.180302,2.0316665,.56125778,.86237872,2.2778046,2.8949053,-.35222471,11.066779,1.3400009
014590,20144,0,1.5535163,1.7249999,.63849944,-4.4579215,1.0285107,2.813555,-.65062344,11.066263,2.1774685
014590,20151,1,2.2964652,1.6340001,.710684,-4.2078409,.78918272,3.1754401,1.6850293,10.981812,-7.6557798
014590,20152,1,2.891469,1.53,.76547527,-3.3015251,.97922057,2.9626327,-.41872263,10.934267,-12.991521
014590,20153,0,2.5106664,1.7589999,.67552638,-7.0915422,.86283517,2.827359,.83816648,10.896888,-16.989153
014590,20154,0,5.1362662,1.5970001,.94939983,-8.0999546,.67086124,2.5762658,3.4368305,10.827409,-23.88542
014590,20161,0,10.593918,1.4929999,.98591226,-8.9829741,.48092407,2.1083367,.76519251,10.748862,-23.294996
014590,20162,0,7.6882286,1.28,.29696861,-1.1227264,.77582973,1.9524658,4.0686994,10.661111,-27.315626
014590,20163,0,4.9564834,1.0711111,.28819555,.52547467,.85238284,1.1962417,-.81940293,10.628521,-26.836655
014590,20164,0,4.3224907,.98666662,.31480327,.70531398,2.6763284,1.2173914,5.6069045,10.631036,-19.637295
014590,20171,0,2.9758806,1.5387499,.35143468,.61098158,11.375512,.92183185,4.3037505,10.527205,-22.165787
014590,20172,1,3.1439226,1.3525,.34839201,.73272091,10.938868,.98972005,3.3545256,10.507148,-15.396317
014590,20173,0,3.2225833,.83636361,.38604474,.75587833,12.598872,.84766352,4.4353275,10.519835,-10.868625
014590,20174,0,2.3649437,.8075,.34423891,2.788866,13.279931,1.0448201,4.0309577,10.527472,-10.356396
014590,20181,0,2.1080072,.89300007,.29060358,1.8551284,11.921613,1.0776901,-.44554472,10.526802,-.040204238
014590,20182,0,2.0265992,.98000002,.34113464,2.3719192,10.440266,1.3156099,-2.6554465,10.508814,.16663711
014590,20183,0,2.1082549,.86749995,.3804259,1.5015664,10.745922,1.3692341,-4.4202385,10.519429,-.040501684
014590,20184,0,2.0436847,.73625004,.50163305,1.2848022,12.376487,1.5364645,-4.8482566,10.538714,1.1242059
014590,20191,0,3.0052342,.38250005,.61527991,.073431872,10.249668,1.4733751,-7.8345356,10.650555,12.375235
014590,20192,0,2.1455803,.10249998,.52552766,-.17535742,7.1799121,1.5319418,-9.2474728,10.622766,11.39514
014590,20193,0,2.4682446,-.19428574,.57570797,-.50382125,6.9147639,1.62099,-10.703771,10.623423,10.399305
014590,20194,0,2.7077112,-.15749998,.6838302,.021981779,5.7323599,1.7951787,-10.43711,10.619936,8.1221867
014590,20201,0,1.9520644,.24125001,.48623684,-1.203166,5.1949325,1.4947684,-10.546488,10.616658,-3.3896651
014590,20202,0,5.3155398,.43699998,.89207119,.13177851,4.264154,1.310326,-10.187453,10.602095,-2.0670536
014590,20203,0,3.74632,.42333332,.53835565,.81779772,3.9696746,1.0837684,-12.712155,10.602368,-2.1054444
014590,20204,0,2.8386586,.40636367,.41311678,1.7226696,6.0974722,.94406188,-12.95889,10.623739,.38029349
014590,20211,0,1.8131733,.59454542,.27076766,1.7036825,8.9075546,.87794232,-13.870589,10.648848,3.2189679
014590,20212,0,1.4287152,1.1809999,.22815979,2.4814975,10.737118,.99214071,-15.314949,10.683798,8.1703377
014590,20213,0,1.4445506,1.069,.22160234,3.0790563,14.149573,1.1906857,-16.013351,10.72406,12.169175
014590,20214,0,1.2895542,.98500001,.27996412,2.3573544,16.595264,1.6433276,-15.828932,10.756135,13.23963
014590,20221,1,1.3376608,1.1850001,.22384073,3.1797926,17.038025,1.5055599,-14.836536,10.779414,13.056691
014590,20222,1,1.827791,1.619,.20610604,1.7201835,17.314465,1.7672837,-17.658529,10.796141,11.234293
014590,20223,0,2.2125719,1.6944445,.35146463,.80617803,19.178656,1.6682299,-13.830091,10.822036,9.7975712
014590,20224,0,2.055347,.56111115,.38333979,1.3960382,17.405411,2.0970616,-13.843989,10.818317,6.2181854
014934,20131,0,.95745164,1.3625001,1.0006547,-3.090523,16.110418,4.4453678,-8.3520594,10.676508,5.2331252
014934,20132,0,1.3326784,1.6442858,.83316892,1.6425377,15.634169,3.9512289,-4.1708736,10.635423,-2.4304235
014934,20133,0,1.2346883,1.9685713,.9613601,1.071964,10.574713,4.1229386,-10.183409,10.597135,-8.2691717
014934,20134,0,1.1576465,2.3800001,.89010417,.50678158,10.576311,3.7678108,-6.5035419,10.617564,-6.4054885
014934,20141,0,1.0236632,1.74,.82713556,.75564992,14.147446,3.691956,-3.4827204,10.666091,-1.0417366
014934,20142,0,.94580519,1.5979999,.75922495,1.2792571,3.8415618,15.127452,-2.5020897,10.873604,23.818071
014934,20143,0,.76675493,1.5879999,.68060714,1.9876748,3.3375721,3.3317029,-6.6244826,10.841833,24.469868
014934,20144,0,.81715918,1.6440001,.79587877,-.80253351,6.7035155,4.2919807,-6.5795331,10.836419,21.885487
014934,20151,0,1.3876947,1.8071427,.90371752,-7.107451,2.9227641,4.1886368,-7.2498293,10.832438,16.634699
014934,20152,0,1.3082821,1.6814286,.64661837,-6.2105775,4.0977459,3.1868908,-7.7901511,10.721989,-15.161434
014934,20153,0,1.4860584,2.0725,.56140864,-8.6366549,4.2481408,2.9379895,-11.417445,10.611671,-23.016216
014934,20154,0,2.1052248,1.6825,.6455003,-13.193211,5.2021775,4.8208203,-6.1108112,10.444386,-39.203266
014934,20161,0,3.4363441,1.6766667,.49946776,-10.348097,7.8220234,8.0455103,.10106266,10.29323,-53.920811
014934,20162,0,4.6866751,1.51625,.43149596,-5.4824176,5.7093968,1.7459929,-5.9174242,10.262455,-45.953415
014934,20163,0,3.0970149,1.3287499,.24574888,3.6448393,6.3243284,1.556306,-.81403255,10.212588,-39.908253
014934,20164,0,2.3709619,1.2412499,.25658128,1.2344759,8.8949394,2.5025175,-2.1125615,10.196642,-24.774429
014934,20171,1,1.7352035,1.7237499,.24898788,1.1692973,7.5599117,2.9599042,2.6614368,10.1625,-13.072965
014934,20172,1,1.6129172,1.5237499,.2953901,.83798885,8.1082115,2.8086019,1.1220127,10.170993,-9.146244
014934,20173,0,1.629046,1.05625,.41019529,.71977323,8.8349371,2.7634819,2.3931174,10.196679,-1.5909175
014934,20174,0,1.6565956,.995,.36881229,.6640299,10.091078,2.0428898,1.9995153,10.224085,2.7442315
014934,20181,0,1.1234179,.94625002,.41315848,-.65143353,8.8389931,2.7710724,-1.0683119,10.316954,15.445384
014934,20182,0,1.2880127,1.0966666,.53053206,-1.4497203,4.8574157,1.4701869,-1.6070396,10.285889,11.489629
014934,20183,0,1.4636501,.97166663,.34891203,8.700573,5.103056,2.1159849,-14.704679,10.280519,8.3839474
014934,20184,0,1.4919207,.84666675,.43225217,5.6960144,15.471941,3.0735674,-7.7639937,9.9120512,-31.203365
014934,20191,0,2.2357805,.48000002,.9043678,-1.6201575,12.501277,2.8569968,-6.4344168,9.8815489,-43.540527
014934,20192,0,1.5028998,.22833334,.56026471,2.7382863,7.4957123,2.5446701,3.8870096,9.8023958,-48.349304
014934,20193,0,1.3747991,-.046666726,.59646136,.65469396,20.920176,3.2494445,-11.569118,9.7201052,-56.041348
014934,20194,0,1.746328,.027500046,.67814547,-4.4601917,9.5595388,2.6469362,-5.1539989,9.5745668,-33.748405
014934,20201,0,1.499395,.53500003,.57763964,-13.239047,10.672888,3.127506,-4.6049595,9.526391,-35.515743
014934,20202,0,6.6324711,.85250002,1.3635759,-6.0122037,13.70244,2.7638192,2.1064281,9.3186569,-48.373917
014934,20203,0,3.9923866,.93249995,.74357951,-.88828814,14.23192,1.9696825,-11.35419,9.2454176,-47.468754
014934,20204,0,3.6353865,.86500001,.83520699,-.9877978,16.531086,2.1305442,-4.0181217,9.2424202,-33.214645
014934,20211,0,2.3863351,1.11,.47424191,2.1489105,22.568604,5.0343018,2.3941815,9.2015018,-32.488979
014934,20212,0,1.8322285,1.8549999,.55144155,1.2514054,9.1802311,2.4881458,-7.4805708,9.9260807,60.74239
014934,20213,0,1.4893988,1.7375,.42629296,4.1764269,7.6700726,2.4121604,-5.7157397,9.9067326,66.131439
014934,20214,0,1.5672286,1.5775001,.37616053,7.1520157,11.022463,2.4457426,-7.5977144,9.9549885,71.256805
014934,20221,0,1.0524256,1.4914286,.31557399,4.7039242,10.801427,2.5588584,-5.5540085,9.9534674,75.196609
014934,20222,0,1.2934055,1.6977777,.24097277,8.8713379,12.053449,3.0902746,-4.3193283,9.9886551,6.2575159
014934,20223,0,1.6009791,1.71,.28579205,8.1615934,14.904716,13.335345,-9.1890697,10.051649,14.491662
014934,20224,0,1.4993571,.65499997,.28745496,5.0982723,5.5609798,3.4851637,-5.7760954,10.067179,11.218997
014960,20131,0,1.0928428,1.3100001,.3326478,2.1662989,6.8697572,.61368656,3.8038106,8.8239422,10.19162
014960,20132,1,1.2640077,1.49,.33207029,2.3137577,2.8282645,.74283797,1.0234326,8.7901773,6.9129877
014960,20133,1,1.6304724,1.5166667,.28813678,2.2497308,1.6884359,.79036391,3.9650023,8.7935972,7.7831583
014960,20134,1,1.5158973,1.9833333,.28722039,1.8888241,2.6036761,.89132154,5.7373047,8.8078756,-1.8902866
014960,20141,0,1.1991076,2.0379999,.31546238,1.6236236,5.7996812,.81109405,9.8851709,8.8487825,2.4839768
014960,20142,1,1.1943334,1.774,.29978585,2.0207655,4.8466907,.6878897,8.8974771,8.8525791,6.2401338
014960,20143,0,1.0027004,1.762,.30462298,1.9202776,6.7111745,.73619974,7.3511243,8.8741398,8.0543194
014960,20144,0,1.0730149,1.8139999,.3204695,1.6538069,7.9606733,.64022785,7.158339,8.8862429,7.8367486
014960,20151,0,1.182785,1.6380001,.31277043,.042455286,7.9432464,.46289954,7.0375233,8.8958759,4.7094078
014960,20152,0,1.2711966,1.6311111,.35858798,1.1999491,3.1546366,.4883185,14.344832,9.5575123,70.493317
014960,20153,0,1.4936894,1.75,.39007473,1.0694633,4.2792358,.46871114,12.992636,9.5795012,70.536095
014960,20154,0,1.6542345,1.61,.4470416,.76270771,4.9437327,.59005845,13.591141,9.5765305,69.028763
014960,20161,0,1.536298,1.5711112,.3937704,1.1538705,5.0373726,.50204968,12.181303,9.5625238,66.66481
014960,20162,0,1.6571462,1.2122222,.43524578,1.4163382,4.8319268,.46494198,10.587176,9.5757055,1.8193142
014960,20163,0,1.4283319,.97666663,.40016797,1.2641735,4.5045424,.46623001,9.0114059,9.5609264,-1.8574225
014960,20164,0,1.347313,.99000001,.39001849,1.2732168,3.9190776,.51301527,8.7706861,9.5807304,.4199928
014960,20171,1,1.2092466,1.47,.42011955,1.2844809,3.0434477,.50677329,7.3715181,9.5643015,.17773911
014960,20172,1,1.170225,1.2875,.38627833,1.2808428,2.5332685,.48031607,7.5605245,9.5769262,.12205949
014960,20173,1,1.0508978,.79250002,.37129667,1.1508136,2.0124142,.50528437,7.9543409,9.6092844,4.8357444
014960,20174,0,1.0444827,.77199996,.39888743,4.1205859,2.4521022,.57573181,9.9928532,9.7226725,14.194204
014960,20181,1,.9098618,.87444448,.38824078,1.0453887,1.9115161,.43759054,7.9648972,9.7152281,15.092677
014960,20182,0,.98106635,.92666674,.42591077,1.3890456,2.1495154,.51807004,10.856792,9.731019,15.409325
014960,20183,0,1.0442401,.86888885,.38319346,1.9315945,1.3414524,.59317154,6.7086878,9.7113886,10.210409
014960,20184,0,.9635995,.73777783,.40819323,.94769949,5.3572931,.73343176,6.0481491,9.72085,-.1822914
014960,20191,0,1.2816485,.37111112,.54758048,1.1467195,2.6369607,.58200961,5.3904743,9.6918583,-2.3369701
014960,20192,1,1.1340955,.086249985,.47258562,1.121927,2.055295,.50203878,6.8087521,9.7392492,.82302064
014960,20193,0,1.0853876,-.20125,.41939095,1.2437726,1.4956831,.52185476,8.7965546,9.7838249,7.24369
014960,20194,0,.88646144,-.18124998,.44104892,1.2724257,2.0232186,.71829581,7.6890082,9.7896357,6.8785586
014960,20201,0,.8278597,.23333332,.46101987,-1.7576913,1.8701792,.59069955,5.5707307,9.8007011,10.88428
014960,20202,0,2.1779532,.37444443,.57125908,1.338852,1.8706932,.56941682,8.5314837,9.7583694,1.9119792
014960,20203,0,1.1094601,.27666667,.45325464,3.9408152,3.1206055,.43251479,1.4230311,9.7897081,.58831137
014960,20204,0,.71039528,.26333335,.4482618,5.0070438,3.5603747,.53042758,-1.3525397,9.8383942,4.8758683
014960,20211,0,.58166873,.39222223,.47217333,3.8342543,6.5804095,.47529605,-1.388827,9.9070663,10.636464
014960,20212,0,.65142769,.80624998,.40149972,2.2892575,9.2608643,.47607151,-3.1219304,9.9241285,16.575878
014960,20213,0,.65337157,.792,.37823191,2.8765104,9.6193876,.57696736,-2.8028965,9.9241285,13.44197
014960,20214,0,.72678399,.76999998,.38610709,2.6501808,9.848321,.71885556,-3.3073485,9.9459,10.750607
014960,20221,0,.80550641,1.0533334,.34251866,2.4115298,7.2777576,.57492125,-1.6115814,9.922574,1.5508096
014960,20222,0,1.0877295,1.63,.43458813,1.7299937,5.9792361,.69132203,-3.0520916,9.9392605,1.5131956
014960,20223,0,1.3027223,1.6033335,.47553828,1.729149,5.2384195,.50727588,-1.3321728,9.9234419,-.068593487
014960,20224,0,1.0163606,.63777775,.54421794,.3838394,2.0674872,.59467369,-1.6868114,9.8947496,-5.1150794
015247,20131,0,2.1777191,1.44375,1.0639578,1.470423,3.8739123,1.2972997,-16.927568,10.702727,3.8831375
015247,20132,0,1.9494506,1.60375,.80139118,1.0241532,4.0812292,1.393376,-15.779619,10.72549,6.5082245
015247,20133,0,1.9947357,2.1414285,.95388883,.70624983,5.428164,1.0842746,-17.371258,10.69596,7.005734
015247,20134,0,2.2414787,2.5085714,.9947508,2.7822781,4.1215734,.93102634,-18.083702,10.742746,5.5539608
015247,20141,0,1.909977,2.5114286,.716079,1.7520102,9.0816755,.82099026,-18.518219,10.763419,6.0692072
015247,20142,0,1.8162538,2.7749999,.70715243,1.2484342,7.7432642,1.2017239,-17.167618,10.760007,3.4517467
015247,20143,0,1.5855474,2.6200001,.75542659,2.2525685,7.4022079,1.0614085,-18.083948,10.75818,6.2219868
015247,20144,1,1.7843591,2.5766666,.84621263,2.3836548,8.6492624,1.4446393,-18.457743,10.788391,4.564477
015247,20151,1,2.3129616,2.2166667,.81122792,2.1163557,8.0987921,1.0054884,-16.537117,10.726566,-3.685365
015247,20152,0,2.107522,2.1387501,.63337618,2.9535866,10.646904,.80890226,-14.336432,10.73075,-2.9256718
015247,20153,0,2.1323507,2.5087497,.67312247,2.8929179,12.109498,.75211662,-16.029879,10.770567,1.2387593
015247,20154,0,2.6543784,2.1487501,.71896142,.65030003,11.567922,.94271684,-14.108725,10.732585,-5.580574
015247,20161,0,3.0272522,2.0150001,.6054852,1.116298,9.2776756,.71262658,-14.142829,10.69971,-2.6855762
015247,20162,1,3.3158317,1.6550001,.68864125,1.8391739,8.5361166,.66427171,-16.739338,10.697814,-3.2936313
015247,20163,1,2.9411535,1.44125,.86185479,1.3486755,10.835607,.66443717,-16.728048,10.724412,-4.6154928
015247,20164,0,2.513612,1.3588889,.83174264,.79325622,12.858532,.79109484,-12.78496,10.742141,.95559424
015247,20171,0,2.1061442,1.8788888,.64867598,.66055924,10.430338,.76018453,-14.971627,10.74015,4.044035
015247,20172,0,1.8668126,1.6633334,.66633326,1.1900884,9.6922712,.63630641,-14.810122,10.737418,3.9603875
015247,20173,0,1.7982557,1.1666666,.66128165,1.8292949,11.325967,.7417236,-13.673306,10.735831,1.1419196
015247,20174,1,1.6836051,1.1144445,.60116762,4.9408188,10.78603,.97107607,-13.606665,10.778707,3.6565244
015247,20181,1,1.4277793,1.0011111,.48157457,.93504524,11.663145,.93504524,-12.791417,10.822933,8.2782812
015247,20182,0,1.4916162,1.0244443,.54729474,1.7113577,9.433733,1.000486,-8.8901472,10.80722,6.980186
015247,20183,1,1.6333885,.9844445,.45526415,1.6890957,8.7829037,.93729031,-12.727253,10.833247,9.7415876
015247,20184,1,1.5429795,.84333336,.4498882,1.8345088,6.8427949,1.6302463,-13.36721,10.856958,7.8252196
015247,20191,1,2.1189575,.48777777,.68946064,.2811285,5.945569,.9251321,-13.086432,10.822873,-.0059812786
015247,20192,0,1.7974588,.2444444,.60088444,1.1747768,5.330646,1.0346483,-9.5287685,10.860825,5.3604498
015247,20193,1,1.9898444,-.033333384,.5978443,1.1706586,3.9079621,.90538615,-12.229331,10.859422,2.6174815
015247,20194,1,1.8955702,-.10777774,.59840822,2.0691407,4.1714654,1.1614516,-11.343358,10.844061,-1.2897398
015247,20201,1,1.5772052,.39555556,.5725258,-3.4364324,4.7954106,.80758947,-12.512201,10.894217,7.1344137
015247,20202,0,4.4868202,.67000002,1.0060575,2.6242487,3.1729743,.92152387,-4.7225475,10.773671,-8.7152739
015247,20203,0,2.2252276,.56181818,.84367299,-.94502938,4.7231102,.82893741,-10.401967,10.801594,-5.782804
015247,20204,1,1.9042025,.44857141,1.0856525,-.6939612,7.8230104,.978118,-2.7959137,10.853832,.97707677
015247,20211,0,1.7128345,.59357142,.81417948,-1.3597559,6.3989649,.65476882,-6.5645189,10.854644,-3.9574258
015247,20212,0,1.3841809,1.12,.60005856,.30215988,4.2041259,.66214049,-10.711956,10.889565,11.589399
015247,20213,0,1.0334671,1.0764285,.55627304,.83489615,6.4411426,.83489615,-11.669535,10.923346,12.175125
015247,20214,0,1.1516339,.96857148,.60525525,1.8449105,6.3959336,.92885482,-9.8145905,10.909454,5.5622616
015247,20221,0,1.3015482,1.2213334,.60095733,1.5633637,7.1206465,.66334993,-9.0468407,10.966266,11.162201
015247,20222,0,1.6696042,1.7540001,.44710165,7.7696099,4.3674049,.69037449,-10.67231,11.008778,11.921199
015247,20223,0,1.8110331,1.7180002,.48118111,4.3779626,8.3798275,.71955866,-13.078449,11.072015,14.866932
015247,20224,0,1.6227009,.55333334,.52461421,5.2470126,6.6898146,.7028603,-9.0079288,10.990853,8.1399059
015267,20131,1,1.7101082,1.65,.3700259,2.2007692,11.447733,.27374983,-9.2129383,7.9321432,-1.8044438
015267,20132,0,1.4370271,1.87,.33606735,2.2164316,12.082654,.29040599,-6.6913991,7.9454136,-1.982833
015267,20133,0,1.344014,2.25,.33436769,2.2562535,13.243815,.25880128,-8.4392967,7.9472017,-1.0256132
015267,20134,0,1.9414291,2.1850002,.28412351,2.3708658,14.031293,.29466051,-9.4097557,7.9548569,-3.7220559
015267,20141,1,1.3295909,2.8299999,.26185006,2.5816801,15.224841,.37432766,-10.447508,7.968173,3.6029842
015267,20142,1,1.7260038,2.1299999,.27493075,2.4316168,15.528816,.42312849,-4.7963619,7.9901781,4.4764161
015267,20143,1,1.0631801,2.5599999,.24967268,2.3885348,16.226528,.35175562,-10.017601,8.0033617,5.6160092
015267,20144,1,1.893859,1.75,.27321014,2.0964091,16.570749,.48232377,-9.6535654,7.9859309,3.1073761
015267,20151,1,1.2679501,1.61,.23996197,2.2679648,17.507729,.34651846,-7.0588918,7.975245,.70718884
015267,20152,0,1.7921746,1.49,.24475901,2.4252794,17.234907,.47920048,-.021290779,7.9617724,-2.8405395
015267,20153,0,1.8085512,1.66,.23745123,2.7383809,10.728784,.30258065,-7.4929714,7.9736233,-2.9738779
015267,20154,0,1.7259195,1.4699999,.25906652,2.3607824,10.677469,.38897532,-7.8114271,7.9621935,-2.3737385
015267,20161,1,1.83699,1.47,.2458972,2.4284935,11.6922,.30832919,-7.2335391,7.9393167,-3.5928171
015267,20162,0,1.7939441,1.09,.23770238,2.4109426,11.407098,.26738393,3.3452959,8.0527096,9.0937166
015267,20163,0,1.7936517,.89999998,.24033631,2.2471857,11.625816,.37274599,-4.0572939,8.0421705,6.8547635
015267,20164,0,1.9763868,.88999999,.21842311,1.7577817,7.3379202,.29425615,-4.412919,8.0902376,12.804459
015267,20171,0,1.3495389,1.45,.22161777,2.4057162,7.4791818,.32209763,-6.4529686,8.0567265,11.740929
015267,20172,0,1.2579451,1.27,.23014458,2.6501169,6.8302684,.2963855,-2.2825122,8.0595245,.68147165
015267,20173,0,1.1795988,.78999996,.20039642,2.5981302,6.7726374,.26409939,-10.46772,8.0784292,3.6258368
015267,20174,0,1.1630141,.34999999,.19494721,2.8255804,9.1414366,.47634533,-12.829047,8.1070452,1.680742
015267,20181,0,.89010346,.52000004,.18357174,2.9108479,11.058563,.29441455,-14.232138,8.1314211,7.4695268
015267,20182,0,.94361454,.755,.18458469,3.0735121,11.848454,.31442055,-8.3177223,8.1563549,9.6830645
015267,20183,0,.95720726,.62999994,.1898836,3.0530581,13.169414,.54221982,-15.668776,8.1557808,7.7351475
015267,20184,0,.87537253,.63999999,.17849778,2.7606843,13.833859,.45664924,-15.76585,8.1760559,6.9010615
015267,20191,0,1.7011544,.31000006,.20564707,3.1742237,13.426201,.3706255,-16.378834,8.1530209,2.1599491
015267,20192,0,.83178592,.010000085,.17896377,3.187675,12.843451,.36230168,-7.9156132,8.1751137,1.8759044
015267,20193,0,.84301513,-.36000007,.16265085,2.8897743,14.921893,.30303156,-16.559231,8.1997976,4.4017267
015267,20194,0,.70468384,-.16500005,.17408927,2.6077743,13.893366,.38070545,-18.192661,8.2198362,4.3780422
015267,20201,1,.42261654,.0099999523,.17262428,2.674367,16.586145,.33461705,-17.827539,8.2464104,9.3389931
015267,20202,0,2.1839409,.15999998,.21195945,1.7969018,14.433712,.21104671,-7.6030493,8.2798691,10.475475
015267,20203,0,1.8117692,.30000001,.18979903,2.549298,18.321619,.45053604,-13.666326,8.3122807,11.248242
015267,20204,0,.70385224,.29500002,.17391239,2.3918052,20.772413,.28651586,-16.714087,8.3489151,12.907889
015267,20211,0,.58184797,.42499998,.16889991,2.5531907,23.23875,.3309398,-18.302282,8.3926268,14.621603
015267,20212,0,.88404047,1.5799999,.16433355,2.2909923,21.479485,.35832691,-13.147699,8.4030676,12.319912
015267,20213,0,.86539292,1.48,.15909474,2.4198635,14.935824,.31139472,-16.64735,8.4728222,16.054218
015267,20214,0,.83938783,1.3299999,.17377888,2.4462471,16.613119,.5605635,-16.198215,8.4876776,13.876231
015267,20221,0,.94169724,1.4100001,.15606219,2.8471489,18.317335,.32742211,-15.327785,8.500495,10.786779
015267,20222,0,1.6254078,1.6900001,.19874433,2.7641659,15.554934,.31201872,-10.587189,8.5171328,11.406526
015267,20223,0,1.8587312,1.6500002,.20188382,3.6374369,12.204853,.33178633,-13.415712,8.4995995,2.6776707
015267,20224,0,1.5759858,.38999999,.18584079,2.657074,14.705883,.40878063,-13.756341,8.4954796,.78014761
016477,20131,1,2.7693608,.63,.78433502,1.3241234,17.112312,1.2045252,-27.112473,9.0111694,15.59483
016477,20132,0,2.4433088,.72999996,.63995844,1.5559484,18.146688,1.4471567,-7.2877116,9.0852528,15.780642
016477,20133,0,2.6835029,1.15,.4775022,1.381202,10.299016,1.258755,-20.814045,9.0078325,8.4694252
016477,20134,0,1.2927393,1.5800002,.48747754,.86009306,10.443988,1.5524206,-21.38982,9.043601,12.598183
016477,20141,0,.88041162,1.51,.47551596,1.4644276,13.656388,1.157138,-20.898235,9.0277271,1.6557111
016477,20142,0,2.3846376,1.95,.46176255,1.6503301,10.217599,1.0302061,-15.618454,9.1047802,1.952661
016477,20143,0,1.6250724,2.2533333,.43315545,1.563302,9.6531954,1.0232319,-21.614689,9.1007261,9.2893944
016477,20144,1,2.0891817,2.2566667,.44458583,3.0122423,10.041191,1.6556976,-20.936056,9.0700665,2.6465514
016477,20151,1,2.4204254,2.0375001,.38799331,1.6098009,14.689297,1.0797579,-14.666245,9.1215315,9.3804245
016477,20152,0,2.9771452,1.88,.32875633,1.8911669,7.7788405,1.186268,-6.4687433,9.1714334,6.6653371
016477,20153,0,2.6182549,2.3399999,.33214429,1.8421643,9.8509979,1.1684003,-14.525707,9.1927261,9.1999769
016477,20154,0,3.0574691,1.9233335,.34039265,2.4412007,9.573905,1.6402628,-13.578413,9.1735411,10.347523
016477,20161,0,2.578506,1.83,.32142815,2.6409237,12.966468,.93665606,-14.02151,9.1490822,2.7550783
016477,20162,0,2.5976529,1.4300001,.36692655,2.8354836,12.039762,.93980616,-7.9404116,9.2062826,3.484894
016477,20163,0,2.5505223,1.2133332,.40131369,2.1142941,14.014103,1.1695676,-14.88467,9.2242928,3.1566436
016477,20164,0,1.9782137,1.1899999,.35505438,2.2369471,13.334112,2.2184598,-15.323032,9.2377024,6.4161062
016477,20171,0,1.8763843,1.6266667,.33381513,3.0887017,13.148698,1.2201282,-15.248458,9.2003508,5.126884
016477,20172,0,1.2008367,1.4266667,.33885434,2.9423139,11.74756,1.4452149,-10.219574,9.2686567,6.2374301
016477,20173,1,.83280337,.93000001,.37004957,2.6269889,10.718863,1.390026,-16.893738,9.3269854,10.269239
016477,20174,0,1.1324311,.87,.32888216,3.4195695,11.051912,1.4028347,-16.495367,9.3683691,13.066665
016477,20181,0,.80832773,.9333334,.35540712,2.9608483,12.586745,1.3628106,-17.325764,9.3881435,18.779276
016477,20182,0,.77740622,1.0000001,.35327628,2.6133175,10.069236,1.3358357,-10.472141,9.447876,17.921942
016477,20183,0,1.2284213,.92333329,.34892467,2.0557871,11.01332,1.3067478,-17.365765,9.4159222,8.8937645
016477,20184,0,1.3593704,.79666674,.45192036,1.7669492,10.081269,1.5346313,-16.979977,9.393445,2.5075719
016477,20191,0,2.0819311,.36000001,.54335016,1.9731568,12.98801,1.0585568,-16.543432,9.3588209,-2.9322681
016477,20192,1,1.7532554,.036666568,.50119591,1.4787251,9.9263878,1.1041903,-8.0439072,9.4223824,-2.5493331
016477,20193,0,2.0620036,-.035000041,.48856601,1.6804565,10.120099,1.173751,-12.418715,9.4609203,4.4997463
016477,20194,0,1.9622393,-.10749994,.58406866,.98797959,10.44906,1.5196067,-12.413451,9.4535456,6.0100384
016477,20201,0,1.9373709,.38499999,.53472048,.60249043,11.99224,.86036259,-11.86146,9.4478369,8.9015713
016477,20202,0,3.8341515,.64200002,.81889141,-2.2568979,18.952106,.66117352,.57956576,9.4744186,5.2036023
016477,20203,0,3.3174536,.66249996,.59207243,1.4214687,14.8268,.73437119,-5.1498947,9.4148312,-4.6089048
016477,20204,0,2.6301827,.65249997,.63222688,1.5634331,9.8055792,1.2951057,-18.51635,9.464572,1.1026312
016477,20211,0,1.7148217,.88999999,.47675943,1.5433455,10.009395,.85539383,-15.624395,9.4878664,4.0029612
016477,20212,0,1.3848367,1.5650001,.42035294,1.305271,10.277519,1.0430248,-6.023416,9.5046873,3.0269132
016477,20213,0,1.1764112,1.47,.45375055,-.19979341,10.598852,1.1505086,-15.405497,9.4927864,7.7955222
016477,20214,1,1.1558185,1.345,.49446574,.16480148,8.4562321,1.3766673,-13.339626,9.4762373,1.1665199
016477,20221,0,1.3479147,1.4566666,.43416432,.36997095,9.9098291,.97585452,-12.58661,9.4994516,1.1585381
016477,20222,0,1.9570634,1.7766668,.54622018,.49900562,8.4779959,1.2544346,-1.8900216,9.5271416,2.2454147
016477,20223,0,2.4805872,1.7033335,.59007752,.6916241,6.2291126,1.0520478,-11.741485,9.4989271,.61407757
016477,20224,0,2.3710766,.46333331,.60555661,.8782289,6.3202581,1.4597286,-11.931379,9.5014563,2.5219688
016478,20131,0,.79555279,.84428573,.40317658,1.8097546,3.2060888,6.2053266,-14.449772,10.215981,9.5818834
016478,20132,0,.85598677,1.11,.40080377,2.3366311,3.9246597,6.1534615,-20.139107,10.248233,9.9623833
016478,20133,0,.8674829,1.5166667,.4095313,1.590589,4.2233024,6.6095328,-14.702603,10.277708,11.191091
016478,20134,0,1.0791004,1.7816666,.32593742,1.9245324,4.3745818,5.6560879,-14.986393,10.313849,7.2730141
016478,20141,0,.88949156,1.73,.34126714,2.1617153,4.3115025,6.2228727,-17.416124,10.327913,11.19321
016478,20142,0,.7121889,1.7442856,.30358845,2.19765,5.1871347,6.9221311,-17.706636,10.377896,12.966363
016478,20143,0,.69730973,1.5957143,.26547831,3.3139257,3.6938441,6.3441458,-18.652245,10.413385,13.567777
016478,20144,0,.68601084,1.6871428,.33601949,1.288628,4.2930641,5.8160601,-19.422308,10.44874,13.489054
016478,20151,1,.94547045,1.5485715,.36553243,-.48830518,6.0041761,4.4461436,-17.557856,10.4563,12.838684
016478,20152,0,.75537318,1.6066667,.34546939,.015184858,6.1322241,3.6545296,-17.017765,10.454277,7.6380768
016478,20153,1,.84699297,1.8524998,.36142281,-12.028472,4.0355067,4.0045781,-19.726259,10.430701,1.7315272
016478,20154,0,1.0399594,1.5733334,.27669066,-1.042246,2.7227418,3.0897655,-14.456079,10.213808,-23.4932
016478,20161,1,1.2527548,1.3911111,.3299028,-1.7489221,2.6635754,2.1248779,-27.413977,10.202675,-25.362503
016478,20162,0,2.1334064,1.21,.30590254,-1.1107651,2.5380449,2.3347716,-13.480004,10.178784,-27.549339
016478,20163,0,1.4002093,1.0036364,.25856298,-.73556346,3.0186052,2.5309463,-15.078577,10.159312,-27.138832
016478,20164,0,1.2135849,.99636364,.21952125,-.55704343,4.1038165,2.8992658,-15.292894,10.148585,-6.5223007
016478,20171,0,1.1567818,1.428,.2395142,.096800908,5.430841,3.2131064,-19.662706,10.29077,8.8094606
016478,20172,0,1.0672807,1.248,.24739723,.078916267,5.2942882,3.5154421,-17.828611,10.282334,10.354987
016478,20173,0,.97796249,.84200001,.26669925,.34356996,5.636497,3.7386115,-16.011175,10.284101,12.478757
016478,20174,0,.931086,.77600002,.25065112,8.4375706,2.9374382,3.6684077,-16.889727,10.268315,11.972967
016478,20181,0,.80246699,.81111109,.23550615,2.1405401,2.796319,4.8309164,-17.282444,10.303373,1.2603613
016478,20182,0,.89478892,.84888887,.2792826,2.2664909,2.6547828,5.4778943,-10.542477,10.333337,5.1002865
016478,20183,0,.88011229,.85250002,.24474782,3.7110116,3.1416025,5.1388273,-16.138203,10.376374,9.2273617
016478,20184,0,.71009642,.76249999,.25541922,2.6540668,3.7878056,3.8711257,-18.365973,10.423404,15.508896
016478,20191,0,1.0578928,.38000005,.38709411,1.8725088,4.584229,5.8949966,-18.252373,10.432187,12.881366
016478,20192,0,.77923465,.11249996,.36243707,2.3773332,3.1847935,4.3824649,-16.104643,10.481884,14.854719
016478,20193,0,.91855413,-.16666669,.38562816,1.7205487,3.2459755,4.1700459,-19.433823,10.484347,10.797363
016478,20194,0,.71264249,-.13499998,.49469551,1.7418759,4.3322573,3.7444143,-19.749929,10.506225,8.2821112
016478,20201,0,.6277588,.26666665,.4466334,.026432602,5.4626083,4.5490746,-19.985081,10.522036,8.9848604
016478,20202,0,2.6222177,.54000002,1.0290823,-2.416384,7.7239881,1.1919328,-21.390694,10.535666,5.378139
016478,20203,0,1.3258907,.56714284,.68285912,-.12057066,6.860836,1.380227,-20.623871,10.469417,-1.4930707
016478,20204,0,1.2359629,.55571425,.96125203,.96215379,8.7402477,2.3982482,-24.140963,10.465216,-4.1009016
016478,20211,0,.88674265,.75571424,.69970298,1.8908184,9.2974863,2.5611234,-19.623285,10.485831,-3.6203635
016478,20212,0,.9389112,1.2499999,.48960698,2.5075338,9.3666191,2.8282325,-24.293633,10.496013,-3.9652438
016478,20213,0,.65553981,1.1885715,.42681122,2.9686863,10.519181,2.4291718,-23.733622,10.51556,4.6143417
016478,20214,0,.71663123,1.0814285,.46203715,5.3400407,11.549015,2.7278597,-23.22014,10.523311,5.809516
016478,20221,0,.88731468,1.15,.4291029,1.0199811,13.623287,2.6388743,-21.427055,10.551533,6.5701075
016478,20222,0,1.0815415,1.5828573,.30195171,5.8744783,10.523138,3.7378271,-20.612314,10.547891,5.1877847
016478,20223,0,1.2909545,1.6533334,.34335017,7.4831538,8.0573692,3.1594954,-24.928207,10.548993,3.3432417
016478,20224,0,1.1732087,.50999993,.36921871,5.6240277,13.021463,3.364043,-21.534081,10.608736,8.5425148
020779,20131,0,.54052949,.97125006,.58008659,3.3925931,48.573555,.30979136,-6.7677646,11.436509,6.3259153
020779,20132,0,.60084492,1.0749999,.50713229,2.5711262,48.118866,.30193612,-6.4658432,11.476033,7.6735706
020779,20133,0,.778364,1.3100001,.50983095,2.3381815,48.811337,.32652137,-5.8012218,11.483332,6.3026199
020779,20134,1,.6986019,1.8833332,.42807835,1.9725075,50.014328,.3112925,-7.1205244,11.524765,9.7844238
020779,20141,0,.86125702,1.71,.48896375,1.418489,47.846458,.26007286,-7.8498659,11.520308,8.3799467
020779,20142,1,.88311416,2.2059999,.4916085,2.2158554,47.817165,.37896106,-5.4544358,11.49707,2.1037197
020779,20143,0,.6512875,1.720909,.47053742,2.2060556,49.549366,.31907791,-3.5386279,11.531316,4.7983465
020779,20144,0,.59889567,1.6945454,.43580991,1.7387334,49.531075,.27108261,-3.3591197,11.562991,3.8225908
020779,20151,0,.66334337,1.5445454,.45548922,2.3052952,50.113487,.25486162,-2.514133,11.551934,3.162647
020779,20152,0,.64192194,1.3372726,.42977121,2.3226776,50.534683,.34025276,-3.1305895,11.560972,6.3902059
020779,20153,1,.55573225,1.3409091,.40097746,2.1833692,51.236206,.30128422,-2.1287947,11.573193,4.1877046
020779,20154,0,.73582298,1.5287501,.40993518,2.1413276,53.238869,.23087566,-.53832084,11.639391,7.6399693
020779,20161,0,.90990591,1.1474999,.41039261,2.8155279,52.881287,.28092653,-.72974712,11.624226,7.2290688
020779,20162,1,.77281332,1.0749999,.50714266,2.0853677,53.59901,.26988158,-1.398468,11.631969,7.0997434
020779,20163,0,.55703253,1.0105263,.45028836,2.3707588,53.527061,.22418123,1.831521,11.683967,11.07746
020779,20164,1,.59539318,.74842107,.41142866,1.9087232,54.052544,.22605464,.21864921,11.70892,6.9529085
020779,20171,0,.6518597,.86416668,.41238821,1.859257,56.195808,.19875364,3.9125011,11.746312,12.208707
020779,20172,0,.55164933,1.1245834,.41365916,1.9921107,56.907833,.18218111,4.2475181,11.746003,11.403358
020779,20173,1,.48870295,.88090909,.38338199,1.9245733,53.969036,.16514491,3.0654578,11.74364,5.9673309
020779,20174,1,.39557707,.74550003,.42205799,1.8441203,54.300636,.12941195,4.162015,11.773889,6.4968958
020779,20181,0,.35066664,.78899997,.38874674,-6.7253032,54.847462,.16165857,6.2133832,11.779297,3.29847
020779,20182,0,.2583141,.80399996,.25520086,2.0462322,56.028439,.18325603,8.0373287,11.786839,4.083467
020779,20183,0,.40298268,.82500011,.222508,3.3357308,47.743141,.18770613,-6.0495825,11.644024,-9.9616375
020779,20184,0,.37811244,.75187498,.22085883,3.2624283,42.789383,.1948816,-1.770793,11.597119,-17.676922
020779,20191,0,.48127744,.73428571,.21183363,2.6766829,40.43005,.24755998,.11261553,11.565793,-21.350407
020779,20192,0,.55580449,.23785713,.1940816,2.9708576,39.435108,.22252153,.025264919,11.537248,-24.959091
020779,20193,0,.39236405,.026153788,.15241657,2.2675178,35.630661,.2138004,-2.3771658,11.48542,-15.860325
020779,20194,0,.43416721,-.17833333,.14230393,2.9920342,34.188541,.20655875,-1.8736273,11.490608,-10.651127
020779,20201,0,.42598212,-.023333354,.17124431,3.1116204,30.335596,.20434199,-6.6086068,11.434877,-13.091558
020779,20202,0,.37895593,.10999996,.18250012,3.0677016,29.950459,.18910491,-7.841064,11.412287,-12.496017
020779,20203,0,.77535415,.31199998,.19952069,2.8842156,31.26573,.22758606,-7.3930593,11.422935,-6.2485542
020779,20204,0,.36390501,.25999999,.18929964,2.2919676,31.01536,.18027896,-11.751905,11.460084,-3.0524676
020779,20211,0,.41479924,.37777781,.25095367,2.6788628,31.59374,.19683589,-12.579907,11.461664,2.6786315
020779,20212,0,.36842635,.48666665,.20805413,2.9947386,32.002804,.17991443,-11.223975,11.467938,5.5651445
020779,20213,0,.22774939,.81555557,.1873704,3.2046094,25.118217,.17253131,-15.257616,11.449944,2.7007957
020779,20214,0,.27629799,.78500009,.17550676,3.0565045,25.1618,.12513205,-13.934456,11.487576,2.7493284
020779,20221,1,.24259314,.98500001,.18050168,3.0974879,24.333982,.11460602,-15.413037,11.471906,1.0241785
020779,20222,0,.33496886,1.20875,.17074151,3.2292969,22.409878,.11245252,-12.425414,11.453834,-1.4105141
020779,20223,0,.51269966,1.8842857,.19865857,3.0335033,21.676346,.14978932,-14.835858,11.438169,-1.1773475
020779,20224,0,.40568876,.87285709,.21253206,2.8403652,20.496372,.18723007,-14.009481,11.451072,-3.6505551
023978,20131,0,4.1928391,1.1925,1.0069449,-.47972664,3.7458107,.76230532,-11.199802,9.6301689,-5.4727621
023978,20132,0,3.7805102,1.444,1.2347615,-.51481754,4.8643651,.69302356,-10.877096,9.6258221,-4.2196536
023978,20133,0,5.0931578,2.1675,1.3707262,-12.049247,5.1735735,.71986008,-10.096556,9.6066971,-3.5685034
023978,20134,0,4.5874977,2.6674998,.59728301,2.0759649,5.3667536,1.1456251,-5.9762182,9.4731665,-17.517113
023978,20141,0,4.1378174,2.3525002,.69967812,.39564785,4.6032109,.68477517,-18.37698,9.4836445,-14.652392
023978,20142,0,3.9970915,2.2874999,.86461627,-.13438854,8.2126331,.71673882,-5.1359029,9.5025625,-12.32597
023978,20143,0,3.5122347,2.2375,.93549961,-1.5440848,10.980158,.7160973,-8.7334843,9.503458,-10.323981
023978,20144,0,3.2297108,2.25,.69170469,2.2901399,10.476349,1.1409061,-6.7009869,9.3933287,-7.9837694
023978,20151,0,4.5515208,1.8375,.99453282,-.60906285,11.003736,1.3967842,-10.050321,9.4184923,-6.5152473
023978,20152,0,5.2830429,1.7125,.98500431,-2.2609148,10.975398,.9009009,-4.4796705,9.3539209,-14.864102
023978,20153,0,4.4814458,1.9524999,1.0989044,-1.542852,10.844556,1.1861233,-6.945446,9.3248291,-17.862854
023978,20154,0,7.9252005,1.7525001,2.0545771,-10.124207,10.45483,.81315339,-8.5236578,9.3228655,-7.0463209
023978,20161,0,21.066471,1.6975,2.5992351,-3.6996737,8.2154512,1.6104462,-4.5684485,9.1258717,-29.262089
023978,20162,0,13.598795,1.3150001,.83019835,-.5147717,7.8894362,.77215755,-14.655357,9.0978432,-25.607777
023978,20163,0,9.6498423,1.1125001,.77206355,.57040596,9.1712332,.57040596,-8.6612253,9.098403,-22.642637
023978,20164,0,6.6745691,1.1,.83496612,-1.1091158,15.263547,.40139431,-8.7487812,9.1555672,-16.72978
023978,20171,0,4.4531054,1.48,.39944693,-1.9650655,16.539301,.51310045,-7.0087314,9.1226015,-.32697576
023978,20172,0,4.0298753,1.3000001,.3690958,2.8412802,14.43501,.79468757,-9.3748093,9.1254358,2.7592525
023978,20173,0,3.9594545,.875,.660465,1.5344468,15.887265,1.7849687,-12.064398,9.1674328,6.9030151
023978,20174,0,3.6890142,.94749999,.62652594,1.6096376,17.14922,2.1664305,-8.0164852,9.1980658,4.2497997
023978,20181,0,3.0693173,.96000004,.52630395,.18251877,15.808153,2.1091056,-10.663664,9.1964445,7.3842807
023978,20182,0,2.8660002,.98000002,.55452377,2.1344504,13.744265,1.7255137,-9.4490824,9.2129374,8.7501135
023978,20183,0,3.1109958,.89999998,.58662754,2.8932192,12.288725,2.6347187,-13.665062,9.2161236,4.8690748
023978,20184,0,3.190896,.80500001,.72994769,5.6012869,12.754281,3.3588796,-12.909837,9.2656803,6.7615128
023978,20191,0,4.2937369,.38000005,1.1975061,.49171373,9.1331263,2.7499545,-13.635002,9.3040133,10.756859
023978,20192,0,5.0530572,.11333325,1.255293,.60975605,6.079627,2.9232423,-8.7897196,9.3193741,10.643713
023978,20193,1,6.55268,-.16333334,1.6299644,-.74395537,5.7745109,3.0998139,-12.601997,9.3317614,11.563761
023978,20194,0,6.7706952,-.18666662,2.1114745,-6.118897,4.3601723,2.5098472,-10.380924,9.2980766,3.2396019
023978,20201,1,6.6477447,.29999998,2.232836,-3.3683665,6.469676,2.429359,-4.6427131,9.3594494,5.5436945
023978,20202,0,13.52529,.52333337,3.4730933,-4.7630601,10.949377,1.3989973,-2.5438607,9.4227057,10.333192
023978,20203,0,11.988126,.49000001,2.2619362,-1.8643932,18.3332,1.0835791,5.7009249,9.4375553,10.579439
023978,20204,0,12.854566,.47333333,2.1173868,.41769668,14.474469,1.1422726,.83739758,9.3699903,7.1913705
023978,20211,0,7.4335856,.65999997,.99887037,.75462312,16.485613,1.1277883,1.6148865,9.3975668,3.8116753
023978,20212,0,5.2364821,1.3425,.65822905,6.8895092,5.1739397,1.0075567,1.8055797,9.5948544,17.214813
023978,20213,0,3.1416163,1.2824999,.89170599,12.447152,8.5550861,1.0942551,-3.7255077,9.6855803,24.802464
023978,20214,0,3.092253,1.1566666,1.3567584,6.1674261,11.890614,2.3250449,-7.4783683,9.7603674,39.037727
023978,20221,0,3.9055438,1.505,1.3830677,4.9506059,14.167041,1.9589133,-5.3154411,9.7878523,39.028568
023978,20222,0,3.8715415,1.87,.99864835,5.0873909,14.996879,1.6177695,-10.713954,9.8639145,26.906057
023978,20223,0,5.2695775,1.62,2.2116666,2.4675195,15.283513,2.4070904,-12.550683,9.8963623,21.078196
023978,20224,1,4.5400515,.48000002,2.5010738,.87183082,16.855396,3.1616395,-11.109771,9.9013853,14.101787
024468,20131,0,1.2695998,.63,.21720409,4.2126756,16.838007,.32861415,-20.933523,9.2232685,11.279197
024468,20132,0,1.2584654,.72999996,.17259443,4.827188,35.724575,.53273493,-21.72151,9.2266779,10.91604
024468,20133,0,.93595946,1.15,.1665431,4.497643,6.1584139,.73963326,-27.465403,9.2911453,16.828369
024468,20134,0,1.0028732,1.5800002,.15411155,4.0648522,5.9438062,.69912231,-29.516109,9.328146,15.544255
024468,20141,0,.62265944,1.51,.14027691,4.0457087,10.306789,.45776334,-31.670055,9.3812075,15.793959
024468,20142,0,.38861427,1.5899999,.13546151,5.8421779,10.30415,.52331412,-34.84325,9.4116583,18.498005
024468,20143,0,.21148056,1.64,.13836446,6.6330562,12.17732,.4841772,-35.752205,9.4663773,17.523188
024468,20144,0,1.4524858,.55000001,.14369032,6.4466929,13.582361,.78003424,-34.95047,9.5254536,19.730785
024468,20151,0,1.1213909,.61000001,.14620027,5.7453818,12.889857,.68333459,-34.563931,9.5691719,18.796429
024468,20152,0,1.0482091,.61000001,.12764302,6.0927024,14.139777,.85323697,-33.728981,9.6303301,21.867182
024468,20153,1,.98497403,.66999996,.14238945,5.7617526,14.133594,1.3675915,-38.43166,9.7267008,26.03241
024468,20154,0,1.6315211,1.742,.1747915,4.0117049,28.18602,.89787579,-6.9867105,9.9392586,41.380508
024468,20161,0,1.5207531,1.688,.15247226,4.9777489,17.577724,.65060908,1.162228,9.8784161,30.924374
024468,20162,0,1.4328895,1.352,.19668122,5.0777035,17.341969,.66167831,-1.8942505,9.9366655,30.633625
024468,20163,0,1.3209314,1.1619999,.23273276,4.8008809,17.647387,.79154819,-.95136166,9.9764967,24.979544
024468,20164,0,1.1286615,1.096,.19263776,2.9369054,19.525082,.82379925,-.60639381,10.003554,6.4296103
024468,20171,0,1.1041082,1.5680001,.21306922,3.2679393,21.397661,.91796052,-2.7272434,10.037879,15.946271
024468,20172,0,1.0592285,1.6550001,.19923793,4.0705986,13.588478,.93272758,-.53330362,9.9615631,2.4897037
024468,20173,0,1.0180914,1.045,.20023987,5.6349096,13.295648,1.0528977,-2.554235,9.9877825,1.1286395
024468,20174,0,.9217633,1.01,.19392554,-1.2889413,15.205087,.99942797,1.4401436,10.046427,4.2872467
024468,20181,0,.82047695,.97750008,.18914607,4.9588628,15.596594,.8231653,-3.6289394,10.071228,3.3349748
024468,20182,0,.96141499,1.01,.24415432,3.3215663,22.675268,.71598041,-9.9148932,10.169312,20.774817
024468,20183,0,1.0737214,.88499999,.20781705,6.0301676,13.460583,.68133712,-2.290812,10.083845,9.6061935
024468,20184,0,.89349651,.79500008,.19356626,3.7140772,17.371588,.88615346,-2.35921,10.146128,9.9700747
024468,20191,0,1.2899938,.41500005,.22231856,5.5708237,13.990328,.50259203,-4.684484,10.138121,6.6892519
024468,20192,0,1.0262928,.13249998,.30672386,5.6497326,15.122044,.70673645,-5.0076394,10.182841,1.3530079
024468,20193,0,1.1214068,-.11750002,.2966505,5.8807192,11.855019,.34274715,-2.5457218,10.176852,9.3007946
024468,20194,0,.94674408,-.094999991,.33212405,5.2383204,16.145393,.40168828,-3.4536674,10.221359,7.5231495
024468,20201,0,.92231184,.32333332,.25888577,5.1372719,16.43479,.54967451,-.90028942,10.212233,7.4111643
024468,20202,1,2.3258178,.54333335,.24373463,5.9040861,14.779931,.40200311,-2.8568716,10.170426,-1.2415335
024468,20203,0,1.2106625,.68799996,.27037081,2.7497079,16.963131,.32965139,2.5785117,10.146896,-2.9956255
024468,20204,1,1.1029073,.67399997,.24717979,1.4353837,14.357045,.34490919,5.008492,10.123992,-9.7367678
024468,20211,0,.95185423,.82999998,.28505766,1.6661996,10.602017,.37613377,5.1861944,10.11127,-10.096276
024468,20212,0,.86395973,1.402,.25327083,1.8801326,10.637317,.30140811,6.4588189,10.079737,-9.0689411
024468,20213,0,.69292665,1.296,.19656953,1.3452988,12.467308,.17163594,-.75951815,10.10522,-4.1676869
024468,20214,0,.74720907,1.184,.24784185,1.5466235,12.64392,.2167457,-1.5540868,10.077723,-4.6269288
024468,20221,0,1.0204043,1.5525,.31811908,1.2723382,16.108604,.24248974,.10687709,10.080684,-3.0586224
024468,20222,0,1.6517547,1.85,.36453575,4.4803171,16.030895,.15626059,2.94033,10.069612,-1.0124568
024468,20223,0,1.8597925,1.7275,.39953578,4.5240698,19.225801,.23563278,.52862465,10.129882,2.4662311
024468,20224,0,1.6811841,.53399992,.32987702,2.214515,19.759638,.34762737,2.0011454,10.120782,4.3059697
024856,20131,0,6.0429263,1.17,.16568686,3.4001484,8.7677221,.18292983,8.5082951,9.9636335,20.499092
024856,20132,0,9.3391361,1.2950001,.13660966,3.4783747,8.7466459,.20383881,5.1625996,10.008373,10.736924
024856,20133,0,.82208943,1.6440001,.14113037,3.4856479,10.110203,.16433604,-.13158619,10.026783,9.8507814
024856,20134,0,.84736532,1.966,.11261664,3.5223246,9.3041401,.30919829,-.16043484,10.019866,6.9312601
024856,20141,1,.9740591,2.1075001,.09791588,9.9010143,9.4749632,.72672611,-5.640945,10.021128,5.7493839
024856,20142,0,.85991323,2.2871428,.12283711,13.019564,23.039749,.32409003,-3.0641346,10.242731,23.435764
024856,20143,0,.90275508,2.0928574,.12677735,8.7523546,28.196569,.43280554,-.23038983,10.348371,32.158783
024856,20144,1,.89852297,2.1128573,.084114566,12.088044,21.897932,.58053225,4.9229264,10.26967,24.98045
024856,20151,0,.93391722,1.9810001,.10797962,12.5,29.217634,.35771981,.65639913,10.453457,43.232925
024856,20152,0,.89323324,1.839,.11769859,11.722032,29.472092,.44623053,3.7847786,10.553753,31.102266
024856,20153,1,1.0207281,2.0849998,.093633935,11.744581,21.985344,.73020655,3.756094,10.57559,22.721891
024856,20154,0,1.2896369,1.9143751,.12111559,9.2481785,31.032642,.32782352,14.701867,10.832438,56.276691
024856,20161,0,1.2177011,1.8813332,.12914531,6.8789907,28.177628,.34144175,16.355541,10.855898,40.24411
024856,20162,1,1.0830842,1.5320001,.10832024,7.32126,17.416519,.42709097,22.328341,10.774049,22.02951
024856,20163,1,1.1061208,1.3333334,.13874376,6.6626654,17.511003,.39615846,19.131834,10.819378,24.378838
024856,20164,0,1.1213193,1.295,.16146789,5.490293,21.667933,.2985391,23.976883,10.943923,11.148545
024856,20171,0,1.081928,1.7774999,.20107858,4.7422643,20.876846,.20710111,22.083872,10.950403,9.4504919
024856,20172,0,1.0974308,1.5224999,.23091887,5.3257308,25.490025,.21316789,22.236931,10.96303,18.898136
024856,20173,1,.95586216,1.0815001,.24618483,4.5102301,35.859482,.21406171,19.703943,11.006474,18.709539
024856,20174,1,.75427312,.93826085,.23451945,-5.9772353,44.956856,.34023073,22.294785,11.076929,13.300572
024856,20181,0,.60705394,.92363638,.21592203,2.1882958,37.199608,.30163765,23.645784,11.160285,20.988228
024856,20182,0,.70996088,.94772726,.21045436,2.7790949,36.704853,.45426041,13.391754,11.087987,12.495719
024856,20183,0,.86745185,.88200003,.23565322,3.2086298,39.655727,.2555275,18.761175,11.087589,8.1115637
024856,20184,0,.74046528,.77250004,.22893664,.0046652672,44.267166,.38566208,17.673437,11.071393,-.55363142
024856,20191,0,1.1690154,.46055558,.27018636,3.1016881,48.609344,.37220261,17.609253,11.061547,-9.8737926
024856,20192,0,1.0123916,.21764706,.26532567,2.9918678,46.165474,.29441252,17.587885,11.0483,-3.9687626
024856,20193,0,1.019271,-.065294161,.26437065,-1.8430628,44.867901,.31640562,17.774576,11.054217,-3.3371434
024856,20194,0,.92606616,-.089374967,.24651329,4.5582118,39.137051,.34321848,18.51466,10.987764,-8.3628426
024856,20201,0,.73587072,.35499999,.25798434,2.5167539,40.032776,.27747577,21.138689,11.028855,-3.2691934
024856,20202,0,1.5893584,.56687498,.23598108,-5.5891266,35.19191,.23936659,19.654863,10.997774,-5.0525522
024856,20203,1,.85760963,.60266668,.18739098,.64361572,34.621162,.27711231,16.391563,10.931928,-12.229009
024856,20204,0,.89767987,.54714286,.21880072,2.5477183,41.001675,.29731596,23.715952,11.016627,2.8862898
024856,20211,0,.83455175,.73899996,.24637946,2.5275192,12.07625,.2412034,20.978567,11.13323,10.437508
024856,20212,0,.85591656,1.3015789,.2347185,2.2550821,9.5759497,.1763172,19.241524,11.119764,12.199052
024856,20213,0,.69287384,1.23,.22738737,3.8126616,10.067075,.20445988,18.82292,11.127028,19.509996
024856,20214,0,.75338846,1.1333333,.24765648,.56931651,9.8497715,.23249577,16.978683,11.11391,9.7282372
024856,20221,0,.85603231,1.3529413,.22745009,.027960915,10.897398,.36349186,17.602884,11.126556,-.66735852
024856,20222,0,1.215344,1.7517647,.25835764,1.81357,9.538681,.22669625,17.680908,11.052159,-6.7605309
024856,20223,0,1.2257191,1.7111765,.25729668,2.8455544,9.7661848,.24972165,22.53981,11.048824,-7.8203282
024856,20224,0,1.1613491,.614375,.26901758,2.6216092,9.9717054,.28933612,17.015955,11.043834,-7.0076094
025279,20131,0,1.7075541,.87,1.0909855,-2.0636587,1.2067156,.30896583,-6.4972386,9.7499866,-21.600611
025279,20132,0,1.5556614,.95199996,.77875799,.77551752,1.5987592,.30424148,-1.5850097,9.7269297,-23.411932
025279,20133,0,1.4229735,1.204,.66479641,-.029418688,3.1183808,.33537304,-4.7248454,9.7407331,-4.7231159
025279,20134,0,1.6646233,1.7,.51924026,.63841105,3.375303,.49654195,-1.9507587,9.7360744,.11237618
025279,20141,0,1.3903502,1.988,.4947862,.802607,1.3095167,.3560437,-3.749007,9.7154093,-3.4577203
025279,20142,0,1.2074012,1.9539999,.44558507,.024487296,1.1692684,.39791855,-3.0503659,9.7010651,-2.5864031
025279,20143,0,1.0283023,1.926,.46451947,.26096985,2.1666565,.33986768,-3.5418987,9.7097206,-3.1012554
025279,20144,0,1.1095819,1.96,.50617594,-1.7884914,1.4714679,.47254455,-4.1736722,9.7242413,-1.183305
025279,20151,0,1.4267433,1.7620001,.43644762,-.0058678556,3.4444313,.26992139,-3.6638379,9.7434359,2.8026705
025279,20152,0,1.3560357,1.5960001,.31400314,.61923265,1.4691597,.27926177,-4.6572356,9.7094173,.8351925
025279,20153,0,1.5626624,1.72875,.31517112,-1.1563394,5.2736087,.40880689,-1.3510227,9.7481775,3.8457122
025279,20154,0,1.8500892,1.54375,.32555959,-.77957726,1.9214932,.46664834,2.3182659,9.8100004,8.5759449
025279,20161,0,1.6268498,1.4975001,.28441393,1.113991,1.7592235,.33088842,.16066432,9.8054886,6.2052598
025279,20162,0,1.7320623,1.2928572,.26506662,-1.1683034,1.9076645,.44023028,.41436255,9.7823362,7.2919102
025279,20163,0,1.5306088,1.0257143,.19690961,1.2781702,2.4554322,.39802667,.39221942,9.7890863,4.0908427
025279,20164,1,1.35,.95714283,.20095299,.70068377,1.33921,.94366276,-2.821511,9.7811508,-2.8850296
025279,20171,1,1.4433888,1.3257143,.22921208,1.6025642,2.4259505,.61892134,-.78929961,9.8034458,-.20425634
025279,20172,0,1.2859795,1.1542857,.20771709,.8136878,1.5772167,.37897789,.45412183,9.7949553,1.2618995
025279,20173,0,1.1342472,.7557143,.19212419,1.5395496,2.4262867,.32640627,1.6524643,9.8191271,3.0040913
025279,20174,0,.99302018,.73714286,.19123076,-3.3000643,3.5361667,.42391071,.047653913,9.8328505,5.1700058
025279,20181,1,1.0514878,.81666672,.21159448,1.5649617,5.2042851,.31509295,-.15377402,9.8544025,5.0956144
025279,20182,0,1.0857866,.90857148,.18992881,2.8903239,5.921258,.38537654,-2.7483225,9.8627701,6.7814374
025279,20183,0,1.0974247,.85571426,.17969929,2.2023962,4.9146061,.38745856,3.1331091,9.8840494,6.4922652
025279,20184,0,.89427048,.73857147,.16372223,1.8941067,4.6567545,.52014327,1.9506723,9.9222603,8.9409771
025279,20191,1,1.2857693,.36857146,.18514001,2.0191438,3.8144674,.30001429,1.2650043,9.9522305,9.7827759
025279,20192,0,1.2128139,.16099994,.18127175,.64700449,12.028401,.38232082,7.6160698,10.077525,21.475517
025279,20193,0,1.1553315,-.11400003,.16464709,.51832658,11.440207,.49775803,8.5346041,10.098602,21.455208
025279,20194,0,1.04629,-.14699996,.18535616,14.934967,2.3695619,.69517118,8.5570183,10.194514,27.225378
025279,20201,1,.82499737,.32699999,.22960961,.035988878,1.8419762,.32717159,1.487112,10.327611,37.538074
025279,20202,0,2.0406556,.56300002,.31524953,-.49148208,2.1851027,.22581609,14.997986,10.312713,23.518736
025279,20203,0,1.3154144,.50333333,.3229683,-.50287122,6.3880868,.16221653,.267151,10.336017,23.741451
025279,20204,0,1.0068181,.44583333,.29425919,.6808235,7.2491488,.51223862,-2.1539598,10.33673,14.221592
025279,20211,0,.82713974,.61083335,.30413252,1.1079702,6.3099065,.24368846,-1.3526648,10.334523,.69120944
025279,20212,0,.75197577,1.1116667,.29242492,.60194176,7.1197414,.34304208,-1.9410998,10.338511,2.579921
025279,20213,0,.61908585,1.1545454,.26427728,1.3443276,9.1183271,.34330082,-.99485815,10.347147,1.1130763
025279,20214,0,.6414994,1.0354546,.27089241,.29802051,6.5940962,.83445746,-1.1494756,10.36964,3.2910082
025279,20221,0,.85946006,1.1700001,.27971217,.3444103,6.5562067,.37543827,-.3459841,10.380622,4.609901
025279,20222,0,.96829247,1.699091,.26896811,.8009401,1.4565359,.32161301,-.17454624,10.383967,4.5455904
025279,20223,0,1.3072715,1.7233335,.32940885,.58405048,1.2675138,.46910435,-1.4799476,10.37938,3.2232852
025279,20224,0,1.171244,.61777776,.32315889,.43822584,1.4085829,.66359907,-1.5886575,10.371834,.21935332
025283,20131,0,1.7442331,2.184,.48605052,2.4920678,3.6356428,.95187736,-5.2083583,9.6243029,2.9925079
025283,20132,0,2.2058535,2.302,.56493926,1.0571737,3.8619201,.97087377,-1.3807029,9.5400038,-1.3500688
025283,20133,0,2.3359559,2.1739998,.57504719,1.6441282,3.6868327,1.0604982,-.99817216,9.5503778,-1.2870555
025283,20134,1,2.1248324,2.9779999,.51595944,1.2555863,4.1994753,1.2839612,-1.8745482,9.5537176,1.9194173
025283,20141,0,2.0022457,2.95,.48110577,2.1908824,3.9225976,1.167596,-1.7564535,9.6320066,.7704249
025283,20142,0,1.7209172,3.1500001,.55082554,.86938375,6.7533731,1.2240924,-.27463436,9.5734549,3.345077
025283,20143,0,1.6170071,2.9600003,.51300037,1.6415483,5.0732331,1.4009764,1.4605284,9.5562677,.58900928
025283,20144,0,1.7261856,2.5466666,.52138311,.99992913,5.2904053,1.3261471,-.15568137,9.5540009,.028370807
025283,20151,0,1.9115245,2.3116667,.52130741,2.452316,4.1935267,.80414701,-1.641959,9.6189337,-1.3072944
025283,20152,0,2.0845897,1.8716667,.50348234,.88004994,9.7498436,1.2195967,-.93778968,9.5771341,.36794099
025283,20153,1,1.9768317,1.9516667,.41250414,.89267325,8.2057266,1.38021,-.082543492,9.5862398,2.9971578
025283,20154,0,2.0338147,2.4100001,.46440688,.83594567,6.506444,1.2121211,.31483471,9.5718536,1.7852597
025283,20161,0,2.3154767,2.0342855,.60812145,1.9868439,3.3628676,.93301117,-.6174773,9.6089821,-.99516606
025283,20162,0,2.8675754,1.8837498,.58632642,.12494487,5.1962366,1.3008966,-.093570352,9.5182657,-5.8867798
025283,20163,0,2.7606807,1.6528571,.6435461,1.0523151,3.1794951,1.2251954,.49566627,9.49582,-9.0419321
025283,20164,0,2.7793241,1.2114286,.67522138,1.0928143,5.239521,1.8787425,-2.4323702,9.50002,-7.1833148
025283,20171,0,2.3769448,1.4428571,.66448659,1.7973857,4.2412615,1.2574595,-3.4265847,9.5522261,-5.6755757
025283,20172,0,2.7970545,1.8825001,.73268723,.48622367,7.9121852,1.5912775,-2.5305004,9.5159111,-.23546736
025283,20173,0,2.7949846,1.4925001,.74430794,1.5705224,4.7191181,1.3817577,-1.5392065,9.4912996,-.45201224
025283,20174,0,2.5498219,1.23375,.71112543,.89737689,4.2337785,1.1351434,-2.0987062,9.4756231,-2.4396996
025283,20181,0,2.3237579,1.2850001,.71492487,3.3669066,5.2949643,.89928061,-3.6365747,9.5396442,-1.258238
025283,20182,0,2.011925,1.1700001,.49284652,.5622189,9.8050976,.99700147,-2.5033922,9.4985228,-1.7389158
025283,20183,0,1.8807851,1.06125,.51134437,2.2685041,6.3641996,1.3858781,-3.6187916,9.4662218,-2.5077767
025283,20184,0,2.0831385,.875,.44347653,1.2466124,8.2539682,1.1304685,-6.5547256,9.4661446,-.94787443
025283,20191,0,2.0036848,.84625,.43286526,1.9266185,7.4160643,.84997874,-8.0982981,9.5552063,1.5561739
025283,20192,0,2.3782384,.31874999,.48568636,.49723312,7.4905767,1.9087337,-8.5548105,9.4310007,-6.7521477
025283,20193,0,2.2822745,.15571424,.47064492,1.6659753,3.7536292,1.389465,5.4164114,9.5795565,11.333422
025283,20194,0,2.4110289,-.022857167,.62772721,.84582585,4.2978959,1.6435153,4.4476895,9.584796,11.865159
025283,20201,0,2.4231565,.095714293,.65699387,1.6837156,3.1132855,1.1245949,3.3750236,9.6638966,10.869113
025283,20202,1,2.2689066,.25857139,.81514573,-3.7169356,4.9673653,1.1130196,5.81218,9.5856895,15.468902
025283,20203,0,7.7048793,.49000001,1.6396583,.29617491,12.848951,.2142542,13.066289,9.672123,9.2566452
025283,20204,0,4.8246398,.4325,1.5969033,-.078766003,15.936987,.44634068,8.828908,9.6313505,4.6554399
025283,20211,0,4.2279353,.55500001,1.4257094,2.2209272,12.555037,.45325044,4.4410348,9.6449757,-1.892113
025283,20212,0,2.5519035,.74250001,.77668959,.091282517,14.807328,.38469061,3.9966822,9.6380234,5.2333632
025283,20213,0,1.4880719,1.1950001,.5464927,2.6005855,10.953775,.89863169,3.7015796,9.5948544,-7.726861
025283,20214,0,1.5956322,1.0233333,.65859133,1.5671353,16.56778,1.5155424,2.5101721,9.648982,1.7631633
025283,20221,0,1.5162904,1.23,.6686821,1.8744906,11.74221,1.1221867,5.9150457,9.6772766,3.2300944
025283,20222,0,1.9356946,1.34,.56227344,.092998534,10.542048,1.4680483,8.2533092,9.6193991,-1.8624474
025283,20223,0,2.4169214,1.9749999,.59896433,.9375205,4.2352324,2.1438406,9.9614382,9.6325312,3.7677293
025283,20224,0,3.4209461,.83999997,1.2101449,.62087947,1.4209819,1.1841516,9.8219004,9.6564999,.75171417
025340,20131,0,7.306911,.55000001,.57385164,1.5107591,9.2115469,.153798,-1.4300466,8.9020882,31.473478
025340,20132,0,8.5247402,.79999995,.47955865,1.7722441,14.63711,.18584877,3.3475666,9.0158453,40.609089
025340,20133,0,2.2824717,1.1949999,.5753482,1.6833594,8.5266075,.20996742,.82123876,9.0224438,21.901909
025340,20134,0,2.5541923,1.9383334,.65519983,1.3910844,11.452734,.20663023,4.1301966,9.0888958,20.038719
025340,20141,0,2.2644391,1.7216668,.58255047,1.4663051,10.094991,.16242495,3.1768112,9.096858,19.47699
025340,20142,0,1.9757844,1.9233333,.62166256,1.2077501,11.002048,.18244281,5.1505208,9.1455669,12.972215
025340,20143,0,1.7993171,1.895,.61953723,1.7104748,6.1245704,.51767075,-.13437867,9.181591,15.914774
025340,20144,0,2.3205554,1.73,.68584353,1.3967165,6.5846605,.11075716,.68307221,9.2303877,14.149242
025340,20151,0,2.4870474,1.5616666,.57077515,1.4305474,5.3256216,.12283942,2.0396292,9.2436495,14.679134
025340,20152,0,2.2047076,1.4614285,.52112269,2.0666287,6.6096649,.18015325,2.3825407,9.2792225,13.365541
025340,20153,0,2.2486899,1.5714285,.56155699,2.1991069,7.5233579,.11782575,.41781366,9.2931643,11.157278
025340,20154,0,2.4437551,1.2328571,.54572541,1.414223,12.496636,.18025289,.39729178,9.3192844,8.8896389
025340,20161,0,2.266289,1.1914285,.5130198,1.7451587,11.435216,.18158235,-.34938455,9.3218374,7.8187609
025340,20162,0,2.226002,.84428573,.56043428,2.2105803,10.933435,.21946514,-2.5313644,9.3325758,5.3353133
025340,20163,0,2.2025223,.75333333,.55917251,2.5032647,8.1053896,.18441392,-5.4384561,9.3354921,4.2327924
025340,20164,0,1.9170197,.65499997,.60669547,1.7899626,11.356617,.19205981,-5.9167953,9.3552113,3.5926526
025340,20171,0,1.7838931,1.0150001,.68523699,1.9569505,9.8966026,.30139768,-5.8655205,9.3683777,4.6540751
025340,20172,0,1.2840325,.99000001,.58169764,2.424273,8.4245586,.38587043,-6.0750456,9.3860655,5.3489513
025340,20173,0,1.0360427,.61800003,.57796329,2.6158252,4.3691711,.44919053,-8.1226463,9.3907518,5.5260019
025340,20174,1,.93519485,.58199996,.51962781,1.5536004,8.3474216,.36439443,-8.3285675,9.4079285,5.2717156
025340,20181,0,.7799989,.66666669,.41704524,2.7088978,7.5169983,.26703092,-6.9769769,9.4694147,10.103683
025340,20182,0,.83699393,.79000008,.49862936,3.4331713,8.0662127,.23528345,-8.8293018,9.4893427,10.327716
025340,20183,1,.91081691,.77999997,.55658466,3.4296055,9.0992689,.20745362,-9.1985722,9.5173397,12.658789
025340,20184,1,.95815313,.67000002,.56555361,2.0347726,10.669803,.22388166,-9.017746,9.554965,14.703687
025340,20191,0,1.449248,.30600008,.70504051,2.4161036,5.2855706,.45749116,-9.176795,9.5843697,11.495523
025340,20192,0,1.128758,-.020000065,.60631967,3.163857,4.8723927,.42313588,-9.1097918,9.616272,12.692966
025340,20193,0,1.0093843,-.30250001,.59903234,3.3191013,5.8151603,.41053599,-10.907313,9.6306286,11.328876
025340,20194,1,.81117386,-.22250001,.51450217,2.7635744,9.7010241,.52029264,-10.932879,9.6554489,10.048418
025340,20201,1,.7418415,.10499998,.52604127,2.957195,9.7770615,.48643318,-9.52705,9.7003241,11.595446
025340,20202,0,3.2365322,.19499998,.83979475,3.6818449,8.9743137,.34909517,-7.1502419,9.7485867,13.231455
025340,20203,0,1.2551161,.090000004,.54761881,4.6122432,13.200808,.36942455,-9.0914364,9.7966757,16.604757
025340,20204,1,.76410162,.089999996,.43091434,4.1866932,16.074724,.54197538,-12.10875,9.8475676,19.211861
025340,20211,0,.55452698,.175,.49693805,4.6990962,12.511881,.51515645,-13.863869,9.8924465,19.212252
025340,20212,1,.49603647,.45499998,.39992443,5.290792,10.585853,.07351616,-13.87315,9.9562607,20.767365
025340,20213,1,.49380487,.35166666,.42355728,6.1440339,9.0352621,.21795489,-14.404779,9.9893675,19.269106
025340,20214,0,.48314673,.41999999,.49468839,4.7535172,13.479403,.12866476,-10.085119,10.086472,23.890362
025340,20221,0,.5520556,.83166671,.40632364,5.745338,9.8586369,.16640399,-10.037901,10.126607,23.416027
025340,20222,1,1.0492595,1.476,.63555896,6.1749353,6.3297019,.13303205,-11.333375,10.191868,23.560787
025340,20223,0,1.3613164,1.516,.77478659,5.6522536,5.8341041,.13924538,-8.9310064,10.270555,28.118778
025340,20224,0,1.1967702,.64999998,.82943338,3.1586993,8.4771233,.15650174,-9.2667027,10.320588,23.411665
028195,20131,0,3.2743785,1.2333333,.5367626,1.0815833,12.583642,2.5042698,-12.035814,9.0101194,12.837023
028195,20132,0,2.6742384,1.5033333,.58145517,.60724032,12.872227,.98841602,-9.789403,9.0176821,14.043252
028195,20133,0,2.3032117,1.5266666,.54890209,1.5616801,16.619274,3.4900789,-10.765348,9.0037451,9.8186665
028195,20134,0,2.6678405,1.8866668,.48452652,1.2882327,11.048691,2.2175756,-10.727559,9.1219225,15.964067
028195,20141,1,2.6294618,1.75,.57925051,-.42823431,8.5190916,.92317301,-10.318724,9.1082411,9.8121843
028195,20142,0,2.4651585,1.8666666,.59533852,2.3160701,8.3060007,1.579438,-7.3354168,9.0030956,-1.458674
028195,20143,0,2.0269761,1.8833333,.63058972,-.31864673,16.083359,2.5461938,-11.395231,9.0144873,1.0742629
028195,20144,0,1.9447393,1.8633333,.51665139,.85099244,11.795743,2.3311546,-12.831322,9.0454359,-7.6486521
028195,20151,0,2.4907219,1.4733334,.55764204,.5857107,10.389105,3.0499866,-13.388538,9.0904198,-1.7821718
028195,20152,0,2.4085765,1.3366667,.52779925,.84170771,11.265988,3.115495,-11.523893,9.0569744,5.3878489
028195,20153,0,2.3664448,1.21,.48288518,.97821289,10.738837,2.5395703,-11.119871,9.1011429,8.6655569
028195,20154,1,2.7322328,1.1899999,.6180591,1.3733432,9.5172691,2.625144,-12.246597,9.1698523,12.441661
028195,20161,0,2.6695316,1.2866666,.48912439,.77222216,11.05887,1.9951763,-8.3995266,9.2322149,14.179487
028195,20162,0,3.3960648,.74666667,.61857641,.052666128,8.9230146,2.1466222,-6.3704343,9.2001085,14.313415
028195,20163,0,2.6439638,.86999995,.6828618,.3842794,8.9540119,2.5815878,-9.1360931,9.2009029,9.9760551
028195,20164,0,2.1609051,.69999999,.6024577,.85275358,8.8354893,1.5874372,-11.280613,9.2420988,7.2246022
028195,20171,0,1.8953426,.86333334,.60062158,.19599111,7.0886374,1.4871992,-11.547515,9.263298,3.1083074
028195,20172,1,1.4756346,1.02,.51543796,-.25243568,7.5397997,1.6182505,-9.7736883,9.2118225,1.171367
028195,20173,0,1.4680537,.95000005,.42431086,.44221249,7.2019005,2.2628648,-10.349051,9.242774,4.1870198
028195,20174,1,1.4320718,.55000001,.41561088,.57493716,10.723861,1.9702334,-12.909233,9.3143396,7.2241106
028195,20181,1,1.267917,.64499998,.45489863,.3238664,6.4781785,2.8280928,-12.084772,9.3518019,8.8504524
028195,20182,1,1.2752308,.97666663,.47798577,.37029988,8.1891966,2.3917117,-10.860893,9.349081,13.725859
028195,20183,1,1.3522135,.91000003,.44545096,-.51285356,6.0622916,1.9460768,-8.0299301,9.3214798,7.8706474
028195,20184,0,1.2834096,.73666674,.41024861,1.0260973,10.443189,1.921965,-9.5527334,9.3964577,8.2118626
028195,20191,1,1.6135775,.64666665,.46913198,.5270952,6.2950993,2.3917589,-11.273911,9.4555063,10.370442
028195,20192,1,1.9483943,.16666669,.42484412,.34850857,6.0036979,2.0204713,-8.1126852,9.4316101,8.252902
028195,20193,0,1.4270295,-.076666608,.49080274,.41776454,5.5047846,1.7151068,-7.0796518,9.4421482,12.066838
028195,20194,0,1.5114082,-.29333332,.42998353,.31164625,9.0777788,1.776288,-10.966778,9.4704313,7.3972769
028195,20201,1,1.0689623,.12333333,.30848235,-.022727646,5.0965309,1.5117519,-9.4743519,9.5781012,12.259446
028195,20202,0,1.3031297,-.076666646,.36035874,-.38781771,5.4293337,1.5234771,-5.8143258,9.4833918,5.1782098
028195,20203,1,3.2864842,.37333333,.36534235,.50579959,5.8263326,2.4949079,-8.3843079,9.5023289,6.0180421
028195,20204,0,1.7178841,.32750002,.35439083,1.3922081,9.7942095,2.4510024,-11.165941,9.5748043,10.437313
028195,20211,0,1.4992446,.48500001,.34597108,.99318391,7.3662834,2.018877,-12.520504,9.6336117,5.5510163
028195,20212,1,1.0196245,.755,.32061881,1.1692983,5.8987675,1.4962369,-10.98464,9.581501,9.8109503
028195,20213,0,.9410966,.96600008,.25363064,1.1081077,7.9916673,1.7850531,-12.121056,9.6640053,16.167664
028195,20214,0,1.0021986,.78400004,.23741187,1.4470998,9.5172329,1.6872823,-9.3659191,9.7204056,14.560167
028195,20221,0,.94076151,1.3299999,.27675131,1.2622243,7.0900612,2.4050488,-11.29871,9.774972,14.136092
028195,20222,0,1.2903204,1.5399998,.29608876,1.2507172,6.36833,2.0883534,-10.114135,9.7659483,18.444685
028195,20223,0,1.7556058,1.9020001,.28431299,1.7335315,5.9820595,1.7445379,-11.002149,9.8075819,14.35767
028195,20224,0,1.8181535,.37400001,.31020311,1.1310037,7.5772176,1.5925344,-11.228415,9.8892365,16.883078
028742,20131,1,1.9440917,1.5599999,.36652711,2.2184727,11.181415,1.3654543,-15.528825,8.7641783,7.1587429
028742,20132,0,1.754977,1.7633333,.34408575,2.6666055,10.651105,1.6449938,-13.050003,8.7839937,3.8661509
028742,20133,1,2.1299548,1.15,.32161692,2.4875474,12.18421,1.5375668,-12.458827,8.810668,7.5030727
028742,20134,0,1.9599444,2.2233334,.29022586,2.0303547,13.215973,1.7216375,-12.07023,8.8485527,9.289362
028742,20141,0,1.8102534,2.1933334,.27877042,2.3001301,13.582479,1.8244903,-12.739587,8.8417377,7.7559166
028742,20142,0,1.7135137,1.5899999,.26356569,2.585012,10.982903,1.7817827,-12.241173,8.9035158,11.95225
028742,20143,1,1.3265756,1.64,.25837588,2.2341425,10.344643,1.8854769,-14.459117,8.9169083,10.624002
028742,20144,0,1.1575371,1.75,.31104767,1.9210964,10.749352,2.2671409,-12.757738,8.8932018,4.4649644
028742,20151,1,1.5444425,1.8000001,.28923017,2.4750969,11.037631,1.9369119,-11.20263,8.8857174,4.3980222
028742,20152,0,1.3864086,1.92,.25601485,1.9687341,13.765187,1.927525,-6.7788734,8.9256668,2.2150848
028742,20153,1,1.4135169,2.2179999,.28758481,2.026705,14.265481,1.7228281,-8.3240452,8.9575491,4.0640669
028742,20154,1,1.6127728,2.0340002,.39538097,1.6300036,13.442,2.0618958,-7.496232,8.947299,5.4096851
028742,20161,0,1.7457236,1.9400001,.3653537,1.8560199,6.6730762,1.1796641,-.97674727,9.0872116,20.149418
028742,20162,0,1.789986,1.5425,.44360697,1.8387822,4.3877997,1.4584987,-1.2042403,9.0983696,17.270206
028742,20163,0,1.5512916,1.4833333,.57304412,.92672938,5.5069757,1.3361368,-.55433512,9.1037121,14.616324
028742,20164,0,1.4436386,1.2219999,.48914295,-3.2562475,5.7586627,1.618687,-.91592669,9.1057911,15.849176
028742,20171,0,1.3079513,1.6799999,.35102871,2.1415553,5.0222421,1.4816575,-5.8810654,9.086442,-.07693962
028742,20172,0,1.1882746,1.5320001,.38492444,2.3338509,3.9455287,1.3573763,-10.041225,9.1142368,1.5867712
028742,20173,0,1.283564,.99199998,.40382043,1.9906336,4.1675191,1.4587932,-5.8970408,9.1365328,3.2819967
028742,20174,0,.98541218,.90500003,.35387996,-1.4893746,4.2205739,1.7348872,-4.2902412,9.1917896,8.5998726
028742,20181,1,.95895249,.83750004,.34526542,2.2998488,5.5713353,1.6388083,-6.8597584,9.1888714,10.242913
028742,20182,1,.96294147,.87,.37019569,2.7085743,4.0827918,1.0792443,-8.164032,9.2138147,9.9577456
028742,20183,1,1.0906596,.77249992,.4320246,2.0844412,3.7014685,1.2846214,-6.0897441,9.187808,5.1276069
028742,20184,0,.99052125,.71250004,.45122147,2.3671317,3.7236013,1.5674529,-5.3475084,9.1815701,-1.0218903
028742,20191,0,1.4124166,.45000002,.58115619,1.5848958,7.3242002,1.1589551,-7.3315873,9.2198248,3.0953691
028742,20192,1,1.3436445,.18666667,.53572357,1.7022961,5.1167855,1.256928,-6.6062899,9.2206869,.68723333
028742,20193,0,1.3684376,-.052500028,.50925022,1.8961979,6.939693,.99697,-7.5725822,9.2331772,4.5369182
028742,20194,0,1.2127627,-.046666637,.58746105,2.1570742,8.9812727,1.3236592,-7.9244285,9.2300453,4.8474498
028742,20201,0,1.2092298,.44999999,.54299855,1.3296227,8.575551,1.2059369,-7.8918843,9.1800871,-3.9737918
028742,20202,0,2.7360847,.68333334,.93679714,-1.0313618,9.4822149,.56830144,-8.4785099,9.1592579,-6.1429081
028742,20203,0,2.3328438,.50999999,.62749016,1.0738125,19.376995,1.0544646,.041487813,9.2434845,1.0307366
028742,20204,0,1.6054856,.4975,.60243964,3.2868161,19.473007,1.6617701,-7.3553233,9.295784,6.5738902
028742,20211,0,1.1278034,.65999997,.68743151,.40551499,10.293842,1.2290225,-6.5805273,9.6821547,50.206749
028742,20212,0,.95308554,1.2633333,.56881076,1.5465531,10.988667,.92041826,-4.7125297,9.6785297,51.927227
028742,20213,0,.76058608,1.2166666,.56810457,.56929374,9.2984638,.90138179,-3.6455541,9.7328768,48.93922
028742,20214,0,1.1295918,.91749996,.6412307,.78224486,9.1565094,1.0429932,-1.2278587,9.7105703,41.478619
028742,20221,0,.94030464,1.21,.63563722,1.2066365,11.125188,1.0678732,-1.8060684,9.7156506,3.3495955
028742,20222,0,1.3959091,1.7366667,.75436932,1.2951193,9.017868,.92337215,-1.8137395,9.7218456,4.3315911
028742,20223,0,1.5962743,1.7333335,.85945326,1.6910307,8.6100101,1.1149653,-.59429407,9.6893034,-4.3573408
028742,20224,0,1.4654273,.63999999,.9117201,1.5861168,7.7191019,1.3186539,-.83622038,9.6851454,-2.5425098
029392,20131,0,1.9616939,1.4388889,.28055045,2.1258283,2.1430416,.74877357,10.369232,9.3603973,63.067638
029392,20132,0,1.5628351,1.5925,.28907475,2.2589202,1.5230598,.85565162,8.6716566,9.3662319,63.538052
029392,20133,0,1.7925938,1.9749999,.30499011,2.6186023,1.9894576,1.0627444,9.6363573,9.3726292,31.70731
029392,20134,0,1.6464932,2.4114287,.30461368,2.9504561,1.8930674,1.4581734,8.0976458,9.3696489,.70169723
029392,20141,1,1.7239137,2.1387501,.32275093,1.9670748,2.0008442,1.0299705,6.3545046,9.3796616,1.9264148
029392,20142,1,1.4114293,2.0874999,.28862929,2.4441283,1.5485059,1.1048799,10.076591,9.3882351,2.2003088
029392,20143,0,1.0907881,2.1966667,.29622358,1.7159667,1.4299723,1.242033,9.7122936,9.4123011,3.9671869
029392,20144,0,1.2762898,2.2011111,.32313135,.13185002,1.7470127,1.5409971,9.6732531,9.4038486,3.4199965
029392,20151,0,1.4718641,1.9427273,.31516099,1.0639622,1.3315083,.77775013,18.887547,9.6848335,30.517281
029392,20152,0,1.4313695,1.7750001,.33523458,1.8757105,1.2378427,.8904888,19.263685,9.6699152,28.167933
029392,20153,0,1.546688,1.96,.30502164,1.6114818,1.6870201,1.007176,17.47785,9.6731939,26.089235
029392,20154,0,1.6769905,1.779091,.40908235,.78085643,1.9458439,1.4231738,17.531944,9.6728153,26.896662
029392,20161,0,1.6425166,1.7555555,.40059701,1.6078407,1.8768817,.70463133,16.692406,9.6557312,-2.9102833
029392,20162,1,1.8118596,1.4122223,.3942703,1.6329405,1.2935451,.79405737,16.437483,9.6560516,-1.3863498
029392,20163,0,1.6751004,1.2236363,.43719566,1.4888974,1.5402387,.90489024,15.012807,9.6538715,-1.9321816
029392,20164,0,1.6307671,1.1136364,.44842786,.74891859,1.3364323,1.6205049,14.050836,9.6478853,-2.4930363
029392,20171,1,1.3076802,1.6371429,.41858658,1.798538,1.1709905,.86045152,14.313877,9.6458168,-.99138188
029392,20172,0,1.2351204,1.42125,.39736357,1.8533798,1.2503967,.92668992,14.637857,9.6649132,.88617456
029392,20173,0,1.2295582,.96999991,.3932884,2.0233023,1.3906289,.99599099,15.547174,9.678091,2.4219785
029392,20174,0,1.2318841,.90888888,.38573313,3.0641537,1.2169247,1.3167748,14.616203,9.6818428,3.3957503
029392,20181,1,.9521988,.85874999,.37092063,1.8126132,1.1938246,.80004996,14.320332,9.6802816,3.4464245
029392,20182,0,1.1031839,.92555553,.36861846,2.1019187,1.1853843,.70878649,17.208696,9.702961,3.8048239
029392,20183,0,1.1517099,.82666659,.39880338,2.5338254,1.1869619,.84255838,14.272881,9.6964636,1.8371917
029392,20184,0,1.0018137,.71875,.43850175,.20779856,1.1795624,.89842314,13.909554,9.7027168,2.0873976
029392,20191,1,1.5618811,.41,.56033754,1.3066584,1.4129415,.66270709,12.409812,9.6800318,-.025004691
029392,20192,0,1.4031519,.14333333,.55521363,1.5769207,1.1918586,.56231284,12.090468,9.7026558,-.030555813
029392,20193,0,1.3816487,-.15875004,.54480028,1.6363189,1.1441929,.67667323,12.430787,9.6962175,-.024603272
029392,20194,0,1.2997756,-.1522222,.59539658,.16112041,1.2827662,.72504187,11.6483,9.6888704,-1.3846802
029392,20201,1,1.1422628,.22699998,.55373615,1.6116941,1.2743628,.61844081,8.9126673,9.6808443,.08124239
029392,20202,0,2.7221913,.44888887,.96825522,.16398421,4.1299725,.58912843,9.8373232,9.708992,.63364619
029392,20203,0,1.7992613,.42249998,.6361177,1.0079509,4.4074373,.51336628,10.269237,9.6786547,-1.7562274
029392,20204,0,1.3449689,.39375001,.57218283,.19988756,4.0602164,.65588111,5.721715,9.6809063,-.79637074
029392,20211,0,1.1491746,.61428571,.43622506,1.7036623,3.5068083,.56581485,4.5650482,9.6855183,.46742162
029392,20212,0,1.1188458,.98374999,.41475025,-.9015128,3.3343625,.66069776,2.1918476,9.6924582,-1.6534364
029392,20213,0,.88425314,.86428571,.37105718,2.1803951,3.7830784,.72679836,4.7949104,9.68645,.77952439
029392,20214,0,1.1673129,.84285718,.4446303,2.3248663,4.4098654,1.6175655,2.9470415,9.6964016,1.5495538
029392,20221,0,1.1177238,1.2180001,.35262689,1.5142728,2.9576647,.74102712,6.1613617,9.6498203,-3.5697732
029392,20222,1,1.6407582,1.6985714,.40615535,1.6196381,3.0811083,.87941289,6.3066692,9.6681452,-2.4312937
029392,20223,1,1.4464869,1.7014285,.45515296,2.0235295,3.0655463,1.1025209,5.7996182,9.6074371,-7.9013085
029392,20224,0,1.4882758,.68799996,.62013072,.0066733402,3.0764098,1.3747081,6.0907393,9.6148052,-8.1596899
029733,20131,0,3.3956583,1.515,.32643229,-.88072288,.80337214,.69220221,-5.2156358,8.0586205,.41542375
029733,20132,0,3.075556,1.7099999,.29378098,1.3093486,1.1810668,.89141065,-5.1990538,8.0566721,-.86295205
029733,20133,0,2.8509014,2.1399999,.31150785,2.2232544,1.352844,1.6198722,-7.2071671,8.0805836,.14203307
029733,20134,0,2.8407226,2.6266665,.32383916,1.0797682,1.7152892,1.5849366,-5.1977277,8.1128588,2.8541934
029733,20141,0,2.4328918,2.6333334,.333785,-.6631642,1.301818,1.1323611,-5.1679702,8.0894289,3.0808797
029733,20142,0,2.1969755,2.52,.25381383,1.8284885,1.0997902,1.4691314,-5.3056059,8.088026,3.1354051
029733,20143,0,2.0568511,2.4366667,.25602639,1.6013501,1.0229011,1.6040617,-9.1652842,8.1185179,3.7934084
029733,20144,0,2.1905799,2.4166665,.51278955,.87145704,1.0028399,1.2755799,-17.283043,8.900939,78.807953
029733,20151,0,2.4006758,1.8725001,.58703077,.08206965,1.4555907,.75136727,-14.199,8.9178991,82.847015
029733,20152,1,2.3408997,1.5239999,.46497223,1.1046497,.75989068,.96937764,-14.471608,8.9116173,82.359055
029733,20153,1,2.1682949,1.77,.45185861,1.5672989,.58894718,1.1261452,-15.956563,8.9226122,80.409424
029733,20154,0,2.4138987,1.6559999,.4184604,1.1183112,5.8672051,1.4221381,-14.090933,8.9144173,1.347898
029733,20161,1,2.3722248,1.5799999,.45377827,.64630467,2.4190676,1.3535137,-14.428687,8.8481836,-6.9715686
029733,20162,1,2.4551196,1.1374999,.3859731,1.7292156,.38595769,1.6481478,-12.90907,8.8619576,-4.9659367
029733,20163,0,2.2935061,1.046,.33039209,2.2047873,.39533797,1.035792,-14.097497,8.8864517,-3.6160831
029733,20164,0,1.9674346,1.2225,.36794904,1.3408016,.82303464,1.3804859,-14.763026,8.9056072,-.88102847
029733,20171,1,1.9663728,1.6625,.29497191,.57984591,.68536711,1.3983883,-14.115383,8.8957539,4.7570019
029733,20172,0,1.8558737,1.21,.296141,1.9243038,.74952078,1.5417531,-14.337343,8.9083958,4.6438208
029733,20173,0,1.4499183,1.026,.3010965,2.0163496,.48859349,1.2328063,-15.357023,8.9247704,3.8319402
029733,20174,1,1.3701824,.99199998,.33452696,4.9847193,.46544206,1.342446,-15.370476,8.9315233,2.5916333
029733,20181,0,1.0657312,.9837501,.31911746,.11145942,16.084095,1.0704352,-3.8348913,9.104147,20.839382
029733,20182,0,.96869785,1.02125,.3593699,2.071703,15.895899,1.02828,-.64645112,9.0991907,19.079504
029733,20183,0,1.0158473,.91285717,.34543407,1.8779374,.35198367,.76989591,-4.2611985,9.1691799,24.440926
029733,20184,0,.97410232,.79142863,.43551913,.98430663,.56278718,1.1868688,-2.6235461,9.1682854,23.676188
029733,20191,1,1.5221211,.4325,.46042395,.44865584,.47000343,1.3616407,-2.1102905,9.1644449,6.0297608
029733,20192,0,1.4935938,.19285709,.3962824,1.8856221,.37177038,.77023154,.43030083,9.215169,11.597848
029733,20193,0,1.7863284,.0099999476,.35359702,2.4457042,.52732003,.74329543,-1.2686878,9.2265739,5.7393608
029733,20194,0,1.5893147,-.11166661,.31123447,1.2813536,.48013958,1.0808643,-2.6089072,9.2324429,6.4157376
029733,20201,1,1.4248407,.35333329,.30678084,.25563583,.20727229,1.0274783,-4.3583126,9.2234144,5.8969522
029733,20202,0,2.9046376,.60000002,.45030907,2.0717101,4.0367885,.68168402,-.96207261,9.2594547,4.4284897
029733,20203,0,2.0802524,.58857143,.42735061,2.879745,.6854673,.73435938,-7.112637,9.2327471,.61738503
029733,20204,0,1.617826,.51714283,.39401919,1.7536464,1.8561817,1.0435632,-8.7240963,9.2529593,2.0516348
029733,20211,0,1.165733,.71428567,.33418444,.61715561,2.876909,1.0424544,-8.9009819,9.2667961,4.3381786
029733,20212,1,.94973147,1.08875,.28298217,2.1183379,3.3285487,.96347791,-11.557219,9.274188,1.4733737
029733,20213,1,.93283856,1.197,.27955472,2.2685354,.62638664,.96497405,-11.591453,9.3257294,9.2981987
029733,20214,0,.82205802,1.115,.29926375,1.1373693,17.286127,.73841959,1.8411249,9.5314236,27.846422
029733,20221,0,.91773707,1.299,.24023564,.14868338,1.7987911,.97130555,3.2387674,9.5744972,30.770094
029733,20222,0,1.3562605,1.6769999,.26791769,2.5734649,1.3313204,.56805813,.6546855,9.5639153,28.972748
029733,20223,0,1.5978614,1.6050001,.36073643,2.0305581,5.3091564,.60786092,-.49831569,9.5848513,25.912186
029733,20224,0,1.6277164,.51444441,.34680864,1.2464613,5.7048006,1.172461,1.7898113,9.597621,6.6197777
030671,20131,0,3.4773118,2.4000001,.75957632,1.4288884,1.666183,.45751745,-15.173399,8.6755123,4.3937421
030671,20132,0,3.4108155,2.6899998,.67220694,1.3542659,1.6736051,.79416829,-16.018265,8.6963596,.82767892
030671,20133,0,2.7616501,2.635,.73838544,1.2553461,1.3305876,.58609217,-4.7342896,8.9326878,22.7307
030671,20134,0,2.6899889,3.1499996,.67746192,.82484686,1.400104,.65800887,-6.0369878,8.9216309,21.706249
030671,20141,0,2.4199977,3.1950002,.66086817,1.187849,1.1388094,.39367932,-5.6254091,8.9012308,22.571804
030671,20142,0,2.2548821,2.9850001,.71860611,1.2702885,1.4953862,.76348943,-6.3693819,8.9354696,23.910944
030671,20143,0,2.1585386,2.835,.7058906,1.2378964,1.4712173,.6157077,-5.8058262,8.9508829,1.8195044
030671,20144,0,2.0849388,2.75,.77019382,1.1487672,1.2533138,.69697684,-3.813529,8.9915247,6.9893837
030671,20151,1,2.5951154,2.3499999,.85377133,1.2926525,1.3551795,.39940789,-2.7533979,8.9665604,6.532999
030671,20152,0,2.7122042,2.1949999,.84028918,1.1435671,1.2880979,.58065826,-2.6515932,8.9730473,3.7577965
030671,20153,0,2.7064164,2.5849998,.8970865,.66829622,1.7149469,.54997921,-4.5917244,8.9478321,-.30507815
030671,20154,0,3.0368662,2.375,.98752189,.92011374,1.2621385,.70819247,-5.4978342,8.9167204,-7.480423
030671,20161,0,3.8599908,1.925,.94009483,1.2946529,1.4645585,.48303753,-7.3744831,8.8708878,-9.5672646
030671,20162,0,3.8591168,1.54,.80732626,1.3418446,1.6025001,.49604359,-6.2624097,8.9252548,-4.7792258
030671,20163,0,3.4476719,1.3249999,.73711902,.64751589,1.5239515,.50885594,-6.2231898,8.9417543,-.60773021
030671,20164,0,3.1618981,1.3100001,.7890572,.81345832,1.8892801,.58405519,-6.8887501,8.9339151,1.7194
030671,20171,0,2.8556254,1.89,.71863931,1.507158,1.6569293,.46010819,-8.9069633,8.9107609,3.9873443
030671,20172,0,2.197932,1.6799999,.72817963,1.333437,1.7321733,.50100976,-9.0139179,8.9521399,2.6884503
030671,20173,0,2.0975099,1.175,.81574833,1.242466,1.8707223,.57845539,-7.8415513,8.9658709,2.411624
030671,20174,0,1.9516541,1.135,.7945655,3.8410072,2.1690094,.55435908,-8.9266624,8.9678736,3.3959122
030671,20181,1,1.7885666,1.0699999,.71605587,2.1803639,1.9920011,.53928524,-9.4160824,8.9555769,4.4816008
030671,20182,0,1.7766392,1.1,.76093245,2.8326318,1.7845088,.69711214,-6.0759544,9.0055151,5.3376074
030671,20183,1,1.8066496,.98000002,.78049129,1.7754949,1.4881594,.6465053,-8.560215,9.0303278,6.4457111
030671,20184,1,1.7866559,.85500002,.80839688,1.0223825,1.3388911,1.0426868,-7.6458111,9.0327196,6.484592
030671,20191,0,2.306587,.46000007,.93212259,2.3629878,1.5935563,.65880245,-5.6363912,8.992794,3.7216485
030671,20192,0,1.9992325,.18499993,.87028396,2.1530538,1.5709884,.83370572,-5.7192893,9.048315,4.2799935
030671,20193,0,2.0913157,-.075000033,.84572291,1.9538615,1.6992711,.70732909,-6.0549974,9.0272703,-.30576113
030671,20194,0,2.0466843,-.11999996,.82982612,2.036675,2.0415945,.73054647,-9.7512007,9.0034266,-2.929285
030671,20201,1,1.7952224,.34500003,.71101242,.75881493,2.1436214,.68256444,-11.125597,9.0034513,1.0657866
030671,20202,0,3.878329,.565,.82964581,.99189907,2.1285017,.50708055,-8.7883587,8.9978275,-5.0487823
030671,20203,1,2.7101002,.56999999,.82001972,1.2635777,2.8831837,.49455598,-14.584753,8.9521008,-7.5169945
030671,20204,0,1.6099621,.46250001,.77566916,1.6202632,7.3962016,.46632579,-14.084981,8.9870338,-1.6392591
030671,20211,0,1.1418567,.64249998,.67171538,3.2922978,8.4311934,.53905368,-14.187555,9.0004587,-.29930001
030671,20212,0,.94873273,1.175,.55159289,3.8495731,8.8934374,.9369517,-15.375322,9.0535698,5.5741982
030671,20213,0,.79184008,1.1224999,.58579898,4.4311309,8.1478167,.61702126,-14.262716,9.0971718,14.507109
030671,20214,0,.75744867,1.045,.64821798,4.5534129,6.8998313,.623622,-13.262753,9.132638,14.560395
030671,20221,0,1.0176626,1.0575,.59651351,5.4876256,3.1512163,.69945467,-12.550622,9.1628294,16.237089
030671,20222,0,1.4441928,1.4375,.57726038,5.6633248,5.4181252,.86512035,-13.88824,9.2216959,16.812607
030671,20223,0,1.8212268,1.6033335,.65136689,3.7826717,4.8497024,.91803092,-13.522872,9.2498207,15.2649
030671,20224,0,1.8807083,.50333327,.65104413,3.4355335,6.3094234,.90274644,-13.119205,9.2303591,9.7720404
061811,20131,0,2.3412025,2.0599999,.14821778,4.7708397,24.979282,3.0509019,-.36424398,9.2479973,25.299337
061811,20132,0,2.332108,2.286,.15904747,3.4586761,24.745945,3.5766792,.062793493,9.2851572,23.805912
061811,20133,0,2.9272954,2.6240001,.22329359,3.2308207,21.893669,4.5826516,.88133812,9.2737179,24.093904
061811,20134,0,3.0478325,3.0840001,.23422663,3.714148,19.740562,4.6896806,1.1401176,9.2997856,.8623656
061811,20141,0,2.702934,3.1080003,.22539051,2.8847175,16.7787,2.8877237,-.24421215,9.3245993,7.6601892
061811,20142,0,2.5482204,2.9399998,.23164319,2.9938707,15.500667,3.3346064,-.12668967,9.3294334,4.4276128
061811,20143,0,2.2081685,2.8140001,.23603268,2.8182127,14.122842,3.5766895,-1.8203467,9.3507919,7.7073908
061811,20144,0,2.1043077,2.7460001,.23392621,3.0164754,11.088768,3.6303294,-1.5206695,9.3533239,5.3538518
061811,20151,1,2.9093771,2.382,.24721052,2.4448771,6.2501788,2.1280637,-1.2440056,9.3546057,3.0006909
061811,20152,1,2.7987554,2.2160001,.23916695,2.6201687,2.5344281,2.3285053,.58170855,9.3279371,-.14965811
061811,20153,0,2.7915771,2.4999998,.2457284,.73743212,16.129541,2.5335281,8.1458626,9.4991684,14.837639
061811,20154,1,3.4345124,2.307143,.25912833,.47274008,10.821527,2.3603892,9.3380127,9.4622822,10.895816
061811,20161,0,4.0893416,2.1700001,.25217152,1.4698409,7.0061626,1.7731792,8.5702238,9.4409122,8.630619
061811,20162,0,3.8297706,1.7914286,.24950768,1.7325515,5.1757927,2.6671457,7.2257938,9.4578018,12.986493
061811,20163,0,3.4916303,1.5757143,.26458934,1.545271,4.3370819,2.1552465,7.8180642,9.4562159,-4.2952623
061811,20164,0,2.7987213,1.5285714,.27614394,1.3159305,4.7163744,2.1281483,6.8847599,9.4775391,1.5257115
061811,20171,0,2.4413004,1.9971428,.23678288,2.3756452,4.5404744,1.8557839,6.9690347,9.4905672,4.9654956
061811,20172,0,2.078033,1.7771429,.21871395,2.2162242,5.5564594,1.8642313,4.6185312,9.5121469,5.4345388
061811,20173,0,2.0320656,1.3028572,.23416536,2.9736669,5.393147,1.573772,5.8525085,9.5115776,5.5362062
061811,20174,0,1.7092588,1.2557143,.21370691,-2.0561564,5.9288816,2.2392437,4.7885923,9.5455551,6.801559
061811,20181,0,1.3765371,1.0757142,.18568338,3.4157953,7.658145,2.145848,5.3313675,9.5309811,4.0413575
061811,20182,0,1.516441,1.0914285,.15096702,2.9177737,8.0117683,1.8086493,-.55711567,9.54953,3.738312
061811,20183,0,1.8397007,.96857136,.18034147,2.6306608,7.7118592,2.0091274,3.0542283,9.550086,3.8508162
061811,20184,0,1.6501371,.86142856,.1974235,2.0479581,8.4083624,2.0228126,3.1603813,9.5691824,2.3627293
061811,20191,0,2.2908216,.49571431,.27467608,2.6800508,7.3069701,1.1950458,2.8385668,9.5808554,4.9874301
061811,20192,0,1.7723967,.25857139,.2179473,2.5890133,6.1154504,1.160681,8.1461372,9.6513395,10.180958
061811,20193,0,2.04406,.044999931,.22480786,2.5390041,5.6762638,1.1899952,7.5856266,9.6385193,8.8433075
061811,20194,0,1.9845632,-.008333303,.25763229,1.8527501,11.742774,1.0391405,10.229829,9.7107763,14.159425
061811,20201,0,1.7228682,.47166669,.20592676,1.3091654,12.224972,.61557591,11.606279,9.7054882,12.463263
061811,20202,0,3.7921641,.75666666,.30886099,1.6006563,12.905793,.69886076,10.835207,9.6935129,4.2173238
061811,20203,0,2.3666224,.77499998,.22126518,3.2015185,11.638721,.85099655,9.4421921,9.6680813,2.9562724
061811,20204,0,1.8913087,.67500001,.19925413,3.6317422,13.392703,1.4979936,5.6992412,9.6957493,-1.5026487
061811,20211,0,1.4701463,.88833326,.14338775,4.5071254,15.309356,1.3725548,4.221323,9.7378168,3.232887
061811,20212,0,1.332477,1.52,.14267999,5.4176493,15.583873,1.2765858,.99233687,9.7536993,6.0185857
061811,20213,0,1.3160855,1.41,.16007544,4.9029694,16.615053,1.3738034,1.4832139,9.7810602,11.297837
061811,20214,0,1.2830089,1.2800001,.18416035,4.5990405,17.72748,1.0866745,2.3949683,9.8042364,10.848639
061811,20221,0,1.6058141,1.51,.17026913,4.2885404,19.067528,1.1214585,3.0413837,9.8145256,7.6708579
061811,20222,0,1.8621024,1.8740001,.13982238,2.415791,18.178213,1.2542671,2.6858032,9.7924948,3.8795526
061811,20223,0,1.8791504,1.826,.19776347,3.0312765,13.758725,1.331075,2.3393214,9.7480898,-3.2969735
061811,20224,0,1.9408379,.63799989,.21979813,5.2823825,12.789173,1.7028425,4.1803212,9.7458506,-5.8385315
064030,20131,0,.74078768,.14,.79810506,.8290894,7.0061541,.77975506,.052449107,8.6682673,-2.7778807
064030,20132,0,5.2362695,.115,.70046252,.48615193,8.0224133,.82658249,2.2004128,8.6922512,-1.4508846
064030,20133,0,2.4764347,.089999996,.7476334,1.0022123,4.2495956,.90939355,-.07468462,8.6545019,-4.0231647
064030,20134,0,3.1644437,2.1850002,.67612225,.93040794,6.299571,.68261689,-.62163174,8.6783428,1.6960151
064030,20141,0,2.062052,2.3900001,.58474314,.65024376,6.6602998,.41869161,-.15544891,8.6882858,2.0018675
064030,20142,0,1.7712162,2.3099999,.64598083,1.2226031,5.7985678,.5670411,-.0092953444,8.6850538,-.71972424
064030,20143,0,1.6645482,2.2533333,.67367685,1.523307,5.972898,.40986085,-5.2486925,8.6970453,4.2543674
064030,20144,0,2.1178963,2.2566667,.54735178,-.59421116,2.1058991,.38107574,5.8045387,8.9330416,25.469891
064030,20151,0,2.5419044,1.99,.60756135,.42074803,4.9427118,.45617396,6.3758669,8.8971386,20.885275
064030,20152,0,2.3996584,1.6633334,.60412449,.46839011,2.3899329,.33879969,2.3511438,8.8151979,13.014399
064030,20153,0,2.5747511,2,.58709228,.88793176,6.1434827,.4436363,1.8668264,8.8286057,13.156054
064030,20154,0,3.7415676,1.8100001,.71482325,-3.7009497,6.9241819,.4098331,1.6734034,8.8309145,-10.21275
064030,20161,0,4.324533,1.605,.58337456,1.0115474,11.722385,.4467532,5.4125905,8.7326403,-16.449871
064030,20162,0,3.7374158,1.0925001,.49884915,2.2211664,15.28482,.55832291,-.65612495,8.7627468,-5.2451024
064030,20163,0,3.0884769,.90749997,.47794193,2.3741281,15.878092,.90161264,1.5961945,8.7993116,-2.9294689
064030,20164,0,2.7488177,.89999998,.48990065,.29483339,15.491409,1.1048443,1.3679773,8.8228474,-.80673343
064030,20171,0,1.6651939,1.3925,.33744878,3.1261735,13.099597,.64879727,.61775446,8.7677546,3.5114214
064030,20172,0,1.6846527,1.4266667,.36157027,2.2961247,14.421554,.64549184,-4.3350639,8.8104649,4.7718382
064030,20173,1,1.5618633,.89499998,.35946926,2.2976763,13.625566,.64159167,-1.1045247,8.8053942,.60834157
064030,20174,0,1.7069256,.87,.38052273,4.3778839,15.83114,.53426814,-1.0396361,8.8480406,2.5193541
064030,20181,0,1.2185183,.9333334,.31232023,3.319135,15.004217,.73815602,-2.3024261,8.83284,6.5085835
064030,20182,1,1.8786943,1.035,.33335334,5.1980314,14.711767,.7916891,-1.9059926,8.8497744,3.9309149
064030,20183,0,1.9612505,.91249996,.34796742,5.3084669,10.799423,.94167238,-4.7970982,8.9232607,11.78663
064030,20184,1,1.8967662,.78750008,.38467354,3.4623141,12.814411,.80674571,-4.1918278,8.9616699,11.362912
064030,20191,1,2.7350268,.34750003,.58391619,2.6523831,13.720963,.70663404,-2.9711664,8.9494381,11.659786
064030,20192,0,2.1002386,.019999895,.51129544,2.4729061,12.283803,1.083333,-2.1747172,8.9691896,11.941578
064030,20193,1,1.9156042,-.28,.61405569,1.9222405,13.82956,1.9614747,-3.2052369,8.9692764,4.6015539
064030,20194,1,2.2260814,-.31999993,.63274229,1.528657,15.302759,1.992359,-3.3401279,8.9800777,1.8407652
064030,20201,0,1.2740533,.1583333,.56050134,2.2637184,19.860809,2.6285789,-1.7842382,9.0210867,7.1648412
064030,20202,0,4.2923698,.32333332,.86889207,.90469384,17.431808,3.7114303,-3.5049586,9.0294085,6.0218821
064030,20203,0,2.2599413,.25874999,.75793791,1.1825575,18.492453,3.8690813,-4.6822605,9.0440903,7.4813447
064030,20204,0,1.4932529,.29666668,.69927377,2.1797712,14.709716,3.982069,-6.9010587,9.0615568,8.1479387
064030,20211,0,.81140792,.63714284,.56093097,4.6463127,14.771021,3.3442442,-3.9224296,9.1340599,11.297316
064030,20212,1,.73117566,1.2328571,.44728321,6.9342241,12.29441,2.7370541,-7.6006026,9.2230492,19.364027
064030,20213,0,.55361146,1.1828572,.41440934,9.2704439,10.421162,2.0082564,-6.2782912,9.2768145,23.27244
064030,20214,1,.67663145,1.0314286,.48608208,9.4530725,9.4981146,1.7730693,-6.1858835,9.3532267,29.166975
064030,20221,0,1.1609207,1.2485715,.5319255,8.8094349,9.9261408,1.271463,-4.9727917,9.4359798,30.191973
064030,20222,0,1.3529059,1.6614286,.44125912,9.2639017,9.1105242,1.2571537,-6.390059,9.4770517,25.400299
064030,20223,0,1.7094139,1.64,.62797099,6.668447,9.9049587,1.7593555,-8.726963,9.5259695,24.915501
064030,20224,1,1.5572289,.54428566,.63662565,4.5193458,14.263604,2.4502306,-8.0355625,9.5502138,19.698725
064166,20131,1,1.6110202,1.3683333,.45011479,1.462527,3.1838684,.52884233,1.4229298,9.1360331,-.31742367
064166,20132,1,1.7056246,1.525,.47013745,1.7780473,1.4356399,.59767908,3.0688314,9.1384325,-1.5490558
064166,20133,0,1.9674782,2.4425001,.4071613,4.4835625,1.6416441,.56161976,5.3370147,9.1089926,-3.8711369
064166,20134,0,1.6872191,2.6459999,.41028866,1.5974168,1.7729411,.84606743,4.3501673,9.0968962,-4.2884617
064166,20141,1,1.9055367,2.3820002,.50989151,1.1622709,2.0898526,.75994635,6.5042229,9.099185,-3.6847689
064166,20142,0,1.6848212,2.0942855,.47656018,1.3926702,1.5078534,.513089,8.5545959,9.1642962,2.5864179
064166,20143,0,1.4484441,2.0542858,.48067033,1.3221277,1.4758635,1.0454032,7.2243543,9.1857405,7.6747904
064166,20144,0,1.4269636,2.077143,.47779885,1.9385778,1.734517,.90807062,6.3346329,9.1902399,9.3343649
064166,20151,1,1.5609897,1.8485714,.4482871,.61759639,1.9439101,.56697375,4.9200802,9.1979637,9.8778772
064166,20152,0,1.4348584,1.7950001,.38384894,1.1118439,9.1774244,.57476681,11.610579,9.2698345,10.553851
064166,20153,0,1.6086528,2.23,.41232729,3.5185184,1.5432099,.53497946,4.0906787,9.181941,-.37993577
064166,20154,0,1.7842548,2.0344443,.53625244,1.8661902,1.2209648,.9330951,2.751404,9.2177134,2.7473426
064166,20161,1,1.6779579,1.7874999,.45675984,1.0238909,1.3350732,.47179285,4.4028668,9.2065334,.85690331
064166,20162,0,1.7485039,1.4299999,.45528829,1.9411707,1.2677033,.56452411,4.4752808,9.2199936,-4.9841313
064166,20163,0,1.4746923,1.2444444,.39293107,1.8992977,2.7994857,.6034227,3.1598539,9.2211819,3.9240499
064166,20164,0,1.3228832,1.1722221,.39829975,1.523641,3.9909563,1.2582326,3.3496082,9.2274923,.97793043
064166,20171,0,1.5081459,1.619,.36464909,1.6237624,3.5544555,.41584158,3.4097195,9.2202911,1.3757569
064166,20172,0,1.3594369,1.425,.34376162,1.9091898,3.6304283,.64299136,2.6980968,9.2211819,.11877662
064166,20173,0,1.2914414,1.002,.3132894,1.5829319,3.0872087,.61940813,3.5885155,9.2272959,.61144179
064166,20174,1,1.0003223,.90888888,.37618241,2.4331832,3.3528116,.78551584,2.6466279,9.2533045,2.5811641
064166,20181,1,.89583528,.77375007,.3605459,1.6852329,1.3043892,.69503951,2.9224367,9.2594166,3.9125507
064166,20182,0,1.1661928,.90300006,.37109551,2.0476859,1.1594204,.72931278,3.8540573,9.2775316,5.6350226
064166,20183,0,1.0486748,.82999998,.35079679,1.9819485,1.2282497,.75369871,1.0365874,9.282382,5.5086112
064166,20184,1,1.1020492,.75875002,.36141136,1.1560167,2.3939559,1.3744766,-.1467824,9.3043766,5.1072946
064166,20191,1,1.2219095,.36428577,.46219501,1.4905026,1.2269381,.42715621,1.6302377,9.3059235,4.650703
064166,20192,0,1.4186683,.1733333,.43842217,1.893273,3.8870738,.71207172,5.6267409,9.3873978,10.986648
064166,20193,0,1.4771901,-.12714288,.39975971,1.8282313,2.3214285,.8163265,4.4983597,9.3724594,9.0077295
064166,20194,1,1.2983215,-.14857139,.38900411,2.1050005,3.6109493,1.4310675,3.3708005,9.3942442,8.9867001
064166,20201,0,1.1862235,.34111109,.39216387,.77084792,9.2813206,.64626646,7.0160179,9.4605541,15.463096
064166,20202,0,2.326293,.57888889,.52918708,1.5353972,2.8384099,.68055445,5.1003547,9.3967371,.93388492
064166,20203,0,1.6427243,.62,.38319963,4.3725944,7.6058507,.70053887,3.7708521,9.4719353,9.9475889
064166,20204,0,.9996593,.47,.41550824,4.0938983,11.348371,1.145443,-.53753257,9.5569754,16.273108
064166,20211,0,.94267976,.74124998,.42540303,3.3437901,8.2560959,.61314702,-1.1997759,9.5486679,8.8113832
064166,20212,0,.97760206,1.4522222,.39281595,4.5294666,8.8292303,.60297179,-1.1100292,9.541872,14.513491
064166,20213,0,.82558495,1.3722222,.33798721,3.9265997,4.3542495,.69201463,1.7657876,9.4619551,-.99803543
064166,20214,0,.83463788,1.2577778,.36014175,2.8735633,7.2723255,1.061008,1.9985646,9.5157642,-4.1210957
064166,20221,0,.9440614,1.2900001,.30503201,2.6081846,6.7298508,.46286094,1.9703776,9.5186338,-3.0034461
064166,20222,0,1.2764131,1.7249999,.3874335,1.7408123,5.5051332,.56539208,.74115396,9.5061398,-3.5732441
064166,20223,0,1.475361,1.7433335,.41224572,1.923077,6.0621996,.88641828,1.756531,9.4964209,3.4466407
064166,20224,0,1.401408,.57222217,.44036263,.76382065,5.3996825,1.1116992,.96805096,9.4897127,-2.6051109
064389,20131,1,3.4692512,.63,.32929757,.77220792,14.136995,.76060945,15.639151,8.099719,10.0347
064389,20132,1,3.5179715,.72999996,.16954252,1.920506,5.117897,.90323043,21.583929,8.0390453,-9.7715416
064389,20133,0,3.4455764,1.15,.18402445,2.404876,3.5273075,.83830225,21.849808,8.0737476,-.36966836
064389,20134,0,3.6051228,1.5800002,.21117663,.72667128,4.1982155,.72386152,20.771059,8.0718737,-10.056034
064389,20141,1,3.6027002,1.51,.31723589,.94776338,4.8316483,.81292784,16.772184,8.1080456,.83267486
064389,20142,1,2.8815851,1.5899999,.2303941,1.279482,2.4198589,.95972055,18.025181,8.1429729,10.392753
064389,20143,0,2.413655,1.64,.23511526,2.2872379,3.6784332,.94169068,19.983465,8.1999855,12.623827
064389,20144,0,3.039897,1.75,.26301575,.65109789,4.018786,1.2709852,19.303942,8.1970367,12.516234
064389,20151,1,3.0092289,1.61,.28965423,1.0080135,6.7371702,1.4772131,14.928162,8.1028662,-.51797807
064389,20152,1,2.5374484,1.49,.15433303,1.2597717,3.8492758,1.4724871,21.550602,8.1177015,-2.5270646
064389,20153,0,2.4747875,1.66,.18301944,1.9937329,3.5916562,1.5094053,20.440609,8.168189,-3.1796315
064389,20154,0,2.7534614,1.47,.20105466,.75537467,2.9650168,2.4437354,19.512552,8.164628,-3.2408051
064389,20161,1,2.7584825,1.47,.27367404,.83227915,3.1304431,1.9411285,12.147805,8.0686159,-3.4250476
064389,20162,1,2.7365081,1.09,.20778,.984321,1.9682285,1.4696562,16.446817,8.1269512,.92491192
064389,20163,0,2.1759238,.89999998,.22152106,1.9630153,3.3894506,1.1200349,17.151716,8.1758785,.76889271
064389,20164,0,2.4356987,.88999999,.24623398,.67673486,2.6720119,1.1529567,14.92908,8.1609526,-.36762074
064389,20171,1,1.5527072,1.0700001,.27251545,.73766667,.78396136,1.2349377,13.643229,8.0549641,-1.3651593
064389,20172,0,2.2326138,.91999996,.14979886,.76506722,9.606039,1.1614776,22.291008,8.2024841,7.5532966
064389,20173,0,1.0760932,.57499999,.27357903,1.4788219,2.9028687,.87599075,26.262707,8.495882,32.000385
064389,20174,0,1.4901735,.56,.31348431,2.910125,3.9669871,1.0010973,26.232265,8.5214024,36.045017
064389,20181,1,1.0080072,.69000006,.31701317,.98427516,1.1523751,1.0590149,20.317278,8.4436436,38.867924
064389,20182,1,2.2721758,.81333339,.35478875,1.1173983,3.5242901,.84971452,26.380655,8.5076456,30.516106
064389,20183,0,2.0017192,.88,.37471044,1.6747906,3.5816517,.85693216,24.145279,8.5290575,3.3175812
064389,20184,0,1.8445029,.70000005,.38741338,.75505131,3.3879452,1.113776,23.36039,8.5287657,.73634493
064389,20191,1,2.2876108,.31000006,.44062266,1.020725,1.5901797,1.3483738,16.498112,8.4293003,-1.4343193
064389,20192,1,1.6958396,-.010000015,.35635972,.62856215,2.871315,1.1050501,22.462276,8.5019932,-.56523043
064389,20193,0,.8531605,-.35000002,.35283276,1.5901102,2.1783655,.9916032,21.068388,8.5391932,1.0135084
064389,20194,0,1.9722365,-.31999993,.37351009,.68671429,2.3135319,1.2632201,20.811543,8.531888,.31223205
064389,20201,1,1.7747896,.13999996,.37122923,1.1681061,4.1334734,1.3211564,14.818603,8.5033092,7.4008932
064389,20202,1,4.5664339,.29999998,.3992638,1.4139724,11.121312,.74683398,20.394844,8.6176786,11.568583
064389,20203,0,3.3596444,.18000001,.40283605,1.7707517,2.9982791,.92148882,19.242636,8.7598343,22.064137
064389,20204,0,2.5147307,.16000001,.39122427,.93139505,3.0028148,.91457999,17.825201,8.7722349,24.034708
064389,20211,1,1.7604792,.29999998,.39424211,1.125394,6.2884989,1.0560254,17.63117,8.7813387,27.802929
064389,20212,1,2.3950021,.78999996,.35213757,1.4666834,2.9516702,.85135818,15.614811,8.7705126,15.283368
064389,20213,1,1.7929318,.79999995,.38163096,1.5807103,2.451118,.73449814,15.067178,8.8134861,5.3651552
064389,20214,0,1.5744802,.50999999,.43440792,1.126574,3.5846944,.78525776,19.786695,8.9290171,15.678154
064389,20221,1,1.1454684,.89500004,.42240232,1.0922234,8.1257429,.88138402,18.124672,8.9581347,17.6796
064389,20222,1,2.7528443,1.5699999,.40452304,1.2019465,3.36641,.64673603,17.635128,8.9503269,17.981428
064389,20223,0,2.962487,1.7,.44866839,1.76142,3.1474128,.55767357,17.964777,8.971385,15.78989
064389,20224,0,2.3741965,.57000005,.45719668,.32708672,3.2397342,.71135879,17.04804,8.9252434,-.37733534
066290,20131,0,3.519974,1.5599999,.72402728,-1.5565743,12.079018,1.3641253,-22.995678,7.4768686,1.8797868
066290,20132,0,2.9288201,1.88,.54062402,.78125,14.849669,1.0890151,-21.174368,7.4322472,-.67244989
066290,20133,0,2.2547107,1.89,.52428764,1.7055988,9.0718079,1.1123471,-15.623787,7.3890696,-2.7549279
066290,20134,0,1.7361468,2.7,.5162257,1.3628014,10.143983,.91840971,-22.099436,7.4311218,-.67320436
066290,20141,0,3.0759988,1.3000001,.45662171,1.3458723,16.724855,1.9653115,-21.891768,7.4820061,.51376259
066290,20142,0,2.3965471,1.47,.51293683,1.2161927,18.60775,.91504025,-21.752707,7.4539676,2.1720259
066290,20143,0,2.036978,1.5600001,.47177914,1.841565,14.678179,1.7208066,-13.076666,7.412281,2.3211401
066290,20144,0,1.836625,1.6,.47950852,.69297624,13.49542,1.450552,-21.614758,7.4400291,.89072996
066290,20151,0,1.7993709,1.6,.41194546,1.3135154,12.455352,1.6418943,-21.357464,7.4592237,-2.2782624
066290,20152,0,1.9585526,1.45,.40385184,1.1615751,14.217679,1.4055059,-22.386505,7.4511256,-.28418171
066290,20153,0,1.8558735,1.52,.44497573,2.2572815,9.4660196,1.4077669,-13.711819,7.4073176,-.49633899
066290,20154,1,2.1945355,1.4699999,.42607316,2.052583,11.95226,1.3030443,-21.999151,7.4584169,1.8387576
066290,20161,0,2.1339982,1.55,.38574946,4.3262253,14.831975,1.3062409,-20.176819,7.4907527,3.1529036
066290,20162,0,2.4452524,.91000003,.58742046,1.0726529,14.707509,.79066682,-20.661499,7.5003085,4.9182811
066290,20163,0,1.776242,1.03,.54671884,2.2793722,9.0578194,.74586791,-10.629463,7.4241056,1.6787903
066290,20164,0,1.5933014,.82999998,.56012213,2.3765576,11.427088,.78449476,-22.030012,7.4579554,-.046136104
066290,20171,0,1.473307,1.15,.5404377,1.4550786,13.298742,1.167447,-21.26376,7.4804845,-1.026801
066290,20172,0,.954979,1.38,.57342714,1.0100447,15.094866,.93749994,-21.833141,7.4910874,-.92207509
066290,20173,0,.98949301,.95000005,.54189146,2.1292555,10.455857,1.1425273,-13.427244,7.4576092,3.3503678
066290,20174,0,1.013541,.76999992,.68495262,1.4478058,11.497944,1.2224663,-21.828444,7.4816122,2.3656588
066290,20181,0,.95249367,.47000003,.62357867,0,13.205301,1.6012983,-21.352276,7.52213,4.1645074
066290,20182,0,.908714,.61000007,.74611205,.91437173,15.226979,.84982795,-21.907616,7.5279016,3.6813974
066290,20183,1,.99389702,.65000004,.65138882,2.7974021,7.6857338,1.4642206,-13.962513,7.4703379,1.27288
066290,20184,1,.89621544,.61000013,.66594088,1.9789898,2.4246604,.81175727,-22.23601,7.5415769,5.9964952
066290,20191,1,1.1231934,.52999991,.61092091,1.1410683,2.5749774,1.2420479,-20.330318,7.5911551,6.9025331
066290,20192,0,1.6543928,.20000003,.56180429,.83084393,12.196602,.69081408,-15.125862,7.669682,14.178041
066290,20193,0,1.9510038,.050000094,.59886807,2.6820943,6.7695169,.78467888,.9696424,7.7212157,25.087753
066290,20194,0,1.8370699,-.32000002,.64485776,2.2922757,9.5657616,.69311064,-8.5882959,7.7811384,23.956152
066290,20201,0,1.6465645,.26999995,.57889825,2.6349156,14.569301,.96283376,-7.7292862,7.8335209,24.236588
066290,20202,0,1.521938,-.02,.67361313,-1.4851485,21.088329,.36641458,-7.6173096,7.8498697,18.018772
066290,20203,0,3.5800152,.54000002,.87844449,2.1854694,25.103367,.33864936,9.3729439,7.8397226,11.850686
066290,20204,0,3.1385884,.55000001,1.0365748,.086076155,21.146042,.57793993,-12.856767,7.7996302,1.849185
066290,20211,0,2.3068669,.78000003,.88541788,.27669474,20.307718,.38569573,-9.4039145,7.7770801,-5.6440802
066290,20212,0,1.28299,1.22,.77815092,-1.1937128,20.807137,.78164822,-11.142403,7.7638712,-8.5998402
066290,20213,0,1.0011386,1.6,.71218973,1.078791,17.348007,.58525503,-3.3397107,7.7361326,-10.359008
066290,20214,0,1.8058605,.71999997,.70554709,.41495571,15.591095,.58353144,-10.833383,7.7465167,-5.3113551
066290,20221,0,1.6868614,1.15,.85993928,-.094876662,11.868208,.65551144,-8.2132902,7.748805,-2.8275092
066290,20222,0,1.6515043,1.4799999,.80042845,-.50420171,8.8854494,.60150379,-6.8208275,7.7235622,-4.0308814
066290,20223,0,2.9675348,1.89,.75393623,.89628679,5.336565,.69965243,1.4919072,7.6901946,-4.5937843
066290,20224,0,2.7543139,.39999998,.77496243,.49509251,2.2670026,.60366541,-4.941967,7.7417941,-.47226101
112168,20131,0,1.3793598,1.6966667,.73136312,.63516659,.34460083,1.0949742,3.6388159,9.8841467,.33394298
112168,20132,0,1.3439817,1.89,.64707744,.28667301,.66245401,1.2576951,3.4703999,9.8852777,.93721116
112168,20133,1,1.502543,2.3599999,.62471551,.866786,.48902103,1.1474547,3.0859618,9.8921337,.93435121
112168,20134,0,1.4766724,2.827143,.64067596,1.1933824,.49076968,.96892977,3.7760825,9.8947496,.9716171
112168,20141,0,1.2110959,2.8400002,.66238558,.66418701,1.0692158,1.0712209,4.0741353,9.9009447,1.6797602
112168,20142,1,.99685353,2.6099999,.63696957,.90210408,.88597703,1.3062871,4.9438448,9.8955812,1.0303625
112168,20143,0,.92962432,2.6100001,.57987702,.93479574,.24904406,1.0575569,4.4258685,9.8972683,.51349157
112168,20144,0,.90700632,2.5,.57283163,.2516636,.56536746,.89758337,4.7782001,9.9028378,.8087855
112168,20151,1,1.4096463,2.0185714,.54093355,.8579675,.37424105,1.341694,5.3802967,9.9081764,.72322208
112168,20152,0,1.3124182,1.87125,.54124725,.92406899,.65214115,1.1149042,6.0522943,9.9327402,3.71591
112168,20153,0,1.4949623,2.1775,.56394804,1.040326,.48338863,1.1264552,6.3031197,9.9362745,3.9005897
112168,20154,1,1.5387198,1.9228572,.54260826,.82821113,.4929828,1.0273281,5.8260918,9.9423141,3.9476614
112168,20161,1,1.5004381,1.7557142,.51738787,.76152247,.15745582,1.3194214,5.5272431,9.9319391,2.3762403
112168,20162,1,1.5212325,1.4057143,.47236761,.87978113,.16261587,1.1709317,5.1967978,9.9300909,-.26499486
112168,20163,1,1.2667271,1.175,.44022787,.41510457,.20343515,1.0980655,4.9340248,9.9352474,-.10263363
112168,20164,0,1.0847808,1.0214286,.44450533,.91715586,.266193,.91522002,5.4637909,9.9360371,-.62769336
112168,20171,1,1.1254096,1.57125,.39599723,.9103424,.32865399,1.0853336,5.2063584,9.9344826,.25432709
112168,20172,1,1.0388274,1.38,.36092025,.98515224,.16119792,1.3284262,5.5989475,9.9328423,.27519161
112168,20173,1,.78651679,.87200004,.35623375,1.0755692,.17340122,1.3077343,6.1474204,9.940836,.55885088
112168,20174,1,.87185633,.95499998,.34662986,3.1715724,.30503231,1.0540084,6.5955343,9.9498272,1.3790073
112168,20181,1,.83334661,.93428576,.33275723,1.1240366,.39390931,1.2450938,8.2953959,9.9592533,2.4771113
112168,20182,1,1.0370198,1.0237501,.36182487,1.1128113,.2965602,1.3207824,9.7234488,9.9574404,2.4598107
112168,20183,0,.99319619,.92249995,.35121205,1.242236,.28910047,1.3129784,7.2767315,9.9619312,2.1094651
112168,20184,1,.94828874,.80222225,.33767879,1.4059367,.38267273,1.1741838,6.2963667,9.9712439,2.1417232
112168,20191,1,1.1109186,.40125,.34043038,1.0834066,.32613221,1.3845584,6.1301799,9.9812355,2.198199
112168,20192,1,1.0087118,.13249995,.30741745,1.154623,.31218439,1.32862,7.3670716,9.9888391,3.1398661
112168,20193,1,.95223898,-.19857146,.28588903,1.3561064,.32959342,1.4529387,7.1030169,9.9986525,3.6721294
112168,20194,1,.91233301,-.1933333,.28850186,1.2956188,.24900243,1.3381641,7.3439865,10.013646,4.2401714
112168,20201,1,.78857589,.27111113,.28706208,1.085797,.20763716,1.5288444,7.0706992,10.029407,4.8170972
112168,20202,0,1.9636691,.50999999,.33957785,.98433363,1.3383445,1.3440191,8.4293098,10.039281,5.0441542
112168,20203,0,1.0447236,.4972727,.31476596,1.139037,1.1815318,1.0264475,3.6260576,10.035668,3.7016392
112168,20204,0,.84476012,.49166664,.28267834,1.0186023,1.7585386,1.3223655,2.688092,10.048025,3.4378991
112168,20211,0,.75120848,.62285715,.27690154,1.2626952,.16301101,1.4124776,2.3658247,10.061943,3.2536945
112168,20212,1,.77129698,1.2046154,.27296442,1.4239267,.099773787,1.193845,1.7055959,10.054173,1.4891473
112168,20213,1,.63798869,1.1523076,.25089169,1.4643364,.14212799,1.2356775,3.4298062,10.082558,4.6889338
112168,20214,1,.65464765,1.0330769,.23017615,1.2816787,.16414984,1.6869364,5.0156684,10.103522,5.5497108
112168,20221,1,.79625314,1.2335715,.20344695,1.410539,.11620917,1.33881,5.3755374,10.124829,6.2886248
112168,20222,1,1.146945,1.6707143,.21487054,1.4947689,.15675178,1.2588375,4.7597556,10.121823,6.7651329
112168,20223,0,1.296378,1.6900001,.22358863,1.4776928,.42321068,.98359257,8.5233803,10.247535,16.49766
112168,20224,1,1.1773061,.56,.22190332,1.2210838,.28660962,1.8633147,7.3604107,10.25418,15.06575
128978,20131,0,1.6769946,1.65,.29678881,2.5387077,8.4520216,1.1115965,-5.8772745,7.8053799,1.6961662
128978,20132,0,1.594105,1.87,.22726913,2.6332922,10.653562,2.1310146,.030985475,7.8304009,.9416045
128978,20133,0,1.432,2.25,.2172842,3.238539,14.152288,1.8937817,-7.3684125,7.8689508,-7.9607782
128978,20134,0,1.59014,2.79,.19843787,8.5834646,14.925809,3.91448,-8.3710489,7.884994,7.9050832
128978,20141,0,1.3742087,2.8299999,.1846302,1.7324318,3.6723261,.97948563,9.8144445,8.5564089,75.102882
128978,20142,0,1.2258614,2.6700001,.2071968,1.8912991,3.5278845,1.8474725,17.706173,8.5686369,73.823563
128978,20143,0,.99976587,2.5599999,.21149439,1.9690862,3.0539925,2.01126,8.0497446,8.5762615,70.731033
128978,20144,0,1.3190192,2.02,.24683619,1.8479954,2.894959,3.1015341,6.4569502,8.5812473,69.625305
128978,20151,0,1.4722085,2.1800001,.19619918,1.6976721,2.3352342,1.0395437,7.3208332,8.5845718,2.8162522
128978,20152,0,1.5793982,1.8366667,.20352446,2.1168344,2.3470867,1.6024808,11.047989,8.5914469,2.2810273
128978,20153,0,1.7136272,2.1133332,.25997806,2.3623357,3.025934,1.4048319,5.8274627,8.5959854,1.9724673
128978,20154,0,1.6910133,1.615,.27371648,1.9217292,3.4469404,1.7815646,6.304738,8.5982571,1.7009884
128978,20161,0,1.7617679,1.83,.26713645,1.9623055,3.4855995,1.0010219,7.0827098,8.5725527,-1.2019217
128978,20162,0,1.9623827,1.4300001,.28089827,2.2172058,3.1048534,1.3180801,11.743173,8.5616503,-2.9796696
128978,20163,1,1.6803321,.90749997,.26282579,2.2526009,4.0331564,1.2518647,5.4704876,8.5747261,-2.1259909
128978,20164,0,1.4331651,.85499996,.22655767,1.9261553,4.8684578,1.4998608,8.2074852,8.6564684,5.8211145
128978,20171,0,1.3542268,1.3100001,.21887456,2.0321968,4.1422887,1.0005193,7.7154727,8.6616402,8.9087582
128978,20172,0,1.1020858,1.1374999,.21282206,2.450628,4.3467846,1.3964472,11.725882,8.673068,11.141792
128978,20173,0,1.1522661,.78999996,.18090256,2.3563492,5.4377289,1.470389,7.1546168,8.6832495,10.852387
128978,20174,1,1.1286709,.76999992,.18409134,4.4614415,6.1471329,1.9378817,6.0066581,8.7040377,4.7569776
128978,20181,0,.79721409,.83600003,.18432564,2.2605889,3.4997985,1.7426381,5.129343,8.7319012,7.0261469
128978,20182,0,.90585536,.90200007,.21533409,3.039187,1.6678067,2.7020423,10.160586,8.7225475,4.9479351
128978,20183,0,.94910336,.85600001,.22776034,3.2728481,3.1604283,2.0647285,2.095437,8.7507782,6.7528191
128978,20184,0,.86778969,.75800002,.24456161,3.1476922,4.52,2.263077,1.7552584,8.7795572,7.5519619
128978,20191,0,1.237183,.34000003,.33932993,2.8433566,5.5025344,1.199446,1.9585133,8.7902231,5.8322182
128978,20192,0,.93506688,.025999974,.2995843,2.7942152,6.385128,1.3292729,8.475709,8.8434134,12.08656
128978,20193,0,.91513193,-.30000001,.32521874,2.5415583,8.0487394,1.3131856,2.1009951,8.8642378,11.345987
128978,20194,0,.86761099,-.23199999,.3032833,1.8940078,10.266857,1.8870547,1.7278284,8.880599,10.104198
128978,20201,0,.90774351,.29166666,.29177183,1.9583185,10.605599,.97432208,.69128871,8.886796,9.6572762
128978,20202,0,1.8064671,.58599997,.38410234,.77031958,11.654145,1.0983177,5.6630554,8.9021292,5.8715959
128978,20203,0,1.2447175,.53600001,.33161014,1.9128163,12.929043,1.4067657,-.20386577,8.8917866,2.7548723
128978,20204,0,1.0038546,.44399998,.31013107,1.6764777,14.245992,2.2746384,-3.0880241,8.9055262,2.4926276
128978,20211,0,.74512362,.61399996,.2492632,2.2399507,14.5321,1.1448636,-2.7730198,8.9137115,2.6915524
128978,20212,0,.61564565,1.1179999,.26216099,2.7460589,14.384687,1.7406278,.1542598,8.9291706,2.7041376
128978,20213,1,.69100565,.94400001,.26839319,3.2683487,13.994736,1.9508444,-3.3309369,8.9455414,5.3754511
128978,20214,0,.75415981,1.0583334,.27847606,2.5084581,20.75358,2.7679937,2.5515079,9.0630922,15.756677
128978,20221,0,.91736543,1.3559999,.28028247,3.2436709,8.9934673,2.7204981,-.65881908,8.9665861,5.2874136
128978,20222,0,1.2645426,1.7540001,.25992382,3.7049327,8.7234879,2.26474,3.1009018,9.0042753,7.5104766
128978,20223,0,1.3676908,1.6760001,.30816787,3.1472557,8.9873629,2.1533222,-3.1885414,9.0288906,8.3349285
128978,20224,0,1.3912506,.54599994,.37903056,2.5358324,8.7052393,2.9612675,-2.0901351,9.0293455,-3.3746545
142230,20131,0,1.7646551,1.9466666,.15548329,2.5557759,7.4269915,2.0349691,14.944324,8.3939104,8.8673058
142230,20132,0,1.5476693,1.8050001,.12488478,3.4872901,5.3474884,2.0704482,17.215189,8.3906574,9.4162245
142230,20133,0,1.3600944,1.8833333,.1258956,2.8628316,2.9755464,2.4727054,14.257845,8.3866444,7.4020991
142230,20134,0,1.2256763,2.3100002,.12219469,4.1778097,.53918147,2.0687752,14.574963,8.4224443,10.239596
142230,20141,0,1.0248505,2.665,.11486851,5.0313931,.83008838,1.4581567,14.743486,8.4806976,8.6787519
142230,20142,0,1.1421269,2.724,.11047719,2.8434331,4.0698457,1.5327827,17.045732,8.5455437,15.48865
142230,20143,0,.92670971,2.51,.092387155,3.8760726,.58156705,1.719312,17.235693,8.5417414,15.509689
142230,20144,0,1.0427209,2.4950001,.095129199,4.7461157,.28214803,2.4325995,13.437745,8.57761,15.516603
142230,20151,0,1.3685375,2.2050002,.09953589,3.3283763,.42134854,2.3293521,12.726339,8.6156416,13.494351
142230,20152,0,1.5183473,1.9850001,.10741129,3.1648047,.96185327,2.6285088,15.199855,8.6314354,8.5891323
142230,20153,0,1.5852649,2.1700001,.11363429,4.3783941,.60582101,2.7112787,15.911325,8.6538296,11.208836
142230,20154,0,2.0980744,2.1833334,.1449879,3.4716167,.15096754,3.1827888,15.524602,8.6938629,11.625266
142230,20161,0,2.5791087,2.1185715,.13088346,3.427422,.47555542,2.3093679,17.804358,8.706419,9.0777521
142230,20162,0,2.4952347,1.5266668,.13001969,2.9388261,3.3306248,2.6690021,18.221861,8.7628517,13.14164
142230,20163,0,1.9328043,1.4571428,.11773608,3.0171347,.97377503,3.2206953,17.818493,8.7715569,11.772737
142230,20164,0,1.7967129,1.5122222,.12746651,3.0823357,4.6483526,2.2594488,19.848267,8.8421402,14.827734
142230,20171,0,1.5200146,2.0077777,.12144124,3.2890372,.95391768,2.089685,19.638638,8.8205624,11.414383
142230,20172,0,1.4791933,1.7522222,.12066821,3.0805817,.24855492,2.0496557,21.557735,8.8290625,6.6210628
142230,20173,0,1.4155056,1.3155556,.13132881,2.8640594,.14375126,1.9728825,23.045021,8.8437195,7.2162352
142230,20174,0,1.3380411,1.4299999,.13209535,3.3490081,.46619618,1.9769274,23.7917,8.8683357,2.6195459
142230,20181,0,1.3617721,1.2022222,.13165435,2.8523033,2.8772953,1.3452252,24.283192,8.9084749,8.7912331
142230,20182,0,1.3342773,1.1574999,.16065778,2.9068272,1.3664497,1.6264942,25.1574,8.9059935,7.6931171
142230,20183,0,1.4468446,1,.13666147,7.8868427,.50511372,2.0545478,25.91675,8.9277525,8.4032965
142230,20184,0,1.546199,.93750006,.16484563,4.1348834,3.4858949,2.3426116,19.046846,8.9353333,6.6997924
142230,20191,0,1.9607123,.57999998,.20301615,2.6803744,2.8174503,2.6645372,22.816408,8.9551306,4.6655407
142230,20192,0,1.6795022,.38249999,.18892553,3.2341301,.47569326,3.5849855,22.193033,8.9675741,6.1581025
142230,20193,0,1.7168049,.16249995,.1804499,3.4106557,.38227755,2.8848257,21.16996,8.9878769,6.0124354
142230,20194,0,1.7540044,.095000058,.17669193,3.4132347,1.8743269,2.685653,22.75421,9.0350561,9.9722948
142230,20201,0,1.5979539,.59399998,.1890728,3.4080732,1.0126541,2.0464156,22.929659,9.0404682,8.5338211
142230,20202,0,3.0164139,.93600005,.30614734,1.635162,1.7012683,1.4604954,25.575901,9.0100956,4.2521324
142230,20203,1,2.5121133,.97181815,.25265768,2.6112061,.34940204,.97412831,24.581453,9.0002356,1.2358611
142230,20204,1,2.2428339,.95727265,.31031185,2.259835,.27729061,.84032369,22.655716,9.00457,-3.0486774
142230,20211,1,1.6547669,1.2072728,.24266246,2.6999938,.57583392,.36540279,24.724249,9.0115213,-2.894716
142230,20212,0,1.5472122,1.9029999,.23725867,3.3997242,.53468454,.45407325,23.683611,9.0177536,.76579159
142230,20213,1,1.2900841,1.7963637,.20930655,2.8531129,3.6495399,.47093445,25.329662,9.0231266,2.2891107
142230,20214,0,1.3542918,1.5122223,.18806209,3.0281613,.7481609,.52372009,29.711481,8.9930134,-1.1556538
142230,20221,1,1.5054415,1.5930001,.19165921,2.0610211,.60149443,.5591532,29.335999,8.9909401,-2.058151
142230,20222,0,1.8833568,1.9172728,.17296857,4.3632107,1.669338,.50795215,32.502361,9.0009766,-1.6777225
142230,20223,0,1.9960821,1.7954545,.17412642,4.2348957,1.284585,.55823624,30.570538,8.9609041,-6.2222128
142230,20224,0,2.0457489,.58999991,.17744888,2.3930485,.83180833,.58482528,30.099115,8.9637108,-2.930233
145977,20131,0,2.8895156,1.14,.22969319,2.6396816,12.963483,1.3681523,-24.822992,8.4368105,23.275249
145977,20132,0,2.6026459,1.3000001,.20816101,2.4617455,8.5882101,1.0274915,-25.979525,8.4653702,16.010576
145977,20133,0,2.4712505,1.6999999,.23071869,2.1398153,10.736564,.73750776,-25.926903,8.4872055,15.173912
145977,20134,1,2.3937502,2.1850002,.24408904,.99635988,11.472913,.97209162,-24.492226,8.5060711,12.648506
145977,20141,1,1.8072178,2.3900001,.18828388,2.6546631,19.991306,1.0877172,-17.614985,8.6242113,18.740154
145977,20142,0,1.5379843,2.3099999,.18122329,1.7627537,1.0534213,.5780434,-12.306076,8.9762716,51.090134
145977,20143,0,1.2185123,2.2533333,.18505615,1.5330526,.84629887,.69354194,-13.550994,8.9833803,49.617455
145977,20144,0,1.5411378,2.0033333,.20460765,1.0557237,1.1211171,.83653665,-15.319082,8.9869137,48.084251
145977,20151,0,1.6020308,1.8000001,.17366701,1.8601526,1.3145729,.71634555,-16.670189,8.98248,35.826881
145977,20152,0,1.5884482,1.6633334,.19558722,1.841213,1.5198925,.70577085,-17.816183,9.0053673,2.9095995
145977,20153,0,1.5918797,1.8866665,.19610085,1.4749124,1.4022741,.57171541,-18.348471,9.0079641,2.4583886
145977,20154,0,1.7759178,1.6966667,.17353192,.6700331,1.2876066,.89854765,-20.423052,9.009635,2.2721281
145977,20161,1,1.806098,1.65,.22361764,1.9523231,1.116003,1.0957931,-22.753338,9.0038776,2.139708
145977,20162,0,1.8828714,1.26,.22424313,1.4764848,1.2289188,.57805681,-23.915655,9.0406151,3.5247109
145977,20163,0,1.8710798,.89999998,.23157711,1.3492576,1.2423898,.78569216,-23.846323,9.0404444,3.2480717
145977,20164,0,1.6934514,.88999999,.26093668,.74114829,1.4200718,.65773422,-25.513235,9.0377293,2.8093734
145977,20171,1,1.7342067,1.1966667,.23403899,1.2983712,1.6257061,.78507203,-24.48258,9.0258207,2.1942816
145977,20172,0,1.3998234,1.0366666,.27557194,1.0327742,1.4959322,.6772728,-25.285423,9.0393925,-.12219863
145977,20173,0,1.2092322,.64666665,.36238378,1.1377422,3.0486834,.45743877,-24.216063,9.040431,-.0013748195
145977,20174,0,1.1251124,.62999994,.43960544,2.1787331,4.2901797,.34007132,-23.497204,9.044076,.63471657
145977,20181,0,1.0075053,.74666667,.4465445,1.6119093,6.447979,.40642273,-24.427372,9.0457373,1.9916676
145977,20182,0,.95859039,.81333339,.40523645,1.3677962,7.4189959,.31736678,-24.034218,9.0612545,2.1861966
145977,20183,0,.96413064,.79666662,.36450344,1.3111002,10.21157,.4902578,-25.877836,9.0865393,4.6108289
145977,20184,0,.92092949,.68000001,.29394177,.59562975,10.811054,.98728836,-26.515154,9.101903,5.7827158
145977,20191,0,1.2176951,.3033334,.30926767,1.5762144,9.9166231,.67818147,-26.557276,9.1094866,6.3749099
145977,20192,0,.86809808,-.010000015,.2902149,1.1263807,4.8488874,.45222169,-8.4860983,9.3130331,25.177864
145977,20193,0,.93804485,-.35000002,.33230552,1.0975292,6.6358061,.51295066,-7.6057196,9.3297176,24.317802
145977,20194,0,.85304695,-.28,.29300797,.86349791,5.1655374,.90849733,-6.8147688,9.3153133,21.340975
145977,20201,1,.73765665,.10499998,.32134944,.38749969,3.7219546,.73763448,-7.1959791,9.3279924,21.850616
145977,20202,0,2.3083687,.22999999,.54744101,1.5734841,10.601204,.47323802,-.85373819,9.3986912,8.5658054
145977,20203,0,1.4740709,.029999999,.3790296,1.2361088,9.5677986,.44026881,-5.4634275,9.3868675,5.7149916
145977,20204,0,1.1487736,.1925,.35495299,.9354316,8.9219589,.62595409,-7.8596773,9.3903894,7.5076609
145977,20211,0,1.0267669,.39666662,.33296463,1.570403,7.0525141,.59870088,-7.8185229,9.3792086,5.1215878
145977,20212,0,.96837264,.82999998,.29245839,1.5056341,7.4165554,.49449435,-8.3475294,9.3816423,-1.7049283
145977,20213,0,.85906589,.81333333,.24659501,1.4343859,6.8359299,.5187214,-6.0305567,9.3791313,-.77360386
145977,20214,0,.80385226,.78333336,.24357653,.68836671,5.096395,.83154559,-4.5257449,9.381278,-.91113019
145977,20221,1,.94975913,1.0666666,.21153416,1.1463721,4.9320788,.94187325,-3.7363172,9.4087162,2.9508281
145977,20222,0,1.6119007,1.63,.23087366,1.2031013,1.1558694,.8028174,-3.2421618,9.392869,1.1226559
145977,20223,0,2.0751896,1.6666667,.26618329,.91434616,1.981807,1.0086288,-2.0416288,9.4040928,2.4962041
145977,20224,0,2.1056082,.45000002,.29061434,.8794536,1.57602,.74531329,-1.9151211,9.4036083,2.2330084
165993,20131,1,1.4216434,1.3100001,.6494959,1.0634922,3.8200107,.22878735,-1.1097103,9.5141201,-2.1798074
165993,20132,1,1.306107,1.11,.56774908,.76500815,4.3112006,.20804136,1.1644602,9.5250931,-1.4867899
165993,20133,1,1.5486773,1.6999999,.52475452,1.2530818,4.7497835,.22981651,1.9953907,9.528801,-1.3931494
165993,20134,0,1.3545747,2.1850002,.49020863,.4961803,5.6008334,.28017968,.15509427,9.5812626,6.1527328
165993,20141,1,1.1018424,2.1700001,.42259353,1.1067257,3.9218917,.27148804,-.48094392,9.5439587,2.9838855
165993,20142,1,.8217572,2.1299999,.42013976,1.2528992,5.1692605,.27608633,-.41870177,9.5659781,4.0885062
165993,20143,1,1.1125102,1.895,.41321546,1.042186,5.496233,.22990417,.53499341,9.5778131,4.9011436
165993,20144,0,.96907306,1.966,.40197191,1.3780596,4.3169327,.26813245,1.9361854,9.5590305,-2.2231822
165993,20151,1,1.4791329,1.4380001,.37199181,.76374781,3.3938224,.28855756,1.6893417,9.5833168,3.9358184
165993,20152,0,1.340482,1.346,.32676587,1.6565516,3.3724136,.2675862,2.7247071,9.5819035,1.592615
165993,20153,0,1.3902574,1.536,.36674693,1.224875,3.1209145,.17687978,1.5862435,9.5682592,-.95532715
165993,20154,1,1.9496813,1.4299999,.34544668,.74148208,3.1118286,.19241883,2.3958654,9.5601377,.11071973
165993,20161,0,1.9402275,1.3133333,.47956011,.20937386,2.6175539,.12943111,8.8025541,10.176137,59.282047
165993,20162,0,1.9139078,1.0122223,.45365462,.45781308,2.6560726,.13620885,9.2693691,10.182255,60.03511
165993,20163,0,1.4297951,.90749997,.39408591,.70118254,2.8994846,.15160704,7.85847,10.180513,61.225349
165993,20164,0,1.1238073,1.0445454,.38087529,.79207158,2.6823294,.13392515,6.4748406,10.170993,61.085468
165993,20171,0,1.1813545,1.4827273,.39078161,.49556297,2.6237948,.16902924,6.2041283,10.167044,-.90937877
165993,20172,0,1.1764655,1.2981818,.37161621,.5580802,2.8103323,.099657185,4.7908692,10.130065,-5.2189808
165993,20173,0,1.019544,.88666666,.35098839,.23227873,3.1477771,.11613937,5.773726,10.12543,-5.508266
165993,20174,0,.94468117,.86333334,.31954595,3.8445706,2.9636948,.1934634,5.2180858,10.097984,-7.3007741
165993,20181,1,.89817923,.94625002,.31982827,.74234205,2.7124035,.22025535,3.0277281,10.107122,-5.9921379
165993,20182,0,1.0464603,.95249999,.32863489,.86867446,2.9707026,.11882811,8.0889254,10.102543,-2.7521892
165993,20183,1,1.2477919,.90999997,.29714438,.64521533,2.861572,.13407072,4.607573,10.080294,-4.5136456
165993,20184,0,1.0621957,.81000012,.27994251,1.2577024,2.6673419,.050645735,4.4839234,10.072977,-2.5007555
165993,20191,1,1.4398791,.42400002,.30264506,.62263358,2.9575095,.15565839,3.6945522,10.07618,-3.0942473
165993,20192,0,1.324811,.11999996,.27050504,.63972086,2.3927221,.083080634,5.7685733,10.088846,-1.369715
165993,20193,0,1.0446064,-.15000002,.24987133,.46866918,29.690495,.2373779,21.548527,10.399981,31.968704
165993,20194,0,.89320123,-.15363632,.60397232,-.18872882,1.5588045,.077641606,-9.0438948,11.335209,126.22322
165993,20201,0,.73378861,.27899998,.57795131,.017898479,3.1871226,.065627761,-6.2912941,11.33626,126.00803
165993,20202,0,1.9989684,.56999999,.65438688,.024250066,3.5271723,.066687688,-6.3750176,11.320238,123.13923
165993,20203,0,1.0386245,.54624999,.59186178,.022990732,3.527262,.091962926,-9.9474316,11.322273,92.229233
165993,20204,0,.84020543,.53249997,.53858185,.12500751,4.609652,.092553638,-10.506988,11.328942,-.62667584
165993,20211,0,.77252215,.62499994,.5595758,-.44488442,4.8066602,.082297653,-10.472436,11.336689,.042947128
165993,20212,0,.73408812,1.03,.55461061,.41425222,3.7950847,.089896381,-11.44611,11.318333,-.19054444
165993,20213,1,.71580952,1.2411112,.55206841,.19200855,3.9920766,.060762204,-10.165496,11.317981,-.42927366
165993,20214,0,.76528287,1.092,.62510115,.35622478,4.9406295,.15546578,-7.8470287,11.310687,-1.8255655
165993,20221,0,.94954902,1.25,.71166271,.1446986,5.1645341,.13022874,-6.986517,11.325765,-1.0925138
165993,20222,1,1.5010904,1.7722223,.76637918,.3411414,4.5579939,.080051236,-7.9523563,11.304646,-1.3687031
165993,20223,1,1.5338726,1.7444445,.82572806,.3127355,5.4458675,.054006528,-8.9512644,11.285021,-3.2959971
165993,20224,1,1.5562775,.57846153,.98367673,-22.173986,5.4151716,.066396818,-8.3331184,11.26852,-4.2166905
176928,20131,0,2.0712602,.63,.27888355,2.3381102,13.958626,.71113026,-11.374286,7.5262866,-2.1689589
176928,20132,0,1.8466611,.72999996,.25709656,7.0034862,9.4802017,.44227067,-10.897076,7.5610695,-4.6957459
176928,20133,0,1.6088088,1.15,.25802565,2.1999803,13.180062,.52026558,-11.3478,7.6099615,1.5278145
176928,20134,0,1.9813212,1.5800002,.22177681,1.4471477,9.600461,.69211411,-6.2260003,7.5533915,4.1047044
176928,20141,0,2.4568021,.88999999,.18129081,2.6199074,12.392986,.46931413,-11.795515,7.5699277,4.364099
176928,20142,0,2.0859928,.96999991,.19990306,6.582469,11.474717,.35212919,-16.394262,7.6638303,10.276074
176928,20143,0,1.650649,1.025,.19213092,1.4825966,15.856941,.27371013,-15.063699,7.692615,8.2653961
176928,20144,0,1.3496324,1.15,.19408382,1.6693929,15.943423,.3800635,-10.819668,7.6394501,8.6058397
176928,20151,1,1.2145568,.61000001,.17619061,2.5716734,14.96333,.42861226,-15.300992,7.6495972,7.9669728
176928,20152,1,1.4002551,1.05,.13256781,7.2724876,13.598106,1.2011222,-13.469664,7.7324567,6.862659
176928,20153,0,1.2577949,1.165,.15965107,1.4146363,13.6903,.62919641,-12.462389,7.7698431,7.722796
176928,20154,0,1.4840193,1.08,.13983236,1.7525548,12.454882,.6001305,-4.245162,7.740447,10.099712
176928,20161,1,1.5248015,.94499999,.14697976,2.7022433,12.967369,.61182868,-10.803091,7.7637014,11.410397
176928,20162,1,2.3952374,.73000002,.1270849,6.7393026,14.045167,.57844692,-9.6890812,7.8336,10.114332
176928,20163,0,1.3680133,1.135,.13755223,1.1702201,25.272587,.25001737,-6.3433914,7.965476,19.56329
176928,20164,1,1.367376,1.115,.13014361,1.0230092,7.7320466,.43163508,.072127581,7.9869471,24.649988
176928,20171,1,1.1025537,1.7149999,.12472653,2.5578809,7.9466181,1.0716813,-1.4539123,7.9954076,23.170639
176928,20172,0,1.2221025,1.155,.11635149,5.7711287,8.3158541,1.0394818,-3.359714,8.0839453,25.034546
176928,20173,1,1.0427085,.78500009,.11314476,1.5842276,8.6100702,.94291705,-5.0051332,8.0550938,8.9618111
176928,20174,0,1.0104437,.75999999,.10971466,1.92588,8.9595289,.3814545,2.3111911,8.0785332,9.1586313
176928,20181,0,.90969342,.80000013,.10115295,3.3570263,11.280348,.39385828,-4.2788448,8.0863791,9.0971775
176928,20182,0,.89701211,.85999995,.089982808,5.9345136,10.107039,.62846154,-7.6146574,8.1561375,7.2191534
176928,20183,0,.9766382,.81999999,.081524596,2.3209369,7.9886222,.26326141,-10.995844,8.1031008,4.800674
176928,20184,1,.86665165,.755,.080304474,1.4755892,6.0561256,.36076528,-8.5147743,8.1261339,4.7600641
176928,20191,0,1.1608633,.38499999,.099134274,5.1288161,7.4460163,.29486224,-12.410066,8.1189518,3.2572422
176928,20192,1,1.1318107,.029999949,.10779525,5.0886979,8.1202631,.54967934,-13.196951,8.1892719,3.3135052
176928,20193,0,.9070642,-.255,.074625917,1.4404619,7.047698,.36333653,-4.8362732,8.2637711,16.066984
176928,20194,0,1.207497,-.31999993,.080933973,.23933083,8.4903202,.41468212,3.2211781,8.3476143,22.148027
176928,20201,1,.99501407,.22999999,.078872487,3.804224,5.3368611,.38543993,2.4505198,8.3858538,26.690176
176928,20202,0,2.3134444,.44,.11141966,4.6748753,8.1835766,.28899968,4.1620879,8.4997416,31.046951
176928,20203,0,1.245581,.375,.094266191,1.3456583,9.7570448,.29244551,2.3746967,8.4949064,23.113586
176928,20204,0,.95241833,.36500001,.093313873,1.185338,7.507843,.3326526,1.3000131,8.4658365,11.822263
176928,20211,0,.67861128,.56999993,.08130829,3.3962495,7.5252662,.23464999,-3.6952019,8.4884443,10.259018
176928,20212,1,.77053654,1.1849999,.090395145,5.0204368,6.8597207,.20050898,-8.8843975,8.5538721,5.4130416
176928,20213,0,.69773751,1.2533333,.097927094,.82760656,3.389246,.070198774,8.1812973,9.0020609,50.715412
176928,20214,0,.65291595,1.16,.090447292,.58791292,3.9522197,.069752373,17.418457,8.9907408,52.490379
176928,20221,0,.8339538,1.33,.082931414,2.1759489,3.4733858,.1306062,14.398024,9.0015926,51.314884
176928,20222,0,1.3010163,1.6833333,.10187692,2.9714353,3.3199594,.085035034,11.844951,9.0299568,47.608471
176928,20223,0,1.5852799,1.6833335,.11501607,.61698169,2.758055,.067329347,11.049667,9.0080776,.60164958
176928,20224,0,1.4618603,.50999999,.11187886,.71193731,2.8143771,.12854423,15.234908,8.9984579,.77176386
179657,20131,0,2.371063,1.65,.37187046,.62469256,5.0221348,.275455,4.32792,7.6172676,55.627655
179657,20132,0,3.1385031,.72999996,.30611432,.6771549,2.072196,.40221986,-.44260621,7.5827894,56.001045
179657,20133,0,2.8595779,1.15,.34124392,1.1804384,2.1002605,.55189335,-1.6231328,7.5791168,61.545395
179657,20134,0,2.928894,1.5800002,.3286486,1.0133786,2.1315894,.27955273,-4.5521555,7.6025014,61.086441
179657,20141,0,2.7905889,1.51,.31844017,1.6467888,3.1089375,.28943563,1.3595015,7.6028504,-1.4417253
179657,20142,0,2.445327,1.5899999,.30347714,1.6448524,2.5575447,.32596159,-5.2456708,7.5979481,1.5158695
179657,20143,0,2.1159382,1.64,.30326563,1.1850959,3.0983229,.2862308,-7.0040998,7.5965934,1.747632
179657,20144,1,2.0046265,1.75,.29861236,1.5376596,3.0231953,.2971071,-7.5564146,7.559299,-4.3202271
179657,20151,0,2.2559562,1.61,.26687837,1.6293387,2.7597919,.32905209,1.2664407,7.5412588,-6.1591954
179657,20152,0,2.1120632,1.49,.2907106,1.7950008,2.4045181,.43616843,-6.0640335,7.4890208,-10.892736
179657,20153,0,1.9886361,1.66,.31383279,1.0582891,2.5265958,.62610817,-8.3796415,7.4982052,-9.8388128
179657,20154,1,1.9581465,1.47,.36065021,1.1061335,2.6713123,.3594934,-8.7057829,7.5000319,-5.9267058
179657,20161,1,1.757678,1.47,.31443539,1.4163229,2.9900153,.14108965,1.3415098,7.5190415,-2.2217174
179657,20162,0,1.9002041,1.09,.32820857,1.5419388,2.1697638,.32646912,-2.9047132,7.5963922,10.737158
179657,20163,0,1.9453801,.89999998,.32583705,1.8559572,2.4539876,.28870443,-5.1987858,7.5702887,7.208354
179657,20164,0,1.614248,.88999999,.31785348,1.1066347,2.692641,.23458616,-6.6312642,7.5811586,8.1126976
179657,20171,0,1.257616,1.45,.26792684,1.7787719,2.5243649,.23965488,3.1149328,7.5378027,1.8761469
179657,20172,0,1.9085699,.56999993,.29026964,1.7377983,2.8892879,.26938516,-6.027916,7.5460238,-5.0368505
179657,20173,0,1.4017509,.36000004,.31190705,1.9548641,3.8329666,.39916074,-7.3293982,7.5776849,.73964071
179657,20174,1,1.247507,.34999999,.30964157,.92512137,3.4142601,.28622538,-13.502401,7.5789123,-.22463889
179657,20181,1,.99501199,.52000004,.26196891,-1.0900403,3.8972676,.24886765,-7.6512427,7.605442,6.7639241
179657,20182,0,.70064801,.57999998,.24931537,1.8045641,3.4683824,.28651854,-14.538606,7.5955882,4.9564567
179657,20183,0,.95302808,.62999994,.23813498,2.3014066,3.7029374,.55337197,-18.854069,7.5671387,-1.0546179
179657,20184,1,.81256998,.63999999,.22695015,1.5177518,3.0301404,.1930709,-20.24136,7.5308018,-4.8110609
179657,20191,0,1.0517677,.31000006,.31283543,2.0318682,3.491605,.25131002,-13.936689,7.5338006,-7.1641483
179657,20192,0,1.380789,.090000011,.29273695,1.6123043,3.150358,.22805622,-19.006889,7.5419483,-5.3640051
179657,20193,0,.84900606,-.17,.31183001,1.3064636,3.438062,.68232304,-21.051395,7.5446496,-2.2489312
179657,20194,1,2.704607,-.31999993,.39304304,-.13910078,17.921566,.28268871,-10.5495,7.7091289,17.832705
179657,20201,0,2.202714,.13999996,.44483227,-1.673943,3.2325196,.19680141,13.054824,8.3940535,86.025269
179657,20202,0,3.8305104,.29999998,.69403583,.57269669,8.9340677,.12647052,11.217791,8.3406229,79.867477
179657,20203,0,4.6818562,.18000001,.52416557,-.17370158,6.5733643,.38710639,5.804327,8.3014965,75.684731
179657,20204,0,3.0964777,.16000001,.50151664,1.9160354,7.8196316,.1404424,2.353868,8.2908945,58.176582
179657,20211,0,1.9719522,.29999998,.4019284,1.9450601,6.6595273,.14942844,2.973175,8.2978678,-9.6185989
179657,20212,0,1.9717444,1.0533333,.33931169,1.0313752,8.8662529,.26039672,-5.1129966,8.2731066,-6.7516198
179657,20213,0,1.4821026,1.0266666,.37046283,1.3622628,11.831872,.45078519,-5.8528366,8.3033562,.18593587
179657,20214,0,1.3752214,.99000001,.38785633,1.2204539,11.143491,.24160002,-4.3901501,8.2977676,.68730509
179657,20221,0,1.2001241,1.25,.32382071,1.3593352,11.220147,.25784811,1.7191052,8.2926989,-.51686156
179657,20222,0,2.3673928,1.61,.39049259,1.200492,10.97171,.30750307,-5.1688404,8.3101692,3.7062161
179657,20223,1,2.5280719,1.62,.383439,1.4587667,7.3323579,.45714873,-2.3279428,8.2671156,-3.6241059
179657,20224,1,2.2465889,.56333333,.43835211,1.1764706,6.1435037,.3956044,-2.2323279,8.2603636,-3.7404139
183366,20131,1,2.0826676,1.65,2.801301,.10471204,13.403141,.56282723,-18.162291,8.9411526,1.7561685
183366,20132,1,1.8195355,1.87,2.3817546,1.4504014,11.408961,.63455063,-17.271559,8.951829,2.0937693
183366,20133,1,1.7661128,2.25,2.5772169,.71363693,12.404307,.75256258,-16.697403,8.9498844,.33792597
183366,20134,0,1.5006477,2.79,2.5041399,.40665901,15.834287,1.0420638,-16.708738,8.970686,1.7046232
183366,20141,0,1.3167374,2.8299999,2.1676137,.68484771,8.8907909,.50140637,-13.971564,9.0090809,6.7927732
183366,20142,0,1.6729046,2.1299999,2.0439384,.90508807,10.946673,.8561644,-14.065645,9.0089579,5.7129636
183366,20143,1,1.3724021,2.0999999,1.8457865,.39935106,8.5610886,.71134406,-16.310844,8.9888201,3.8936217
183366,20144,0,1.328721,2.1299999,1.8737949,2.2555459,4.8085265,1.0534143,-14.26274,8.9957848,2.5098569
183366,20151,0,1.3800049,1.895,1.9773088,.27017069,15.080437,.74910969,-15.108549,9.0049143,-.41666725
183366,20152,1,1.2999383,1.75,2.0766323,.50575298,12.441523,.77127326,-13.244517,8.9757566,-3.3201683
183366,20153,0,1.4330903,2,2.2142775,.31879625,12.68809,.80336648,-14.499946,8.9672489,-2.1571319
183366,20154,0,1.7569914,1.8100001,2.5977719,.48227319,10.388426,1.0948905,-13.875684,8.9453325,-5.0452223
183366,20161,1,1.6481867,1.74,2.8634009,.447604,9.0968933,.50026327,-14.498552,8.9353771,-6.9536872
183366,20162,0,2.3351107,1.26,3.102001,.84820867,12.761108,.59501201,-11.305256,8.9744911,-.12651823
183366,20163,0,1.8431257,1.0566666,3.29229,.80456787,11.562419,.71372956,-14.654515,8.9497547,-1.7494658
183366,20164,1,1.5207378,1.04,3.4267318,.53615797,10.343925,.9284687,-14.660984,8.9420691,-.32639235
183366,20171,1,1.4387021,1.6266667,2.0966599,.70976901,9.0850439,.64524454,-13.500484,8.9553194,1.9942009
183366,20172,0,1.2163242,1.4266667,1.7253093,1.3268067,7.6001549,1.0691743,-11.567494,8.9571238,-1.7367313
183366,20173,1,1.0452081,.93000001,1.9411328,.22781926,11.277054,.9998734,-11.545452,8.9747448,2.4990087
183366,20174,0,.96631247,.90333337,1.2463294,2.709579,9.7061443,1.0940084,-8.4934549,8.9696693,2.7600412
183366,20181,0,.80164856,.9333334,.94575125,5.3571429,10.245047,.78206462,-13.85781,8.9453325,-.9986465
183366,20182,0,1.0200697,.88333338,1.1389364,.96406657,20.833855,.76374108,-12.721877,8.9855709,2.8446364
183366,20183,1,1.1138067,.83999997,1.0875829,3.2394753,14.160744,1.0114816,-8.8603821,8.8978186,-7.6925607
183366,20184,0,1.1035675,.78500009,1.1423495,.56965303,16.235111,1.3205593,-11.498165,8.9520874,-1.758146
183366,20191,1,1.5119601,.34750003,1.2604126,.8242836,9.4073009,.86353523,-9.1168299,8.9415455,-.37871414
183366,20192,0,1.2743499,.029999945,1.2843893,1.0703174,8.9607964,.99564409,-6.2301102,8.9915619,.59917796
183366,20193,0,1.232139,-.285,1.2528098,3.6624599,8.5498638,1.2125711,-6.4273834,8.9973946,9.9575634
183366,20194,0,1.0541487,-.26749995,1.3661053,3.9488251,11.514332,1.5377046,-7.6101484,9.0031929,5.1105552
183366,20201,1,.9357096,.16749999,1.2060231,-1.2237139,13.199477,.65343946,-6.4062653,9.0380087,9.646327
183366,20202,0,4.8863153,.26999998,2.1318932,-2.8440588,15.425404,.39768618,-1.0990292,9.0237694,3.2207522
183366,20203,0,2.981457,.25833333,1.9444623,-1.8764569,17.762238,.18648018,-3.4936934,9.057189,5.9794545
183366,20204,0,2.8039985,.296,1.6292722,-2.200542,22.764229,.19512194,-.41643381,9.1296721,12.647926
183366,20211,0,1.8508945,.39666662,1.1049848,-3.3300471,20.736116,.20812795,.33928752,9.1192112,8.1202688
183366,20212,0,1.54414,.81833333,.95014155,-.10263429,18.668036,.20526858,.6208837,9.0789776,5.5208254
183366,20213,0,1.4560345,.67833334,.91051757,1.3389869,19.582684,.31243026,-.74155629,9.100749,4.3559504
183366,20214,0,1.4142053,.57374996,.93077046,-.30600402,29.439697,.48538569,-1.3999134,9.1566229,2.6950619
183366,20221,0,1.3159939,.85625005,.73654616,-.57922721,9.8706656,.34118861,-.62437356,9.4416904,32.247871
183366,20222,0,1.4725357,1.4762499,.7328729,1.6234534,10.654898,.48073134,-2.7308166,9.4484911,36.951271
183366,20223,0,1.5610108,1.44375,.95152164,.22134387,15.873517,.30039525,-3.6402135,9.4454126,34.466381
183366,20224,0,1.0545427,.66714281,.84737635,2.3705852,13.949363,.47572973,-1.4765054,9.4256134,26.898994
186989,20131,0,1.4699641,2.23,.55038881,2.6631892,17.852551,.71630609,-19.235975,10.211818,5.5821767
186989,20132,0,1.3062236,2.47,.40500146,1.9270139,15.393364,.7441588,-21.183714,10.334393,19.559616
186989,20133,0,1.4228371,2.8000002,.51179922,.56575185,10.335073,1.0405792,-21.431692,10.298734,18.494495
186989,20134,0,2.3097384,2.6750002,.53826505,2.1583974,6.9579015,1.6308658,-21.321344,10.275154,8.7127361
186989,20141,1,1.8640686,2.665,.39549914,.70107448,8.074687,.94063765,-22.26572,10.253616,4.1798635
186989,20142,0,1.546013,2.5799997,.40525538,2.9321992,7.4282384,1.0357008,-21.514004,10.280519,-5.3874068
186989,20143,1,1.385011,2.51,.46788117,2.2875817,7.2337961,1.3037854,-22.578487,10.287933,-1.0800667
186989,20144,1,1.6321971,2.796,.45078754,2.516953,5.8476582,1.6653525,-12.359068,10.364229,8.9075127
186989,20151,1,2.1278191,2.438,.42051828,2.9251478,4.9179254,1.2770847,-10.513806,10.324169,7.0553513
186989,20152,0,1.9417696,2.26,.40556636,2.7367306,6.8848982,1.2424624,-10.079958,10.315001,3.4482107
186989,20153,0,1.9290632,2.654,.40934369,3.0926826,6.1364303,1.6735719,-10.708219,10.330485,4.2552524
186989,20154,1,2.3775036,2.4819999,.49448162,.62000597,6.7769637,2.3905044,-10.512146,10.314305,-4.9924698
186989,20161,0,2.5579562,2.0825,.48413506,.0023193785,2.6348138,1.727937,-5.0557852,10.671626,34.745659
186989,20162,0,3.6627705,1.69125,.655604,1.9181954,.73758322,1.642799,-6.2457113,10.639647,32.464535
186989,20163,0,2.7024832,1.49,.67952639,.32855234,3.9743502,1.6223688,-9.8799677,10.694963,36.447727
186989,20164,0,2.3609409,1.4387499,.63157052,.52433419,1.6376783,1.7208325,-9.2025013,10.675746,36.144127
186989,20171,1,2.0029895,1.9624999,.51235187,.067547791,2.0084209,1.3734717,-11.140709,10.701287,2.9661255
186989,20172,0,1.7939978,1.7449999,.48971462,1.0541018,4.7292724,1.4294755,-7.5411291,10.732498,9.2851448
186989,20173,1,1.7640312,1.20125,.46652284,1.9869298,3.1905298,1.4588422,-6.5612435,10.724302,2.9339011
186989,20174,1,1.6954236,1.0587499,.45662799,4.3071399,4.4609666,1.7177286,-5.3501072,10.753767,7.8020439
186989,20181,1,1.5437752,1.0757142,.39543313,.075437844,6.1471648,1.5393398,-4.9167514,10.800534,9.9246798
186989,20182,0,1.5490233,1.0757142,.43159816,2.0947504,9.2466841,1.4117227,5.7921796,10.827032,9.453414
186989,20183,1,1.6490228,.95285708,.46223733,1.4245399,9.6721821,1.6410238,1.3028979,10.853909,12.960705
186989,20184,1,1.4822421,.86428577,.42160389,1.7932906,9.4190187,2.3816257,3.98809,10.878632,12.486525
186989,20191,1,2.0013628,.53285712,.86294669,-.0075317412,1.8560361,1.33527,-2.1089613,11.43971,63.917511
186989,20192,1,1.6300209,.30428573,.84648675,1.1468745,.94155705,1.2215356,1.2155086,11.476635,64.960297
186989,20193,1,1.5495303,-.039230812,.93010026,1.1300776,1.2890109,1.4489763,.40632486,11.481394,62.74844
186989,20194,0,1.6620966,-.065714248,.85390204,.45140055,1.5569752,1.5804114,1.1705637,11.49414,61.550819
186989,20201,0,1.4330003,.34357142,.86767811,-9.3692932,1.5514022,1.0775599,.51030517,11.498381,5.8670793
186989,20202,0,5.5102777,.6718182,1.5282332,.010426683,1.9625334,.98242527,8.2266178,11.365782,-11.0853
186989,20203,0,2.5349076,.5953846,.98330683,-1.0473679,1.2920691,.49649501,-3.2453477,11.345607,-13.578671
186989,20204,0,2.1569617,.61500001,1.1604707,.33920497,.73791957,.54391813,3.6713421,11.33881,-15.532997
186989,20211,0,1.7121751,.73749995,.84430391,-.28417766,.48850375,.35698348,1.5784383,11.352263,-14.611655
186989,20212,0,1.5257667,1.2308333,.61983454,9.8233137,.72128421,.34852454,2.5460749,11.369644,.38619909
186989,20213,0,1.1093469,1.2063637,.73156232,.7359491,18.300106,.3997879,-4.5006752,11.454236,10.862967
186989,20214,0,1.1473508,1.1227274,.71371228,.8667413,14.81075,.53863382,-1.1577874,11.399756,6.0946622
186989,20221,1,1.3605204,1.3299999,.6654231,.98977423,12.696052,.57980859,-1.1729568,11.354785,.25215369
186989,20222,0,1.8452652,1.8255556,.50085771,6.457252,11.651201,.54754156,-.6351918,11.418087,4.8443341
186989,20223,0,1.8740978,1.7677778,.59057635,4.6280122,13.768259,.7246452,-2.423048,11.479752,2.5514767
186989,20224,0,1.7882583,.61444438,.53371483,3.7025888,12.414432,.80941868,3.960675,11.40416,.44023892
